CAMPAIGN-START 2026-09-22T07:32:20Z
steal over the run: 1 ticks
2060 timed samples in 233.5s -> /work/timed/one-thread.json
not timed: layered-16384.edges pagerank neo4j-graph: no agreeing parity row at this concurrency
not timed: layered-65536.edges pagerank neo4j-graph: no agreeing parity row at this concurrency
not timed: path-16384.edges pagerank neo4j-graph: no agreeing parity row at this concurrency
not timed: path-65536.edges pagerank neo4j-graph: no agreeing parity row at this concurrency
hub-16384.edges      bfs        grust#1                         first  iters    -  total    1.5151 ± 0.0065  per-iter -  build 17.22  minflt 36  steal 0
hub-16384.edges      bfs        grust#1                         second iters    -  total    1.4634 ± 0.0276  per-iter -  build 17.22  minflt 0  steal 0
hub-16384.edges      bfs        grust#unset                     first  iters    -  total    1.5133 ± 0.0054  per-iter -  build 16.81  minflt 36  steal 0
hub-16384.edges      bfs        grust#unset                     second iters    -  total    1.4413 ± 0.0124  per-iter -  build 16.81  minflt 0  steal 0
hub-16384.edges      bfs        grust-next@counted#1            first  iters    -  total    1.5289 ± 0.0015  per-iter -  build 9.67  minflt 32  steal 0
hub-16384.edges      bfs        grust-next@counted#1            second iters    -  total    1.4636 ± 0.0023  per-iter -  build 9.67  minflt 0  steal 0
hub-16384.edges      bfs        grust-next@counted#unset        first  iters    -  total    1.5522 ± 0.0033  per-iter -  build 12.58  minflt 36  steal 0
hub-16384.edges      bfs        grust-next@counted#unset        second iters    -  total    1.4436 ± 0.0019  per-iter -  build 12.58  minflt 0  steal 0
hub-16384.edges      bfs        grust-next@counted+eager#1      first  iters    -  total    1.5442 ± 0.0129  per-iter -  build 11.18  minflt 32  steal 0
hub-16384.edges      bfs        grust-next@counted+eager#1      second iters    -  total    1.4439 ± 0.0005  per-iter -  build 11.18  minflt 0  steal 0
hub-16384.edges      bfs        grust-next@counted+eager#unset  first  iters    -  total    1.5901 ± 0.0105  per-iter -  build 13.89  minflt 64  steal 0
hub-16384.edges      bfs        grust-next@counted+eager#unset  second iters    -  total    1.4623 ± 0.0189  per-iter -  build 13.89  minflt 0  steal 0
hub-16384.edges      bfs        grust-next@unchecked#1          first  iters    -  total    0.8046 ± 0.0118  per-iter -  build 7.25  minflt 32  steal 0
hub-16384.edges      bfs        grust-next@unchecked#1          second iters    -  total    0.7149 ± 0.0087  per-iter -  build 7.25  minflt 0  steal 0
hub-16384.edges      bfs        grust-next@unchecked#unset      first  iters    -  total    0.8220 ± 0.0131  per-iter -  build 7.77  minflt 36  steal 0
hub-16384.edges      bfs        grust-next@unchecked#unset      second iters    -  total    0.7059 ± 0.0046  per-iter -  build 7.77  minflt 0  steal 0
hub-16384.edges      bfs        grust-next@work-uncounted#1     first  iters    -  total    0.9516 ± 0.0020  per-iter -  build 7.85  minflt 32  steal 0
hub-16384.edges      bfs        grust-next@work-uncounted#1     second iters    -  total    0.8555 ± 0.0148  per-iter -  build 7.85  minflt 0  steal 0
hub-16384.edges      bfs        grust-next@work-uncounted#unset first  iters    -  total    0.9478 ± 0.0114  per-iter -  build 8.57  minflt 36  steal 0
hub-16384.edges      bfs        grust-next@work-uncounted#unset second iters    -  total    0.8394 ± 0.0047  per-iter -  build 8.57  minflt 0  steal 0
hub-16384.edges      bfs        grustcat                               iters    -  total    0.5821 ± 0.0024  per-iter -  build 77.71  minflt 1  steal 0
hub-16384.edges      bfs        icebug                                 iters    -  total    1.3990 ± 0.0018  per-iter -  build 9.21  minflt 58  steal 0
hub-16384.edges      bfs        icecat                                 iters    -  total    0.8106 ± 0.0093  per-iter -  build 6.20  minflt 96  steal 0
hub-16384.edges      pagerank   grust#1                         first  iters   17  total   11.5150 ± 0.0359  per-iter 0.6774  build 16.92  minflt 384  steal 0
hub-16384.edges      pagerank   grust#1                         second iters   17  total    9.6026 ± 0.0138  per-iter 0.5649  build 16.92  minflt 0  steal 0
hub-16384.edges      pagerank   grust#unset                     first  iters   17  total   50.6206 ± 0.0298  per-iter 2.9777  build 17.86  minflt 128  steal 0
hub-16384.edges      pagerank   grust#unset                     second iters   17  total   50.4001 ± 0.0086  per-iter 2.9647  build 17.86  minflt 32  steal 0
hub-16384.edges      pagerank   grust-next@counted#1            first  iters   17  total    8.1936 ± 0.0012  per-iter 0.4820  build 11.88  minflt 96  steal 0
hub-16384.edges      pagerank   grust-next@counted#1            second iters   17  total    7.9785 ± 0.0037  per-iter 0.4693  build 11.88  minflt 0  steal 0
hub-16384.edges      pagerank   grust-next@counted#unset        first  iters   17  total   23.3613 ± 0.0471  per-iter 1.3742  build 12.61  minflt 128  steal 0
hub-16384.edges      pagerank   grust-next@counted#unset        second iters   17  total   23.1642 ± 0.0390  per-iter 1.3626  build 12.61  minflt 32  steal 0
hub-16384.edges      pagerank   grust-next@counted+eager#1      first  iters   17  total    8.1776 ± 0.0252  per-iter 0.4810  build 11.26  minflt 96  steal 0
hub-16384.edges      pagerank   grust-next@counted+eager#1      second iters   17  total    7.9684 ± 0.0114  per-iter 0.4687  build 11.26  minflt 0  steal 0
hub-16384.edges      pagerank   grust-next@counted+eager#unset  first  iters   17  total   23.3758 ± 0.0086  per-iter 1.3750  build 14.52  minflt 128  steal 0
hub-16384.edges      pagerank   grust-next@counted+eager#unset  second iters   17  total   23.1638 ± 0.0141  per-iter 1.3626  build 14.52  minflt 32  steal 0
hub-16384.edges      pagerank   grust-next@unchecked#1          first  iters   17  total    7.4369 ± 0.0100  per-iter 0.4375  build 9.14  minflt 96  steal 0
hub-16384.edges      pagerank   grust-next@unchecked#1          second iters   17  total    7.2388 ± 0.0066  per-iter 0.4258  build 9.14  minflt 0  steal 0
hub-16384.edges      pagerank   grust-next@unchecked#unset      first  iters   17  total   13.6567 ± 0.0269  per-iter 0.8033  build 8.36  minflt 128  steal 0
hub-16384.edges      pagerank   grust-next@unchecked#unset      second iters   17  total   13.4358 ± 0.0505  per-iter 0.7903  build 8.36  minflt 32  steal 0
hub-16384.edges      pagerank   grust-next@work-uncounted#1     first  iters   17  total    7.6592 ± 0.0074  per-iter 0.4505  build 9.35  minflt 96  steal 0
hub-16384.edges      pagerank   grust-next@work-uncounted#1     second iters   17  total    7.4445 ± 0.0067  per-iter 0.4379  build 9.35  minflt 0  steal 0
hub-16384.edges      pagerank   grust-next@work-uncounted#unset first  iters   17  total   14.0746 ± 0.0207  per-iter 0.8279  build 8.59  minflt 128  steal 0
hub-16384.edges      pagerank   grust-next@work-uncounted#unset second iters   17  total   13.9484 ± 0.0344  per-iter 0.8205  build 8.59  minflt 32  steal 0
hub-16384.edges      pagerank   grustcat                               iters   17  total    7.2762 ± 0.0383  per-iter 0.4280  build 78.10  minflt 0  steal 0
hub-16384.edges      pagerank   icebug                                 iters   12  total    7.6104 ± 0.1000  per-iter 0.6342  build 9.21  minflt 107  steal 0
hub-16384.edges      pagerank   icecat                                 iters   17  total    8.4838 ± 0.0027  per-iter 0.4990  build 6.18  minflt 129  steal 0
hub-16384.edges      pagerank   neo4j-graph                            iters   36  total   13.0923 ± 0.0293  per-iter 0.3637  build 7.63  minflt 22  steal 0
hub-16384.edges      triangles  grust#1                         first  iters    -  total   17.4327 ± 0.0191  per-iter -  build 19.35  minflt 927  steal 0
hub-16384.edges      triangles  grust#1                         second iters    -  total   15.5759 ± 0.0269  per-iter -  build 19.35  minflt 32  steal 0
hub-16384.edges      triangles  grust#unset                     first  iters    -  total   17.4493 ± 0.0707  per-iter -  build 19.90  minflt 927  steal 0
hub-16384.edges      triangles  grust#unset                     second iters    -  total   15.5568 ± 0.0601  per-iter -  build 19.90  minflt 32  steal 0
hub-16384.edges      triangles  grust-next@counted#1            first  iters    -  total   16.5140 ± 0.0389  per-iter -  build 12.76  minflt 417  steal 0
hub-16384.edges      triangles  grust-next@counted#1            second iters    -  total   16.1877 ± 0.0500  per-iter -  build 12.76  minflt 511  steal 0
hub-16384.edges      triangles  grust-next@counted#unset        first  iters    -  total   16.5496 ± 0.0453  per-iter -  build 16.29  minflt 417  steal 0
hub-16384.edges      triangles  grust-next@counted#unset        second iters    -  total   16.1555 ± 0.0831  per-iter -  build 16.29  minflt 543  steal 0
hub-16384.edges      triangles  grust-next@counted+eager#1      first  iters    -  total   16.5308 ± 0.0286  per-iter -  build 13.08  minflt 417  steal 0
hub-16384.edges      triangles  grust-next@counted+eager#1      second iters    -  total   16.1537 ± 0.0592  per-iter -  build 13.08  minflt 511  steal 0
hub-16384.edges      triangles  grust-next@counted+eager#unset  first  iters    -  total   16.4604 ± 0.0128  per-iter -  build 16.30  minflt 417  steal 0
hub-16384.edges      triangles  grust-next@counted+eager#unset  second iters    -  total   16.1228 ± 0.0271  per-iter -  build 16.30  minflt 543  steal 0
hub-16384.edges      triangles  grust-next@unchecked#1          first  iters    -  total   16.1500 ± 0.1499  per-iter -  build 10.92  minflt 416  steal 0
hub-16384.edges      triangles  grust-next@unchecked#1          second iters    -  total   15.8304 ± 0.0125  per-iter -  build 10.92  minflt 512  steal 0
hub-16384.edges      triangles  grust-next@unchecked#unset      first  iters    -  total   16.1222 ± 0.0149  per-iter -  build 11.62  minflt 417  steal 0
hub-16384.edges      triangles  grust-next@unchecked#unset      second iters    -  total   15.7026 ± 0.0839  per-iter -  build 11.62  minflt 543  steal 0
hub-16384.edges      triangles  grust-next@work-uncounted#1     first  iters    -  total   16.3061 ± 0.0984  per-iter -  build 11.06  minflt 416  steal 0
hub-16384.edges      triangles  grust-next@work-uncounted#1     second iters    -  total   15.9353 ± 0.0301  per-iter -  build 11.06  minflt 512  steal 0
hub-16384.edges      triangles  grust-next@work-uncounted#unset first  iters    -  total   16.2419 ± 0.1291  per-iter -  build 11.69  minflt 417  steal 0
hub-16384.edges      triangles  grust-next@work-uncounted#unset second iters    -  total   15.8957 ± 0.0745  per-iter -  build 11.69  minflt 543  steal 0
hub-16384.edges      triangles  neo4j-graph                            iters    -  total    7.9507 ± 0.0603  per-iter -  build 7.67  minflt 4  steal 0
hub-16384.edges      wcc        grust#1                         first  iters    -  total    1.5433 ± 0.0108  per-iter -  build 17.51  minflt 33  steal 0
hub-16384.edges      wcc        grust#1                         second iters    -  total    1.6912 ± 0.0073  per-iter -  build 17.51  minflt 31  steal 0
hub-16384.edges      wcc        grust#unset                     first  iters    -  total    4.1375 ± 0.0021  per-iter -  build 17.01  minflt 33  steal 0
hub-16384.edges      wcc        grust#unset                     second iters    -  total    4.1343 ± 0.0028  per-iter -  build 17.01  minflt 31  steal 0
hub-16384.edges      wcc        grust-next@counted#1            first  iters    -  total    1.4835 ± 0.0090  per-iter -  build 9.76  minflt 32  steal 0
hub-16384.edges      wcc        grust-next@counted#1            second iters    -  total    1.4531 ± 0.0103  per-iter -  build 9.76  minflt 16  steal 0
hub-16384.edges      wcc        grust-next@counted#unset        first  iters    -  total    4.0870 ± 0.0045  per-iter -  build 12.54  minflt 32  steal 0
hub-16384.edges      wcc        grust-next@counted#unset        second iters    -  total    4.0886 ± 0.0034  per-iter -  build 12.54  minflt 30  steal 0
hub-16384.edges      wcc        grust-next@counted+eager#1      first  iters    -  total    1.4799 ± 0.0017  per-iter -  build 11.13  minflt 32  steal 0
hub-16384.edges      wcc        grust-next@counted+eager#1      second iters    -  total    1.4968 ± 0.0079  per-iter -  build 11.13  minflt 32  steal 0
hub-16384.edges      wcc        grust-next@counted+eager#unset  first  iters    -  total    4.0888 ± 0.0037  per-iter -  build 13.88  minflt 32  steal 0
hub-16384.edges      wcc        grust-next@counted+eager#unset  second iters    -  total    4.0825 ± 0.0057  per-iter -  build 13.88  minflt 31  steal 0
hub-16384.edges      wcc        grust-next@unchecked#1          first  iters    -  total    0.5971 ± 0.0058  per-iter -  build 7.91  minflt 32  steal 0
hub-16384.edges      wcc        grust-next@unchecked#1          second iters    -  total    0.5525 ± 0.0031  per-iter -  build 7.91  minflt 16  steal 0
hub-16384.edges      wcc        grust-next@unchecked#unset      first  iters    -  total    1.2618 ± 0.0081  per-iter -  build 8.22  minflt 32  steal 0
hub-16384.edges      wcc        grust-next@unchecked#unset      second iters    -  total    1.2599 ± 0.0060  per-iter -  build 8.22  minflt 31  steal 0
hub-16384.edges      wcc        grust-next@work-uncounted#1     first  iters    -  total    0.8033 ± 0.0072  per-iter -  build 7.47  minflt 32  steal 0
hub-16384.edges      wcc        grust-next@work-uncounted#1     second iters    -  total    0.7724 ± 0.0074  per-iter -  build 7.47  minflt 16  steal 0
hub-16384.edges      wcc        grust-next@work-uncounted#unset first  iters    -  total    1.5039 ± 0.0021  per-iter -  build 8.63  minflt 32  steal 0
hub-16384.edges      wcc        grust-next@work-uncounted#unset second iters    -  total    1.5216 ± 0.0011  per-iter -  build 8.63  minflt 30  steal 0
hub-16384.edges      wcc        grustcat                               iters    -  total    0.6062 ± 0.0053  per-iter -  build 78.30  minflt 1  steal 0
hub-16384.edges      wcc        icebug                                 iters    -  total    1.8875 ± 0.0117  per-iter -  build 9.01  minflt 69  steal 0
hub-16384.edges      wcc        icecat                                 iters    -  total    0.9054 ± 0.0115  per-iter -  build 5.75  minflt 66  steal 0
hub-16384.edges      wcc        neo4j-graph                            iters    -  total    0.9881 ± 0.0019  per-iter -  build 7.53  minflt 0  steal 0
hub-65536.edges      bfs        grust#1                         first  iters    -  total    5.9003 ± 0.0227  per-iter -  build 69.95  minflt 146  steal 0
hub-65536.edges      bfs        grust#1                         second iters    -  total    5.2907 ± 0.0106  per-iter -  build 69.95  minflt 0  steal 0
hub-65536.edges      bfs        grust#unset                     first  iters    -  total    6.9720 ± 0.1297  per-iter -  build 70.66  minflt 144  steal 0
hub-65536.edges      bfs        grust#unset                     second iters    -  total    6.2602 ± 0.0032  per-iter -  build 70.66  minflt 0  steal 0
hub-65536.edges      bfs        grust-next@counted#1            first  iters    -  total    6.2526 ± 0.0674  per-iter -  build 40.18  minflt 130  steal 0
hub-65536.edges      bfs        grust-next@counted#1            second iters    -  total    5.4701 ± 0.0557  per-iter -  build 40.18  minflt 0  steal 0
hub-65536.edges      bfs        grust-next@counted#unset        first  iters    -  total    7.3961 ± 0.0568  per-iter -  build 49.79  minflt 144  steal 0
hub-65536.edges      bfs        grust-next@counted#unset        second iters    -  total    6.3894 ± 0.0098  per-iter -  build 49.79  minflt 0  steal 0
hub-65536.edges      bfs        grust-next@counted+eager#1      first  iters    -  total    6.0689 ± 0.0011  per-iter -  build 47.13  minflt 194  steal 0
hub-65536.edges      bfs        grust-next@counted+eager#1      second iters    -  total    5.4699 ± 0.0328  per-iter -  build 47.13  minflt 0  steal 0
hub-65536.edges      bfs        grust-next@counted+eager#unset  first  iters    -  total    7.1713 ± 0.0475  per-iter -  build 58.24  minflt 256  steal 0
hub-65536.edges      bfs        grust-next@counted+eager#unset  second iters    -  total    6.4356 ± 0.0391  per-iter -  build 58.24  minflt 0  steal 0
hub-65536.edges      bfs        grust-next@unchecked#1          first  iters    -  total    5.9712 ± 0.1014  per-iter -  build 32.75  minflt 130  steal 0
hub-65536.edges      bfs        grust-next@unchecked#1          second iters    -  total    5.1471 ± 0.0150  per-iter -  build 32.75  minflt 0  steal 0
hub-65536.edges      bfs        grust-next@unchecked#unset      first  iters    -  total    5.2741 ± 0.0467  per-iter -  build 33.65  minflt 144  steal 0
hub-65536.edges      bfs        grust-next@unchecked#unset      second iters    -  total    4.2802 ± 0.0280  per-iter -  build 33.65  minflt 0  steal 0
hub-65536.edges      bfs        grust-next@work-uncounted#1     first  iters    -  total    6.0691 ± 0.0726  per-iter -  build 32.32  minflt 130  steal 0
hub-65536.edges      bfs        grust-next@work-uncounted#1     second iters    -  total    5.2411 ± 0.0079  per-iter -  build 32.32  minflt 0  steal 0
hub-65536.edges      bfs        grust-next@work-uncounted#unset first  iters    -  total    6.1289 ± 0.0286  per-iter -  build 34.55  minflt 144  steal 0
hub-65536.edges      bfs        grust-next@work-uncounted#unset second iters    -  total    4.9772 ± 0.0331  per-iter -  build 34.55  minflt 0  steal 0
hub-65536.edges      bfs        grustcat                               iters    -  total    4.0573 ± 0.1293  per-iter -  build 361.98  minflt 1  steal 0
hub-65536.edges      bfs        icebug                                 iters    -  total    8.4071 ± 0.2310  per-iter -  build 43.46  minflt 216  steal 0
hub-65536.edges      bfs        icecat                                 iters    -  total    4.3739 ± 0.0134  per-iter -  build 18.91  minflt 385  steal 0
hub-65536.edges      pagerank   grust#1                         first  iters   17  total   52.5893 ± 0.2090  per-iter 3.0935  build 70.65  minflt 1024  steal 0
hub-65536.edges      pagerank   grust#1                         second iters   17  total   44.0049 ± 0.1739  per-iter 2.5885  build 70.65  minflt 0  steal 0
hub-65536.edges      pagerank   grust#unset                     first  iters   17  total  203.5540 ± 0.3372  per-iter 11.9738  build 69.75  minflt 512  steal 0
hub-65536.edges      pagerank   grust#unset                     second iters   17  total  202.1884 ± 0.1383  per-iter 11.8934  build 69.75  minflt 128  steal 0
hub-65536.edges      pagerank   grust-next@counted#1            first  iters   17  total   34.0168 ± 0.1277  per-iter 2.0010  build 47.07  minflt 384  steal 0
hub-65536.edges      pagerank   grust-next@counted#1            second iters   17  total   33.2018 ± 0.0998  per-iter 1.9530  build 47.07  minflt 0  steal 0
hub-65536.edges      pagerank   grust-next@counted#unset        first  iters   17  total   95.1410 ± 0.4697  per-iter 5.5965  build 50.30  minflt 512  steal 0
hub-65536.edges      pagerank   grust-next@counted#unset        second iters   17  total   95.6028 ± 0.5565  per-iter 5.6237  build 50.30  minflt 128  steal 0
hub-65536.edges      pagerank   grust-next@counted+eager#1      first  iters   17  total   34.1247 ± 0.2137  per-iter 2.0073  build 45.93  minflt 384  steal 0
hub-65536.edges      pagerank   grust-next@counted+eager#1      second iters   17  total   33.3437 ± 0.2220  per-iter 1.9614  build 45.93  minflt 0  steal 0
hub-65536.edges      pagerank   grust-next@counted+eager#unset  first  iters   17  total   95.2978 ± 0.1610  per-iter 5.6058  build 59.00  minflt 512  steal 0
hub-65536.edges      pagerank   grust-next@counted+eager#unset  second iters   17  total   94.2871 ± 0.0860  per-iter 5.5463  build 59.00  minflt 128  steal 0
hub-65536.edges      pagerank   grust-next@unchecked#1          first  iters   17  total   31.1425 ± 0.2619  per-iter 1.8319  build 37.56  minflt 384  steal 0
hub-65536.edges      pagerank   grust-next@unchecked#1          second iters   17  total   30.3433 ± 0.2613  per-iter 1.7849  build 37.56  minflt 0  steal 0
hub-65536.edges      pagerank   grust-next@unchecked#unset      first  iters   17  total   56.1491 ± 0.2532  per-iter 3.3029  build 33.62  minflt 512  steal 0
hub-65536.edges      pagerank   grust-next@unchecked#unset      second iters   17  total   55.7909 ± 0.3161  per-iter 3.2818  build 33.62  minflt 128  steal 0
hub-65536.edges      pagerank   grust-next@work-uncounted#1     first  iters   17  total   31.9225 ± 0.1221  per-iter 1.8778  build 38.00  minflt 384  steal 0
hub-65536.edges      pagerank   grust-next@work-uncounted#1     second iters   17  total   31.2079 ± 0.1920  per-iter 1.8358  build 38.00  minflt 0  steal 0
hub-65536.edges      pagerank   grust-next@work-uncounted#unset first  iters   17  total   58.5020 ± 0.0991  per-iter 3.4413  build 34.51  minflt 512  steal 0
hub-65536.edges      pagerank   grust-next@work-uncounted#unset second iters   17  total   57.6288 ± 0.0816  per-iter 3.3899  build 34.51  minflt 128  steal 0
hub-65536.edges      pagerank   grustcat                               iters   17  total   30.2282 ± 0.0311  per-iter 1.7781  build 360.47  minflt 0  steal 0
hub-65536.edges      pagerank   icebug                                 iters   12  total   42.1276 ± 0.7997  per-iter 3.5106  build 43.26  minflt 400  steal 0
hub-65536.edges      pagerank   icecat                                 iters   17  total   34.1234 ± 0.0149  per-iter 2.0073  build 18.97  minflt 607  steal 0
hub-65536.edges      pagerank   neo4j-graph                            iters   28  total   35.9327 ± 0.1380  per-iter 1.2833  build 33.58  minflt 70  steal 0
hub-65536.edges      triangles  grust#1                         first  iters    -  total   74.2475 ± 0.2376  per-iter -  build 83.76  minflt 1665  steal 0
hub-65536.edges      triangles  grust#1                         second iters    -  total   68.4955 ± 0.3894  per-iter -  build 83.76  minflt 128  steal 0
hub-65536.edges      triangles  grust#unset                     first  iters    -  total   73.8002 ± 0.1811  per-iter -  build 83.97  minflt 1665  steal 0
hub-65536.edges      triangles  grust#unset                     second iters    -  total   68.5083 ± 0.0901  per-iter -  build 83.97  minflt 128  steal 0
hub-65536.edges      triangles  grust-next@counted#1            first  iters    -  total   72.5136 ± 0.0168  per-iter -  build 51.44  minflt 1666  steal 0
hub-65536.edges      triangles  grust-next@counted#1            second iters    -  total   70.2675 ± 0.0623  per-iter -  build 51.44  minflt 1535  steal 0
hub-65536.edges      triangles  grust-next@counted#unset        first  iters    -  total   72.2941 ± 0.0609  per-iter -  build 67.32  minflt 1666  steal 0
hub-65536.edges      triangles  grust-next@counted#unset        second iters    -  total   69.1403 ± 0.7330  per-iter -  build 67.32  minflt 1152  steal 0
hub-65536.edges      triangles  grust-next@counted+eager#1      first  iters    -  total   72.5647 ± 0.0694  per-iter -  build 50.93  minflt 1666  steal 0
hub-65536.edges      triangles  grust-next@counted+eager#1      second iters    -  total   70.6371 ± 0.4878  per-iter -  build 50.93  minflt 1535  steal 0
hub-65536.edges      triangles  grust-next@counted+eager#unset  first  iters    -  total   72.5495 ± 0.2974  per-iter -  build 66.79  minflt 1666  steal 0
hub-65536.edges      triangles  grust-next@counted+eager#unset  second iters    -  total   69.4296 ± 0.7738  per-iter -  build 66.79  minflt 641  steal 0
hub-65536.edges      triangles  grust-next@unchecked#1          first  iters    -  total   71.1016 ± 0.3282  per-iter -  build 43.11  minflt 1666  steal 0
hub-65536.edges      triangles  grust-next@unchecked#1          second iters    -  total   68.8091 ± 0.2154  per-iter -  build 43.11  minflt 1535  steal 0
hub-65536.edges      triangles  grust-next@unchecked#unset      first  iters    -  total   70.8721 ± 0.1100  per-iter -  build 50.81  minflt 1666  steal 0
hub-65536.edges      triangles  grust-next@unchecked#unset      second iters    -  total   67.6751 ± 0.0545  per-iter -  build 50.81  minflt 1152  steal 0
hub-65536.edges      triangles  grust-next@work-uncounted#1     first  iters    -  total   71.6390 ± 0.1145  per-iter -  build 44.17  minflt 1666  steal 0
hub-65536.edges      triangles  grust-next@work-uncounted#1     second iters    -  total   69.7309 ± 0.4613  per-iter -  build 44.17  minflt 1535  steal 0
hub-65536.edges      triangles  grust-next@work-uncounted#unset first  iters    -  total   71.3629 ± 0.0398  per-iter -  build 50.08  minflt 1666  steal 0
hub-65536.edges      triangles  grust-next@work-uncounted#unset second iters    -  total   68.2187 ± 0.1522  per-iter -  build 50.08  minflt 641  steal 0
hub-65536.edges      triangles  neo4j-graph                            iters    -  total   35.3366 ± 0.1472  per-iter -  build 34.33  minflt 4  steal 0
hub-65536.edges      wcc        grust#1                         first  iters    -  total    6.6600 ± 0.0105  per-iter -  build 71.47  minflt 128  steal 0
hub-65536.edges      wcc        grust#1                         second iters    -  total    7.1278 ± 0.0035  per-iter -  build 71.47  minflt 128  steal 0
hub-65536.edges      wcc        grust#unset                     first  iters    -  total   16.8831 ± 0.0096  per-iter -  build 71.55  minflt 128  steal 0
hub-65536.edges      wcc        grust#unset                     second iters    -  total   16.7884 ± 0.0225  per-iter -  build 71.55  minflt 126  steal 0
hub-65536.edges      wcc        grust-next@counted#1            first  iters    -  total    6.4603 ± 0.0397  per-iter -  build 40.37  minflt 128  steal 0
hub-65536.edges      wcc        grust-next@counted#1            second iters    -  total    6.2176 ± 0.0844  per-iter -  build 40.37  minflt 64  steal 0
hub-65536.edges      wcc        grust-next@counted#unset        first  iters    -  total   16.6664 ± 0.0085  per-iter -  build 49.93  minflt 128  steal 0
hub-65536.edges      wcc        grust-next@counted#unset        second iters    -  total   16.6024 ± 0.0182  per-iter -  build 49.93  minflt 126  steal 0
hub-65536.edges      wcc        grust-next@counted+eager#1      first  iters    -  total    6.5411 ± 0.0268  per-iter -  build 45.67  minflt 128  steal 0
hub-65536.edges      wcc        grust-next@counted+eager#1      second iters    -  total    6.4855 ± 0.0343  per-iter -  build 45.67  minflt 128  steal 0
hub-65536.edges      wcc        grust-next@counted+eager#unset  first  iters    -  total   16.6773 ± 0.0277  per-iter -  build 58.28  minflt 128  steal 0
hub-65536.edges      wcc        grust-next@counted+eager#unset  second iters    -  total   16.6690 ± 0.0031  per-iter -  build 58.28  minflt 127  steal 0
hub-65536.edges      wcc        grust-next@unchecked#1          first  iters    -  total    3.8421 ± 0.0500  per-iter -  build 31.78  minflt 128  steal 0
hub-65536.edges      wcc        grust-next@unchecked#1          second iters    -  total    3.5334 ± 0.0095  per-iter -  build 31.78  minflt 64  steal 0
hub-65536.edges      wcc        grust-next@unchecked#unset      first  iters    -  total    6.0284 ± 0.0051  per-iter -  build 33.39  minflt 128  steal 0
hub-65536.edges      wcc        grust-next@unchecked#unset      second iters    -  total    5.8995 ± 0.0146  per-iter -  build 33.39  minflt 126  steal 0
hub-65536.edges      wcc        grust-next@work-uncounted#1     first  iters    -  total    4.2845 ± 0.0240  per-iter -  build 32.15  minflt 128  steal 0
hub-65536.edges      wcc        grust-next@work-uncounted#1     second iters    -  total    3.9449 ± 0.0081  per-iter -  build 32.15  minflt 64  steal 0
hub-65536.edges      wcc        grust-next@work-uncounted#unset first  iters    -  total    7.1047 ± 0.0536  per-iter -  build 34.55  minflt 128  steal 0
hub-65536.edges      wcc        grust-next@work-uncounted#unset second iters    -  total    6.9743 ± 0.0276  per-iter -  build 34.55  minflt 126  steal 0
hub-65536.edges      wcc        grustcat                               iters    -  total    2.4415 ± 0.0119  per-iter -  build 356.74  minflt 0  steal 0
hub-65536.edges      wcc        icebug                                 iters    -  total   11.2487 ± 0.4108  per-iter -  build 43.34  minflt 239  steal 0
hub-65536.edges      wcc        icecat                                 iters    -  total    3.4834 ± 0.2247  per-iter -  build 18.80  minflt 127  steal 0
hub-65536.edges      wcc        neo4j-graph                            iters    -  total    3.7541 ± 0.0112  per-iter -  build 35.01  minflt 32  steal 0
layered-16384.edges  bfs        grust#1                         first  iters    -  total    0.4464 ± 0.0062  per-iter -  build 6.59  minflt 30  steal 0
layered-16384.edges  bfs        grust#1                         second iters    -  total    0.3861 ± 0.0003  per-iter -  build 6.59  minflt 0  steal 0
layered-16384.edges  bfs        grust#unset                     first  iters    -  total    0.4542 ± 0.0017  per-iter -  build 6.87  minflt 30  steal 0
layered-16384.edges  bfs        grust#unset                     second iters    -  total    0.3868 ± 0.0002  per-iter -  build 6.87  minflt 0  steal 0
layered-16384.edges  bfs        grust-next@counted#1            first  iters    -  total    0.4426 ± 0.0062  per-iter -  build 5.32  minflt 26  steal 0
layered-16384.edges  bfs        grust-next@counted#1            second iters    -  total    0.3799 ± 0.0001  per-iter -  build 5.32  minflt 0  steal 0
layered-16384.edges  bfs        grust-next@counted#unset        first  iters    -  total    0.4366 ± 0.0022  per-iter -  build 5.49  minflt 30  steal 0
layered-16384.edges  bfs        grust-next@counted#unset        second iters    -  total    0.3806 ± 0.0003  per-iter -  build 5.49  minflt 0  steal 0
layered-16384.edges  bfs        grust-next@counted+eager#1      first  iters    -  total    0.4367 ± 0.0007  per-iter -  build 5.51  minflt 26  steal 0
layered-16384.edges  bfs        grust-next@counted+eager#1      second iters    -  total    0.3807 ± 0.0002  per-iter -  build 5.51  minflt 0  steal 0
layered-16384.edges  bfs        grust-next@counted+eager#unset  first  iters    -  total    0.4941 ± 0.0075  per-iter -  build 6.22  minflt 58  steal 0
layered-16384.edges  bfs        grust-next@counted+eager#unset  second iters    -  total    0.3801 ± 0.0001  per-iter -  build 6.22  minflt 0  steal 0
layered-16384.edges  bfs        grust-next@unchecked#1          first  iters    -  total    0.3016 ± 0.0024  per-iter -  build 3.94  minflt 26  steal 0
layered-16384.edges  bfs        grust-next@unchecked#1          second iters    -  total    0.2515 ± 0.0007  per-iter -  build 3.94  minflt 0  steal 0
layered-16384.edges  bfs        grust-next@unchecked#unset      first  iters    -  total    0.3072 ± 0.0033  per-iter -  build 3.98  minflt 30  steal 0
layered-16384.edges  bfs        grust-next@unchecked#unset      second iters    -  total    0.2526 ± 0.0045  per-iter -  build 3.98  minflt 0  steal 0
layered-16384.edges  bfs        grust-next@work-uncounted#1     first  iters    -  total    0.3531 ± 0.0096  per-iter -  build 3.93  minflt 26  steal 0
layered-16384.edges  bfs        grust-next@work-uncounted#1     second iters    -  total    0.2893 ± 0.0030  per-iter -  build 3.93  minflt 0  steal 0
layered-16384.edges  bfs        grust-next@work-uncounted#unset first  iters    -  total    0.3501 ± 0.0049  per-iter -  build 4.28  minflt 30  steal 0
layered-16384.edges  bfs        grust-next@work-uncounted#unset second iters    -  total    0.2874 ± 0.0022  per-iter -  build 4.28  minflt 0  steal 0
layered-16384.edges  bfs        grustcat                               iters    -  total    0.2566 ± 0.0055  per-iter -  build 29.57  minflt 0  steal 0
layered-16384.edges  bfs        icebug                                 iters    -  total    0.4975 ± 0.0220  per-iter -  build 2.76  minflt 36  steal 0
layered-16384.edges  bfs        icecat                                 iters    -  total    0.3932 ± 0.0087  per-iter -  build 1.56  minflt 65  steal 0
layered-16384.edges  pagerank   grust#1                         first  iters   84  total   30.1741 ± 0.0503  per-iter 0.3592  build 6.70  minflt 192  steal 0
layered-16384.edges  pagerank   grust#1                         second iters   84  total   29.3394 ± 0.0784  per-iter 0.3493  build 6.70  minflt 0  steal 0
layered-16384.edges  pagerank   grust#unset                     first  iters   84  total  115.4027 ± 0.0645  per-iter 1.3738  build 6.28  minflt 128  steal 0
layered-16384.edges  pagerank   grust#unset                     second iters   84  total  115.1542 ± 0.0047  per-iter 1.3709  build 6.28  minflt 32  steal 0
layered-16384.edges  pagerank   grust-next@counted#1            first  iters   84  total   30.8240 ± 0.0664  per-iter 0.3670  build 5.28  minflt 96  steal 0
layered-16384.edges  pagerank   grust-next@counted#1            second iters   84  total   30.5341 ± 0.0073  per-iter 0.3635  build 5.28  minflt 0  steal 0
layered-16384.edges  pagerank   grust-next@counted#unset        first  iters   84  total   88.7753 ± 0.1152  per-iter 1.0568  build 5.80  minflt 128  steal 0
layered-16384.edges  pagerank   grust-next@counted#unset        second iters   84  total   88.4900 ± 0.0987  per-iter 1.0535  build 5.80  minflt 32  steal 0
layered-16384.edges  pagerank   grust-next@counted+eager#1      first  iters   84  total   30.8091 ± 0.0425  per-iter 0.3668  build 5.49  minflt 96  steal 0
layered-16384.edges  pagerank   grust-next@counted+eager#1      second iters   84  total   30.5562 ± 0.0230  per-iter 0.3638  build 5.49  minflt 0  steal 0
layered-16384.edges  pagerank   grust-next@counted+eager#unset  first  iters   84  total   88.7969 ± 0.1820  per-iter 1.0571  build 6.16  minflt 128  steal 0
layered-16384.edges  pagerank   grust-next@counted+eager#unset  second iters   84  total   88.5711 ± 0.0608  per-iter 1.0544  build 6.16  minflt 32  steal 0
layered-16384.edges  pagerank   grust-next@unchecked#1          first  iters   84  total   27.8997 ± 0.0204  per-iter 0.3321  build 4.22  minflt 96  steal 0
layered-16384.edges  pagerank   grust-next@unchecked#1          second iters   84  total   27.7143 ± 0.0131  per-iter 0.3299  build 4.22  minflt 0  steal 0
layered-16384.edges  pagerank   grust-next@unchecked#unset      first  iters   84  total   41.8945 ± 0.0329  per-iter 0.4987  build 3.98  minflt 128  steal 0
layered-16384.edges  pagerank   grust-next@unchecked#unset      second iters   84  total   41.7411 ± 0.0076  per-iter 0.4969  build 3.98  minflt 32  steal 0
layered-16384.edges  pagerank   grust-next@work-uncounted#1     first  iters   84  total   28.5454 ± 0.0318  per-iter 0.3398  build 4.86  minflt 96  steal 0
layered-16384.edges  pagerank   grust-next@work-uncounted#1     second iters   84  total   28.2962 ± 0.0407  per-iter 0.3369  build 4.86  minflt 0  steal 0
layered-16384.edges  pagerank   grust-next@work-uncounted#unset first  iters   84  total   44.7984 ± 0.2644  per-iter 0.5333  build 4.14  minflt 128  steal 0
layered-16384.edges  pagerank   grust-next@work-uncounted#unset second iters   84  total   44.3992 ± 0.0352  per-iter 0.5286  build 4.14  minflt 32  steal 0
layered-16384.edges  pagerank   grustcat                               iters   84  total   26.3072 ± 0.0627  per-iter 0.3132  build 29.97  minflt 0  steal 0
layered-16384.edges  pagerank   icebug                                 iters   69  total   26.2120 ± 0.0329  per-iter 0.3799  build 2.60  minflt 114  steal 0
layered-16384.edges  pagerank   icecat                                 iters   84  total   27.6677 ± 0.0061  per-iter 0.3294  build 1.68  minflt 128  steal 0
layered-16384.edges  triangles  grust#1                         first  iters    -  total    2.8676 ± 0.0398  per-iter -  build 7.31  minflt 350  steal 0
layered-16384.edges  triangles  grust#1                         second iters    -  total    2.1823 ± 0.0149  per-iter -  build 7.31  minflt 32  steal 0
layered-16384.edges  triangles  grust#unset                     first  iters    -  total    2.7036 ± 0.0259  per-iter -  build 6.72  minflt 350  steal 0
layered-16384.edges  triangles  grust#unset                     second iters    -  total    2.1889 ± 0.0261  per-iter -  build 6.72  minflt 32  steal 0
layered-16384.edges  triangles  grust-next@counted#1            first  iters    -  total    2.6827 ± 0.0381  per-iter -  build 5.19  minflt 350  steal 0
layered-16384.edges  triangles  grust-next@counted#1            second iters    -  total    2.5383 ± 0.0099  per-iter -  build 5.19  minflt 350  steal 0
layered-16384.edges  triangles  grust-next@counted#unset        first  iters    -  total    2.6003 ± 0.0223  per-iter -  build 5.79  minflt 350  steal 0
layered-16384.edges  triangles  grust-next@counted#unset        second iters    -  total    2.2741 ± 0.0056  per-iter -  build 5.79  minflt 159  steal 0
layered-16384.edges  triangles  grust-next@counted+eager#1      first  iters    -  total    2.5949 ± 0.0232  per-iter -  build 5.10  minflt 350  steal 0
layered-16384.edges  triangles  grust-next@counted+eager#1      second iters    -  total    2.5351 ± 0.0043  per-iter -  build 5.10  minflt 350  steal 0
layered-16384.edges  triangles  grust-next@counted+eager#unset  first  iters    -  total    2.6037 ± 0.0054  per-iter -  build 5.76  minflt 350  steal 0
layered-16384.edges  triangles  grust-next@counted+eager#unset  second iters    -  total    2.2529 ± 0.0106  per-iter -  build 5.76  minflt 159  steal 0
layered-16384.edges  triangles  grust-next@unchecked#1          first  iters    -  total    2.3671 ± 0.0135  per-iter -  build 4.22  minflt 350  steal 0
layered-16384.edges  triangles  grust-next@unchecked#1          second iters    -  total    2.2913 ± 0.0085  per-iter -  build 4.22  minflt 350  steal 0
layered-16384.edges  triangles  grust-next@unchecked#unset      first  iters    -  total    2.3651 ± 0.0241  per-iter -  build 4.33  minflt 350  steal 0
layered-16384.edges  triangles  grust-next@unchecked#unset      second iters    -  total    2.0333 ± 0.0207  per-iter -  build 4.33  minflt 159  steal 0
layered-16384.edges  triangles  grust-next@work-uncounted#1     first  iters    -  total    2.4676 ± 0.0210  per-iter -  build 4.28  minflt 350  steal 0
layered-16384.edges  triangles  grust-next@work-uncounted#1     second iters    -  total    2.4022 ± 0.0254  per-iter -  build 4.28  minflt 350  steal 0
layered-16384.edges  triangles  grust-next@work-uncounted#unset first  iters    -  total    2.4636 ± 0.0212  per-iter -  build 4.43  minflt 350  steal 0
layered-16384.edges  triangles  grust-next@work-uncounted#unset second iters    -  total    2.1303 ± 0.0172  per-iter -  build 4.43  minflt 159  steal 0
layered-16384.edges  triangles  neo4j-graph                            iters    -  total    0.7776 ± 0.0146  per-iter -  build 2.01  minflt 3  steal 0
layered-16384.edges  wcc        grust#1                         first  iters    -  total    0.6235 ± 0.0096  per-iter -  build 6.69  minflt 32  steal 0
layered-16384.edges  wcc        grust#1                         second iters    -  total    0.6488 ± 0.0088  per-iter -  build 6.69  minflt 28  steal 0
layered-16384.edges  wcc        grust#unset                     first  iters    -  total    1.4279 ± 0.0135  per-iter -  build 6.40  minflt 32  steal 0
layered-16384.edges  wcc        grust#unset                     second iters    -  total    1.4280 ± 0.0195  per-iter -  build 6.40  minflt 29  steal 0
layered-16384.edges  wcc        grust-next@counted#1            first  iters    -  total    0.6862 ± 0.0127  per-iter -  build 5.07  minflt 32  steal 0
layered-16384.edges  wcc        grust-next@counted#1            second iters    -  total    0.6477 ± 0.0005  per-iter -  build 5.07  minflt 13  steal 0
layered-16384.edges  wcc        grust-next@counted#unset        first  iters    -  total    1.4087 ± 0.0034  per-iter -  build 5.42  minflt 32  steal 0
layered-16384.edges  wcc        grust-next@counted#unset        second iters    -  total    1.3931 ± 0.0034  per-iter -  build 5.42  minflt 26  steal 0
layered-16384.edges  wcc        grust-next@counted+eager#1      first  iters    -  total    0.6671 ± 0.0054  per-iter -  build 5.27  minflt 32  steal 0
layered-16384.edges  wcc        grust-next@counted+eager#1      second iters    -  total    0.6749 ± 0.0153  per-iter -  build 5.27  minflt 29  steal 0
layered-16384.edges  wcc        grust-next@counted+eager#unset  first  iters    -  total    1.4202 ± 0.0222  per-iter -  build 6.11  minflt 32  steal 0
layered-16384.edges  wcc        grust-next@counted+eager#unset  second iters    -  total    1.4222 ± 0.0012  per-iter -  build 6.11  minflt 28  steal 0
layered-16384.edges  wcc        grust-next@unchecked#1          first  iters    -  total    0.5031 ± 0.0082  per-iter -  build 3.86  minflt 32  steal 0
layered-16384.edges  wcc        grust-next@unchecked#1          second iters    -  total    0.4646 ± 0.0018  per-iter -  build 3.86  minflt 15  steal 0
layered-16384.edges  wcc        grust-next@unchecked#unset      first  iters    -  total    0.6207 ± 0.0023  per-iter -  build 3.96  minflt 32  steal 0
layered-16384.edges  wcc        grust-next@unchecked#unset      second iters    -  total    0.6037 ± 0.0044  per-iter -  build 3.96  minflt 27  steal 0
layered-16384.edges  wcc        grust-next@work-uncounted#1     first  iters    -  total    0.5579 ± 0.0027  per-iter -  build 4.00  minflt 32  steal 0
layered-16384.edges  wcc        grust-next@work-uncounted#1     second iters    -  total    0.5261 ± 0.0005  per-iter -  build 4.00  minflt 15  steal 0
layered-16384.edges  wcc        grust-next@work-uncounted#unset first  iters    -  total    0.6920 ± 0.0184  per-iter -  build 4.05  minflt 32  steal 0
layered-16384.edges  wcc        grust-next@work-uncounted#unset second iters    -  total    0.6734 ± 0.0096  per-iter -  build 4.05  minflt 26  steal 0
layered-16384.edges  wcc        grustcat                               iters    -  total    0.3534 ± 0.0019  per-iter -  build 29.64  minflt 0  steal 0
layered-16384.edges  wcc        icebug                                 iters    -  total    0.9109 ± 0.0150  per-iter -  build 2.59  minflt 43  steal 0
layered-16384.edges  wcc        icecat                                 iters    -  total    0.4982 ± 0.0017  per-iter -  build 1.58  minflt 64  steal 0
layered-16384.edges  wcc        neo4j-graph                            iters    -  total    0.9305 ± 0.0075  per-iter -  build 2.10  minflt 1  steal 0
layered-65536.edges  bfs        grust#1                         first  iters    -  total    1.8321 ± 0.0059  per-iter -  build 27.68  minflt 119  steal 0
layered-65536.edges  bfs        grust#1                         second iters    -  total    1.5699 ± 0.0024  per-iter -  build 27.68  minflt 0  steal 0
layered-65536.edges  bfs        grust#unset                     first  iters    -  total    1.8401 ± 0.0167  per-iter -  build 27.85  minflt 119  steal 0
layered-65536.edges  bfs        grust#unset                     second iters    -  total    1.5726 ± 0.0042  per-iter -  build 27.85  minflt 0  steal 0
layered-65536.edges  bfs        grust-next@counted#1            first  iters    -  total    1.7942 ± 0.0107  per-iter -  build 20.77  minflt 103  steal 0
layered-65536.edges  bfs        grust-next@counted#1            second iters    -  total    1.5484 ± 0.0008  per-iter -  build 20.77  minflt 0  steal 0
layered-65536.edges  bfs        grust-next@counted#unset        first  iters    -  total    1.8217 ± 0.0093  per-iter -  build 23.93  minflt 119  steal 0
layered-65536.edges  bfs        grust-next@counted#unset        second iters    -  total    1.5582 ± 0.0105  per-iter -  build 23.93  minflt 0  steal 0
layered-65536.edges  bfs        grust-next@counted+eager#1      first  iters    -  total    1.7806 ± 0.0137  per-iter -  build 22.97  minflt 103  steal 0
layered-65536.edges  bfs        grust-next@counted+eager#1      second iters    -  total    1.5738 ± 0.0054  per-iter -  build 22.97  minflt 0  steal 0
layered-65536.edges  bfs        grust-next@counted+eager#unset  first  iters    -  total    2.0364 ± 0.0045  per-iter -  build 26.64  minflt 231  steal 0
layered-65536.edges  bfs        grust-next@counted+eager#unset  second iters    -  total    1.5756 ± 0.0039  per-iter -  build 26.64  minflt 0  steal 0
layered-65536.edges  bfs        grust-next@unchecked#1          first  iters    -  total    1.2727 ± 0.0051  per-iter -  build 17.15  minflt 103  steal 0
layered-65536.edges  bfs        grust-next@unchecked#1          second iters    -  total    1.0394 ± 0.0143  per-iter -  build 17.15  minflt 0  steal 0
layered-65536.edges  bfs        grust-next@unchecked#unset      first  iters    -  total    1.3069 ± 0.0082  per-iter -  build 17.69  minflt 119  steal 0
layered-65536.edges  bfs        grust-next@unchecked#unset      second iters    -  total    1.0206 ± 0.0020  per-iter -  build 17.69  minflt 0  steal 0
layered-65536.edges  bfs        grust-next@work-uncounted#1     first  iters    -  total    1.4362 ± 0.0173  per-iter -  build 17.39  minflt 103  steal 0
layered-65536.edges  bfs        grust-next@work-uncounted#1     second iters    -  total    1.1842 ± 0.0083  per-iter -  build 17.39  minflt 0  steal 0
layered-65536.edges  bfs        grust-next@work-uncounted#unset first  iters    -  total    1.4472 ± 0.0058  per-iter -  build 18.09  minflt 119  steal 0
layered-65536.edges  bfs        grust-next@work-uncounted#unset second iters    -  total    1.2068 ± 0.0091  per-iter -  build 18.09  minflt 0  steal 0
layered-65536.edges  bfs        grustcat                               iters    -  total    1.0131 ± 0.0114  per-iter -  build 126.20  minflt 0  steal 0
layered-65536.edges  bfs        icebug                                 iters    -  total    2.0101 ± 0.0248  per-iter -  build 11.13  minflt 132  steal 0
layered-65536.edges  bfs        icecat                                 iters    -  total    1.5532 ± 0.0100  per-iter -  build 6.37  minflt 258  steal 0
layered-65536.edges  pagerank   grust#1                         first  iters   75  total  108.5482 ± 0.0486  per-iter 1.4473  build 28.12  minflt 766  steal 0
layered-65536.edges  pagerank   grust#1                         second iters   75  total  104.8299 ± 0.0821  per-iter 1.3977  build 28.12  minflt 0  steal 0
layered-65536.edges  pagerank   grust#unset                     first  iters   75  total  414.3704 ± 0.6480  per-iter 5.5249  build 28.04  minflt 512  steal 0
layered-65536.edges  pagerank   grust#unset                     second iters   75  total  412.8272 ± 0.0937  per-iter 5.5044  build 28.04  minflt 128  steal 0
layered-65536.edges  pagerank   grust-next@counted#1            first  iters   75  total  111.1854 ± 0.0943  per-iter 1.4825  build 24.09  minflt 384  steal 0
layered-65536.edges  pagerank   grust-next@counted#1            second iters   75  total  110.1510 ± 0.1237  per-iter 1.4687  build 24.09  minflt 0  steal 0
layered-65536.edges  pagerank   grust-next@counted#unset        first  iters   75  total  318.6831 ± 0.0902  per-iter 4.2491  build 23.32  minflt 512  steal 0
layered-65536.edges  pagerank   grust-next@counted#unset        second iters   75  total  317.9130 ± 0.1513  per-iter 4.2388  build 23.32  minflt 128  steal 0
layered-65536.edges  pagerank   grust-next@counted+eager#1      first  iters   75  total  110.9979 ± 0.0212  per-iter 1.4800  build 22.97  minflt 384  steal 0
layered-65536.edges  pagerank   grust-next@counted+eager#1      second iters   75  total  110.1817 ± 0.1855  per-iter 1.4691  build 22.97  minflt 0  steal 0
layered-65536.edges  pagerank   grust-next@counted+eager#unset  first  iters   75  total  318.6341 ± 0.4964  per-iter 4.2485  build 26.86  minflt 512  steal 0
layered-65536.edges  pagerank   grust-next@counted+eager#unset  second iters   75  total  317.5479 ± 0.2243  per-iter 4.2340  build 26.86  minflt 128  steal 0
layered-65536.edges  pagerank   grust-next@unchecked#1          first  iters   75  total  100.9553 ± 0.2285  per-iter 1.3461  build 18.93  minflt 384  steal 0
layered-65536.edges  pagerank   grust-next@unchecked#1          second iters   75  total  100.0810 ± 0.1286  per-iter 1.3344  build 18.93  minflt 0  steal 0
layered-65536.edges  pagerank   grust-next@unchecked#unset      first  iters   75  total  150.9783 ± 0.1173  per-iter 2.0130  build 17.90  minflt 512  steal 0
layered-65536.edges  pagerank   grust-next@unchecked#unset      second iters   75  total  150.1728 ± 0.0944  per-iter 2.0023  build 17.90  minflt 128  steal 0
layered-65536.edges  pagerank   grust-next@work-uncounted#1     first  iters   75  total  102.6941 ± 0.0413  per-iter 1.3693  build 19.15  minflt 384  steal 0
layered-65536.edges  pagerank   grust-next@work-uncounted#1     second iters   75  total  101.9158 ± 0.0321  per-iter 1.3589  build 19.15  minflt 0  steal 0
layered-65536.edges  pagerank   grust-next@work-uncounted#unset first  iters   75  total  158.8806 ± 0.3856  per-iter 2.1184  build 18.07  minflt 512  steal 0
layered-65536.edges  pagerank   grust-next@work-uncounted#unset second iters   75  total  157.8051 ± 0.1677  per-iter 2.1041  build 18.07  minflt 128  steal 0
layered-65536.edges  pagerank   grustcat                               iters   75  total   94.2596 ± 0.1880  per-iter 1.2568  build 128.61  minflt 0  steal 0
layered-65536.edges  pagerank   icebug                                 iters   60  total   91.8214 ± 0.1986  per-iter 1.5304  build 11.19  minflt 401  steal 0
layered-65536.edges  pagerank   icecat                                 iters   75  total  102.0602 ± 0.1902  per-iter 1.3608  build 6.44  minflt 607  steal 0
layered-65536.edges  triangles  grust#1                         first  iters    -  total   11.4667 ± 0.0477  per-iter -  build 29.34  minflt 1401  steal 1
layered-65536.edges  triangles  grust#1                         second iters    -  total    8.7906 ± 0.0119  per-iter -  build 29.34  minflt 128  steal 1
layered-65536.edges  triangles  grust#unset                     first  iters    -  total   11.4058 ± 0.0076  per-iter -  build 29.53  minflt 1401  steal 1
layered-65536.edges  triangles  grust#unset                     second iters    -  total    8.7839 ± 0.0047  per-iter -  build 29.53  minflt 128  steal 1
layered-65536.edges  triangles  grust-next@counted#1            first  iters    -  total   11.1697 ± 0.0243  per-iter -  build 22.39  minflt 1402  steal 1
layered-65536.edges  triangles  grust-next@counted#1            second iters    -  total   10.4395 ± 0.0362  per-iter -  build 22.39  minflt 1497  steal 1
layered-65536.edges  triangles  grust-next@counted#unset        first  iters    -  total   11.1409 ± 0.0402  per-iter -  build 25.25  minflt 1402  steal 1
layered-65536.edges  triangles  grust-next@counted#unset        second iters    -  total    9.1790 ± 0.0096  per-iter -  build 25.25  minflt 635  steal 1
layered-65536.edges  triangles  grust-next@counted+eager#1      first  iters    -  total   11.1459 ± 0.0073  per-iter -  build 21.69  minflt 1402  steal 1
layered-65536.edges  triangles  grust-next@counted+eager#1      second iters    -  total   10.4669 ± 0.0251  per-iter -  build 21.69  minflt 1497  steal 1
layered-65536.edges  triangles  grust-next@counted+eager#unset  first  iters    -  total   11.1474 ± 0.0138  per-iter -  build 25.31  minflt 1402  steal 1
layered-65536.edges  triangles  grust-next@counted+eager#unset  second iters    -  total    9.1546 ± 0.0203  per-iter -  build 25.31  minflt 635  steal 1
layered-65536.edges  triangles  grust-next@unchecked#1          first  iters    -  total   10.1969 ± 0.0061  per-iter -  build 18.94  minflt 1402  steal 1
layered-65536.edges  triangles  grust-next@unchecked#1          second iters    -  total    9.4868 ± 0.0092  per-iter -  build 18.94  minflt 1497  steal 1
layered-65536.edges  triangles  grust-next@unchecked#unset      first  iters    -  total   10.1967 ± 0.0205  per-iter -  build 19.31  minflt 1402  steal 1
layered-65536.edges  triangles  grust-next@unchecked#unset      second iters    -  total    8.2170 ± 0.0097  per-iter -  build 19.31  minflt 635  steal 1
layered-65536.edges  triangles  grust-next@work-uncounted#1     first  iters    -  total   10.5863 ± 0.0128  per-iter -  build 19.35  minflt 1402  steal 1
layered-65536.edges  triangles  grust-next@work-uncounted#1     second iters    -  total    9.8649 ± 0.0197  per-iter -  build 19.35  minflt 1497  steal 1
layered-65536.edges  triangles  grust-next@work-uncounted#unset first  iters    -  total   10.5640 ± 0.0239  per-iter -  build 19.73  minflt 1402  steal 1
layered-65536.edges  triangles  grust-next@work-uncounted#unset second iters    -  total    8.6044 ± 0.0181  per-iter -  build 19.73  minflt 635  steal 1
layered-65536.edges  triangles  neo4j-graph                            iters    -  total    2.7458 ± 0.0005  per-iter -  build 8.11  minflt 3  steal 1
layered-65536.edges  wcc        grust#1                         first  iters    -  total    2.5027 ± 0.0077  per-iter -  build 28.80  minflt 128  steal 0
layered-65536.edges  wcc        grust#1                         second iters    -  total    2.6280 ± 0.0033  per-iter -  build 28.80  minflt 123  steal 0
layered-65536.edges  wcc        grust#unset                     first  iters    -  total    5.7440 ± 0.0114  per-iter -  build 28.08  minflt 128  steal 0
layered-65536.edges  wcc        grust#unset                     second iters    -  total    5.7250 ± 0.0140  per-iter -  build 28.08  minflt 121  steal 0
layered-65536.edges  wcc        grust-next@counted#1            first  iters    -  total    2.7770 ± 0.0022  per-iter -  build 20.77  minflt 128  steal 0
layered-65536.edges  wcc        grust-next@counted#1            second iters    -  total    2.6265 ± 0.0058  per-iter -  build 20.77  minflt 61  steal 0
layered-65536.edges  wcc        grust-next@counted#unset        first  iters    -  total    5.7155 ± 0.0035  per-iter -  build 23.21  minflt 128  steal 0
layered-65536.edges  wcc        grust-next@counted#unset        second iters    -  total    5.6987 ± 0.0021  per-iter -  build 23.21  minflt 120  steal 0
layered-65536.edges  wcc        grust-next@counted+eager#1      first  iters    -  total    2.7624 ± 0.0187  per-iter -  build 23.22  minflt 128  steal 0
layered-65536.edges  wcc        grust-next@counted+eager#1      second iters    -  total    2.7582 ± 0.0045  per-iter -  build 23.22  minflt 122  steal 0
layered-65536.edges  wcc        grust-next@counted+eager#unset  first  iters    -  total    5.7205 ± 0.0011  per-iter -  build 26.32  minflt 128  steal 0
layered-65536.edges  wcc        grust-next@counted+eager#unset  second iters    -  total    5.6994 ± 0.0049  per-iter -  build 26.32  minflt 120  steal 0
layered-65536.edges  wcc        grust-next@unchecked#1          first  iters    -  total    2.0591 ± 0.0056  per-iter -  build 17.25  minflt 128  steal 0
layered-65536.edges  wcc        grust-next@unchecked#1          second iters    -  total    1.9106 ± 0.0051  per-iter -  build 17.25  minflt 60  steal 0
layered-65536.edges  wcc        grust-next@unchecked#unset      first  iters    -  total    2.5155 ± 0.0108  per-iter -  build 17.61  minflt 128  steal 0
layered-65536.edges  wcc        grust-next@unchecked#unset      second iters    -  total    2.5084 ± 0.0115  per-iter -  build 17.61  minflt 121  steal 0
layered-65536.edges  wcc        grust-next@work-uncounted#1     first  iters    -  total    2.3207 ± 0.0076  per-iter -  build 17.11  minflt 128  steal 0
layered-65536.edges  wcc        grust-next@work-uncounted#1     second iters    -  total    2.1651 ± 0.0125  per-iter -  build 17.11  minflt 61  steal 0
layered-65536.edges  wcc        grust-next@work-uncounted#unset first  iters    -  total    2.7820 ± 0.0061  per-iter -  build 17.91  minflt 128  steal 0
layered-65536.edges  wcc        grust-next@work-uncounted#unset second iters    -  total    2.7774 ± 0.0192  per-iter -  build 17.91  minflt 121  steal 0
layered-65536.edges  wcc        grustcat                               iters    -  total    1.4132 ± 0.0077  per-iter -  build 127.23  minflt 0  steal 0
layered-65536.edges  wcc        icebug                                 iters    -  total    3.7647 ± 0.0258  per-iter -  build 11.04  minflt 138  steal 0
layered-65536.edges  wcc        icecat                                 iters    -  total    1.9927 ± 0.0109  per-iter -  build 6.70  minflt 256  steal 0
layered-65536.edges  wcc        neo4j-graph                            iters    -  total    3.4606 ± 0.0007  per-iter -  build 8.04  minflt 32  steal 0
path-16384.edges     bfs        grust#1                         first  iters    -  total    0.4190 ± 0.0050  per-iter -  build 4.98  minflt 36  steal 0
path-16384.edges     bfs        grust#1                         second iters    -  total    0.3395 ± 0.0001  per-iter -  build 4.98  minflt 0  steal 0
path-16384.edges     bfs        grust#unset                     first  iters    -  total    0.4096 ± 0.0090  per-iter -  build 4.73  minflt 37  steal 0
path-16384.edges     bfs        grust#unset                     second iters    -  total    0.3394 ± 0.0002  per-iter -  build 4.73  minflt 0  steal 0
path-16384.edges     bfs        grust-next@counted#1            first  iters    -  total    0.3804 ± 0.0048  per-iter -  build 4.02  minflt 32  steal 0
path-16384.edges     bfs        grust-next@counted#1            second iters    -  total    0.3257 ± 0.0002  per-iter -  build 4.02  minflt 0  steal 0
path-16384.edges     bfs        grust-next@counted#unset        first  iters    -  total    0.3836 ± 0.0018  per-iter -  build 4.34  minflt 36  steal 0
path-16384.edges     bfs        grust-next@counted#unset        second iters    -  total    0.3258 ± 0.0002  per-iter -  build 4.34  minflt 0  steal 0
path-16384.edges     bfs        grust-next@counted+eager#1      first  iters    -  total    0.3751 ± 0.0013  per-iter -  build 4.39  minflt 32  steal 0
path-16384.edges     bfs        grust-next@counted+eager#1      second iters    -  total    0.3259 ± 0.0002  per-iter -  build 4.39  minflt 0  steal 0
path-16384.edges     bfs        grust-next@counted+eager#unset  first  iters    -  total    0.4602 ± 0.0020  per-iter -  build 4.90  minflt 64  steal 0
path-16384.edges     bfs        grust-next@counted+eager#unset  second iters    -  total    0.3261 ± 0.0003  per-iter -  build 4.90  minflt 0  steal 0
path-16384.edges     bfs        grust-next@unchecked#1          first  iters    -  total    0.1680 ± 0.0002  per-iter -  build 3.27  minflt 32  steal 0
path-16384.edges     bfs        grust-next@unchecked#1          second iters    -  total    0.1172 ± 0.0003  per-iter -  build 3.27  minflt 0  steal 0
path-16384.edges     bfs        grust-next@unchecked#unset      first  iters    -  total    0.1689 ± 0.0009  per-iter -  build 3.32  minflt 36  steal 0
path-16384.edges     bfs        grust-next@unchecked#unset      second iters    -  total    0.1114 ± 0.0002  per-iter -  build 3.32  minflt 0  steal 0
path-16384.edges     bfs        grust-next@work-uncounted#1     first  iters    -  total    0.2060 ± 0.0043  per-iter -  build 3.33  minflt 32  steal 0
path-16384.edges     bfs        grust-next@work-uncounted#1     second iters    -  total    0.1504 ± 0.0001  per-iter -  build 3.33  minflt 0  steal 0
path-16384.edges     bfs        grust-next@work-uncounted#unset first  iters    -  total    0.2068 ± 0.0004  per-iter -  build 3.36  minflt 36  steal 0
path-16384.edges     bfs        grust-next@work-uncounted#unset second iters    -  total    0.1502 ± 0.0001  per-iter -  build 3.36  minflt 0  steal 0
path-16384.edges     bfs        grustcat                               iters    -  total    0.1426 ± 0.0016  per-iter -  build 23.90  minflt 0  steal 0
path-16384.edges     bfs        icebug                                 iters    -  total    0.2472 ± 0.0028  per-iter -  build 1.75  minflt 36  steal 0
path-16384.edges     bfs        icecat                                 iters    -  total    0.2804 ± 0.0038  per-iter -  build 0.80  minflt 65  steal 0
path-16384.edges     pagerank   grust#1                         first  iters   58  total   15.3774 ± 0.0680  per-iter 0.2651  build 5.05  minflt 160  steal 0
path-16384.edges     pagerank   grust#1                         second iters   58  total   14.6081 ± 0.0335  per-iter 0.2519  build 5.05  minflt 0  steal 0
path-16384.edges     pagerank   grust#unset                     first  iters   58  total   66.5105 ± 0.0379  per-iter 1.1467  build 4.73  minflt 128  steal 0
path-16384.edges     pagerank   grust#unset                     second iters   58  total   66.3079 ± 0.0113  per-iter 1.1432  build 4.73  minflt 32  steal 0
path-16384.edges     pagerank   grust-next@counted#1            first  iters   58  total   14.7182 ± 0.0343  per-iter 0.2538  build 4.87  minflt 96  steal 0
path-16384.edges     pagerank   grust-next@counted#1            second iters   58  total   14.6027 ± 0.0217  per-iter 0.2518  build 4.87  minflt 64  steal 0
path-16384.edges     pagerank   grust-next@counted#unset        first  iters   58  total   60.3204 ± 0.1326  per-iter 1.0400  build 4.29  minflt 128  steal 0
path-16384.edges     pagerank   grust-next@counted#unset        second iters   58  total   60.1784 ± 0.1128  per-iter 1.0376  build 4.29  minflt 32  steal 0
path-16384.edges     pagerank   grust-next@counted+eager#1      first  iters   58  total   14.6610 ± 0.0055  per-iter 0.2528  build 4.38  minflt 96  steal 0
path-16384.edges     pagerank   grust-next@counted+eager#1      second iters   58  total   14.6166 ± 0.0056  per-iter 0.2520  build 4.38  minflt 64  steal 0
path-16384.edges     pagerank   grust-next@counted+eager#unset  first  iters   58  total   60.4119 ± 0.0062  per-iter 1.0416  build 5.14  minflt 128  steal 0
path-16384.edges     pagerank   grust-next@counted+eager#unset  second iters   58  total   60.2289 ± 0.0191  per-iter 1.0384  build 5.14  minflt 32  steal 0
path-16384.edges     pagerank   grust-next@unchecked#1          first  iters   58  total   11.4688 ± 0.0448  per-iter 0.1977  build 3.94  minflt 96  steal 0
path-16384.edges     pagerank   grust-next@unchecked#1          second iters   58  total   11.3881 ± 0.0016  per-iter 0.1963  build 3.94  minflt 64  steal 0
path-16384.edges     pagerank   grust-next@unchecked#unset      first  iters   58  total   27.0159 ± 0.0439  per-iter 0.4658  build 3.30  minflt 128  steal 0
path-16384.edges     pagerank   grust-next@unchecked#unset      second iters   58  total   26.8959 ± 0.0141  per-iter 0.4637  build 3.30  minflt 32  steal 0
path-16384.edges     pagerank   grust-next@work-uncounted#1     first  iters   58  total   12.0631 ± 0.0201  per-iter 0.2080  build 3.74  minflt 96  steal 0
path-16384.edges     pagerank   grust-next@work-uncounted#1     second iters   58  total   11.9628 ± 0.0247  per-iter 0.2063  build 3.74  minflt 64  steal 0
path-16384.edges     pagerank   grust-next@work-uncounted#unset first  iters   58  total   28.9987 ± 0.0367  per-iter 0.5000  build 3.38  minflt 128  steal 0
path-16384.edges     pagerank   grust-next@work-uncounted#unset second iters   58  total   28.8249 ± 0.0245  per-iter 0.4970  build 3.38  minflt 32  steal 0
path-16384.edges     pagerank   grustcat                               iters   58  total    9.9667 ± 0.1641  per-iter 0.1718  build 24.20  minflt 0  steal 0
path-16384.edges     pagerank   icebug                                 iters   54  total   12.8647 ± 0.1564  per-iter 0.2382  build 1.76  minflt 113  steal 0
path-16384.edges     pagerank   icecat                                 iters   58  total   11.1470 ± 0.0053  per-iter 0.1922  build 0.83  minflt 129  steal 0
path-16384.edges     triangles  grust#1                         first  iters    -  total    1.5198 ± 0.0962  per-iter -  build 5.11  minflt 256  steal 0
path-16384.edges     triangles  grust#1                         second iters    -  total    1.0846 ± 0.0377  per-iter -  build 5.11  minflt 32  steal 0
path-16384.edges     triangles  grust#unset                     first  iters    -  total    1.4613 ± 0.0514  per-iter -  build 5.07  minflt 256  steal 0
path-16384.edges     triangles  grust#unset                     second iters    -  total    1.2308 ± 0.0129  per-iter -  build 5.07  minflt 32  steal 0
path-16384.edges     triangles  grust-next@counted#1            first  iters    -  total    1.5614 ± 0.0451  per-iter -  build 4.46  minflt 256  steal 0
path-16384.edges     triangles  grust-next@counted#1            second iters    -  total    1.3908 ± 0.0200  per-iter -  build 4.46  minflt 256  steal 0
path-16384.edges     triangles  grust-next@counted#unset        first  iters    -  total    1.4297 ± 0.0204  per-iter -  build 4.53  minflt 256  steal 0
path-16384.edges     triangles  grust-next@counted#unset        second iters    -  total    1.1616 ± 0.0115  per-iter -  build 4.53  minflt 96  steal 0
path-16384.edges     triangles  grust-next@counted+eager#1      first  iters    -  total    1.4179 ± 0.0049  per-iter -  build 4.19  minflt 256  steal 0
path-16384.edges     triangles  grust-next@counted+eager#1      second iters    -  total    1.3993 ± 0.0309  per-iter -  build 4.19  minflt 256  steal 0
path-16384.edges     triangles  grust-next@counted+eager#unset  first  iters    -  total    1.4308 ± 0.0089  per-iter -  build 4.50  minflt 256  steal 0
path-16384.edges     triangles  grust-next@counted+eager#unset  second iters    -  total    1.1563 ± 0.0027  per-iter -  build 4.50  minflt 96  steal 0
path-16384.edges     triangles  grust-next@unchecked#1          first  iters    -  total    1.1580 ± 0.0191  per-iter -  build 3.45  minflt 256  steal 0
path-16384.edges     triangles  grust-next@unchecked#1          second iters    -  total    1.0899 ± 0.0002  per-iter -  build 3.45  minflt 256  steal 0
path-16384.edges     triangles  grust-next@unchecked#unset      first  iters    -  total    1.1347 ± 0.0139  per-iter -  build 3.48  minflt 256  steal 0
path-16384.edges     triangles  grust-next@unchecked#unset      second iters    -  total    0.8734 ± 0.0030  per-iter -  build 3.48  minflt 96  steal 0
path-16384.edges     triangles  grust-next@work-uncounted#1     first  iters    -  total    1.2329 ± 0.0214  per-iter -  build 3.55  minflt 256  steal 0
path-16384.edges     triangles  grust-next@work-uncounted#1     second iters    -  total    1.1685 ± 0.0185  per-iter -  build 3.55  minflt 256  steal 0
path-16384.edges     triangles  grust-next@work-uncounted#unset first  iters    -  total    1.2097 ± 0.0109  per-iter -  build 3.55  minflt 256  steal 0
path-16384.edges     triangles  grust-next@work-uncounted#unset second iters    -  total    0.9433 ± 0.0078  per-iter -  build 3.55  minflt 96  steal 0
path-16384.edges     triangles  neo4j-graph                            iters    -  total    0.2520 ± 0.0094  per-iter -  build 1.43  minflt 3  steal 0
path-16384.edges     wcc        grust#1                         first  iters    -  total    0.4285 ± 0.0052  per-iter -  build 4.85  minflt 32  steal 0
path-16384.edges     wcc        grust#1                         second iters    -  total    0.4400 ± 0.0086  per-iter -  build 4.85  minflt 32  steal 0
path-16384.edges     wcc        grust#unset                     first  iters    -  total    0.9926 ± 0.0122  per-iter -  build 5.09  minflt 32  steal 0
path-16384.edges     wcc        grust#unset                     second iters    -  total    0.9931 ± 0.0161  per-iter -  build 5.09  minflt 30  steal 0
path-16384.edges     wcc        grust-next@counted#1            first  iters    -  total    0.4467 ± 0.0117  per-iter -  build 4.37  minflt 32  steal 0
path-16384.edges     wcc        grust-next@counted#1            second iters    -  total    0.4054 ± 0.0011  per-iter -  build 4.37  minflt 16  steal 0
path-16384.edges     wcc        grust-next@counted#unset        first  iters    -  total    0.9661 ± 0.0012  per-iter -  build 4.34  minflt 32  steal 0
path-16384.edges     wcc        grust-next@counted#unset        second iters    -  total    1.0027 ± 0.0105  per-iter -  build 4.34  minflt 48  steal 0
path-16384.edges     wcc        grust-next@counted+eager#1      first  iters    -  total    0.4388 ± 0.0067  per-iter -  build 4.41  minflt 32  steal 0
path-16384.edges     wcc        grust-next@counted+eager#1      second iters    -  total    0.4411 ± 0.0039  per-iter -  build 4.41  minflt 32  steal 0
path-16384.edges     wcc        grust-next@counted+eager#unset  first  iters    -  total    0.9850 ± 0.0006  per-iter -  build 4.93  minflt 32  steal 0
path-16384.edges     wcc        grust-next@counted+eager#unset  second iters    -  total    1.0103 ± 0.0177  per-iter -  build 4.93  minflt 48  steal 0
path-16384.edges     wcc        grust-next@unchecked#1          first  iters    -  total    0.2997 ± 0.0049  per-iter -  build 3.52  minflt 32  steal 0
path-16384.edges     wcc        grust-next@unchecked#1          second iters    -  total    0.2599 ± 0.0017  per-iter -  build 3.52  minflt 16  steal 0
path-16384.edges     wcc        grust-next@unchecked#unset      first  iters    -  total    0.3277 ± 0.0013  per-iter -  build 3.34  minflt 32  steal 0
path-16384.edges     wcc        grust-next@unchecked#unset      second iters    -  total    0.3486 ± 0.0024  per-iter -  build 3.34  minflt 48  steal 0
path-16384.edges     wcc        grust-next@work-uncounted#1     first  iters    -  total    0.2964 ± 0.0014  per-iter -  build 3.36  minflt 32  steal 0
path-16384.edges     wcc        grust-next@work-uncounted#1     second iters    -  total    0.2707 ± 0.0012  per-iter -  build 3.36  minflt 16  steal 0
path-16384.edges     wcc        grust-next@work-uncounted#unset first  iters    -  total    0.3721 ± 0.0089  per-iter -  build 3.40  minflt 32  steal 0
path-16384.edges     wcc        grust-next@work-uncounted#unset second iters    -  total    0.3977 ± 0.0131  per-iter -  build 3.40  minflt 48  steal 0
path-16384.edges     wcc        grustcat                               iters    -  total    0.1578 ± 0.0005  per-iter -  build 24.43  minflt 0  steal 0
path-16384.edges     wcc        icebug                                 iters    -  total    0.3394 ± 0.0063  per-iter -  build 1.78  minflt 41  steal 0
path-16384.edges     wcc        icecat                                 iters    -  total    0.2730 ± 0.0004  per-iter -  build 0.80  minflt 64  steal 0
path-16384.edges     wcc        neo4j-graph                            iters    -  total    0.7643 ± 0.0026  per-iter -  build 1.41  minflt 31  steal 0
path-65536.edges     bfs        grust#1                         first  iters    -  total    1.6774 ± 0.0149  per-iter -  build 21.06  minflt 144  steal 0
path-65536.edges     bfs        grust#1                         second iters    -  total    1.3593 ± 0.0022  per-iter -  build 21.06  minflt 0  steal 0
path-65536.edges     bfs        grust#unset                     first  iters    -  total    1.6767 ± 0.0121  per-iter -  build 20.88  minflt 144  steal 0
path-65536.edges     bfs        grust#unset                     second iters    -  total    1.3808 ± 0.0114  per-iter -  build 20.88  minflt 0  steal 0
path-65536.edges     bfs        grust-next@counted#1            first  iters    -  total    1.5808 ± 0.0263  per-iter -  build 17.96  minflt 128  steal 0
path-65536.edges     bfs        grust-next@counted#1            second iters    -  total    1.3030 ± 0.0004  per-iter -  build 17.96  minflt 0  steal 0
path-65536.edges     bfs        grust-next@counted#unset        first  iters    -  total    1.6355 ± 0.0062  per-iter -  build 19.30  minflt 144  steal 0
path-65536.edges     bfs        grust-next@counted#unset        second iters    -  total    1.3034 ± 0.0002  per-iter -  build 19.30  minflt 0  steal 0
path-65536.edges     bfs        grust-next@counted+eager#1      first  iters    -  total    1.5726 ± 0.0024  per-iter -  build 19.37  minflt 128  steal 0
path-65536.edges     bfs        grust-next@counted+eager#1      second iters    -  total    1.3047 ± 0.0006  per-iter -  build 19.37  minflt 0  steal 0
path-65536.edges     bfs        grust-next@counted+eager#unset  first  iters    -  total    1.8396 ± 0.0088  per-iter -  build 21.79  minflt 256  steal 0
path-65536.edges     bfs        grust-next@counted+eager#unset  second iters    -  total    1.3059 ± 0.0008  per-iter -  build 21.79  minflt 0  steal 0
path-65536.edges     bfs        grust-next@unchecked#1          first  iters    -  total    0.7384 ± 0.0080  per-iter -  build 14.27  minflt 128  steal 0
path-65536.edges     bfs        grust-next@unchecked#1          second iters    -  total    0.4696 ± 0.0003  per-iter -  build 14.27  minflt 0  steal 0
path-65536.edges     bfs        grust-next@unchecked#unset      first  iters    -  total    0.7726 ± 0.0175  per-iter -  build 14.82  minflt 144  steal 0
path-65536.edges     bfs        grust-next@unchecked#unset      second iters    -  total    0.4529 ± 0.0005  per-iter -  build 14.82  minflt 0  steal 0
path-65536.edges     bfs        grust-next@work-uncounted#1     first  iters    -  total    0.8807 ± 0.0080  per-iter -  build 15.45  minflt 128  steal 0
path-65536.edges     bfs        grust-next@work-uncounted#1     second iters    -  total    0.6042 ± 0.0022  per-iter -  build 15.45  minflt 0  steal 0
path-65536.edges     bfs        grust-next@work-uncounted#unset first  iters    -  total    0.8824 ± 0.0023  per-iter -  build 14.48  minflt 144  steal 0
path-65536.edges     bfs        grust-next@work-uncounted#unset second iters    -  total    0.6005 ± 0.0004  per-iter -  build 14.48  minflt 0  steal 0
path-65536.edges     bfs        grustcat                               iters    -  total    0.5648 ± 0.0006  per-iter -  build 103.05  minflt 0  steal 0
path-65536.edges     bfs        icebug                                 iters    -  total    0.9459 ± 0.0114  per-iter -  build 6.90  minflt 132  steal 0
path-65536.edges     bfs        icecat                                 iters    -  total    1.1208 ± 0.0018  per-iter -  build 4.16  minflt 256  steal 0
path-65536.edges     pagerank   grust#1                         first  iters   50  total   54.1224 ± 0.0806  per-iter 1.0824  build 21.08  minflt 640  steal 0
path-65536.edges     pagerank   grust#1                         second iters   50  total   51.0050 ± 0.1022  per-iter 1.0201  build 21.08  minflt 0  steal 0
path-65536.edges     pagerank   grust#unset                     first  iters   50  total  230.7075 ± 0.1849  per-iter 4.6142  build 21.25  minflt 512  steal 0
path-65536.edges     pagerank   grust#unset                     second iters   50  total  229.6801 ± 0.0893  per-iter 4.5936  build 21.25  minflt 128  steal 0
path-65536.edges     pagerank   grust-next@counted#1            first  iters   50  total   52.1455 ± 0.2226  per-iter 1.0429  build 19.49  minflt 384  steal 0
path-65536.edges     pagerank   grust-next@counted#1            second iters   50  total   51.7581 ± 0.1076  per-iter 1.0352  build 19.49  minflt 352  steal 0
path-65536.edges     pagerank   grust-next@counted#unset        first  iters   50  total  210.2565 ± 0.6867  per-iter 4.2051  build 19.14  minflt 512  steal 0
path-65536.edges     pagerank   grust-next@counted#unset        second iters   50  total  208.6722 ± 0.1833  per-iter 4.1734  build 19.14  minflt 128  steal 0
path-65536.edges     pagerank   grust-next@counted+eager#1      first  iters   50  total   52.0000 ± 0.0700  per-iter 1.0400  build 19.54  minflt 384  steal 0
path-65536.edges     pagerank   grust-next@counted+eager#1      second iters   50  total   51.6975 ± 0.0289  per-iter 1.0339  build 19.54  minflt 352  steal 0
path-65536.edges     pagerank   grust-next@counted+eager#unset  first  iters   50  total  209.9018 ± 0.0834  per-iter 4.1980  build 21.33  minflt 512  steal 0
path-65536.edges     pagerank   grust-next@counted+eager#unset  second iters   50  total  208.8952 ± 0.3216  per-iter 4.1779  build 21.33  minflt 128  steal 0
path-65536.edges     pagerank   grust-next@unchecked#1          first  iters   50  total   40.6235 ± 0.0713  per-iter 0.8125  build 16.06  minflt 384  steal 0
path-65536.edges     pagerank   grust-next@unchecked#1          second iters   50  total   40.3649 ± 0.1194  per-iter 0.8073  build 16.06  minflt 352  steal 0
path-65536.edges     pagerank   grust-next@unchecked#unset      first  iters   50  total   94.4451 ± 0.1991  per-iter 1.8889  build 15.04  minflt 512  steal 0
path-65536.edges     pagerank   grust-next@unchecked#unset      second iters   50  total   93.2574 ± 0.0362  per-iter 1.8651  build 15.04  minflt 128  steal 0
path-65536.edges     pagerank   grust-next@work-uncounted#1     first  iters   50  total   42.7302 ± 0.0774  per-iter 0.8546  build 16.18  minflt 384  steal 0
path-65536.edges     pagerank   grust-next@work-uncounted#1     second iters   50  total   42.4410 ± 0.0458  per-iter 0.8488  build 16.18  minflt 352  steal 0
path-65536.edges     pagerank   grust-next@work-uncounted#unset first  iters   50  total  100.1110 ± 0.3043  per-iter 2.0022  build 15.57  minflt 512  steal 0
path-65536.edges     pagerank   grust-next@work-uncounted#unset second iters   50  total   99.2225 ± 0.2587  per-iter 1.9844  build 15.57  minflt 128  steal 0
path-65536.edges     pagerank   grustcat                               iters   50  total   34.3754 ± 0.2634  per-iter 0.6875  build 102.72  minflt 0  steal 0
path-65536.edges     pagerank   icebug                                 iters   46  total   42.9694 ± 0.0191  per-iter 0.9341  build 7.02  minflt 401  steal 0
path-65536.edges     pagerank   icecat                                 iters   50  total   39.0377 ± 0.0580  per-iter 0.7808  build 4.28  minflt 606  steal 0
path-65536.edges     triangles  grust#1                         first  iters    -  total    6.1384 ± 0.0294  per-iter -  build 21.62  minflt 1024  steal 0
path-65536.edges     triangles  grust#1                         second iters    -  total    4.3202 ± 0.0068  per-iter -  build 21.62  minflt 128  steal 0
path-65536.edges     triangles  grust#unset                     first  iters    -  total    6.1754 ± 0.0299  per-iter -  build 21.81  minflt 1024  steal 0
path-65536.edges     triangles  grust#unset                     second iters    -  total    4.9940 ± 0.0128  per-iter -  build 21.81  minflt 128  steal 0
path-65536.edges     triangles  grust-next@counted#1            first  iters    -  total    6.1752 ± 0.0173  per-iter -  build 18.32  minflt 1024  steal 0
path-65536.edges     triangles  grust-next@counted#1            second iters    -  total    5.7877 ± 0.0285  per-iter -  build 18.32  minflt 1120  steal 0
path-65536.edges     triangles  grust-next@counted#unset        first  iters    -  total    6.2133 ± 0.0639  per-iter -  build 19.92  minflt 1024  steal 0
path-65536.edges     triangles  grust-next@counted#unset        second iters    -  total    4.7446 ± 0.0459  per-iter -  build 19.92  minflt 384  steal 0
path-65536.edges     triangles  grust-next@counted+eager#1      first  iters    -  total    6.2178 ± 0.0259  per-iter -  build 18.69  minflt 1024  steal 0
path-65536.edges     triangles  grust-next@counted+eager#1      second iters    -  total    5.7973 ± 0.0289  per-iter -  build 18.69  minflt 1120  steal 0
path-65536.edges     triangles  grust-next@counted+eager#unset  first  iters    -  total    6.4070 ± 0.1478  per-iter -  build 19.74  minflt 1024  steal 0
path-65536.edges     triangles  grust-next@counted+eager#unset  second iters    -  total    4.7285 ± 0.0207  per-iter -  build 19.74  minflt 384  steal 0
path-65536.edges     triangles  grust-next@unchecked#1          first  iters    -  total    5.1183 ± 0.0504  per-iter -  build 16.49  minflt 1024  steal 0
path-65536.edges     triangles  grust-next@unchecked#1          second iters    -  total    4.6798 ± 0.0259  per-iter -  build 16.49  minflt 1120  steal 0
path-65536.edges     triangles  grust-next@unchecked#unset      first  iters    -  total    5.1749 ± 0.0596  per-iter -  build 16.12  minflt 1024  steal 0
path-65536.edges     triangles  grust-next@unchecked#unset      second iters    -  total    3.5707 ± 0.0048  per-iter -  build 16.12  minflt 384  steal 0
path-65536.edges     triangles  grust-next@work-uncounted#1     first  iters    -  total    5.3914 ± 0.0370  per-iter -  build 16.07  minflt 1024  steal 0
path-65536.edges     triangles  grust-next@work-uncounted#1     second iters    -  total    4.9363 ± 0.0151  per-iter -  build 16.07  minflt 1120  steal 0
path-65536.edges     triangles  grust-next@work-uncounted#unset first  iters    -  total    5.3732 ± 0.0395  per-iter -  build 16.05  minflt 1024  steal 0
path-65536.edges     triangles  grust-next@work-uncounted#unset second iters    -  total    3.8363 ± 0.0048  per-iter -  build 16.05  minflt 384  steal 0
path-65536.edges     triangles  neo4j-graph                            iters    -  total    0.6440 ± 0.0118  per-iter -  build 5.12  minflt 3  steal 0
path-65536.edges     wcc        grust#1                         first  iters    -  total    1.7726 ± 0.0023  per-iter -  build 21.01  minflt 128  steal 0
path-65536.edges     wcc        grust#1                         second iters    -  total    1.8131 ± 0.0097  per-iter -  build 21.01  minflt 127  steal 0
path-65536.edges     wcc        grust#unset                     first  iters    -  total    3.9817 ± 0.0099  per-iter -  build 20.82  minflt 128  steal 0
path-65536.edges     wcc        grust#unset                     second iters    -  total    3.9745 ± 0.0049  per-iter -  build 20.82  minflt 126  steal 0
path-65536.edges     wcc        grust-next@counted#1            first  iters    -  total    1.7884 ± 0.0105  per-iter -  build 17.82  minflt 128  steal 0
path-65536.edges     wcc        grust-next@counted#1            second iters    -  total    1.6362 ± 0.0019  per-iter -  build 17.82  minflt 64  steal 0
path-65536.edges     wcc        grust-next@counted#unset        first  iters    -  total    3.9571 ± 0.0091  per-iter -  build 18.38  minflt 128  steal 0
path-65536.edges     wcc        grust-next@counted#unset        second iters    -  total    4.0687 ± 0.0092  per-iter -  build 18.38  minflt 192  steal 0
path-65536.edges     wcc        grust-next@counted+eager#1      first  iters    -  total    1.8101 ± 0.0163  per-iter -  build 19.62  minflt 128  steal 0
path-65536.edges     wcc        grust-next@counted+eager#1      second iters    -  total    1.7708 ± 0.0120  per-iter -  build 19.62  minflt 128  steal 0
path-65536.edges     wcc        grust-next@counted+eager#unset  first  iters    -  total    3.9657 ± 0.0079  per-iter -  build 21.02  minflt 128  steal 0
path-65536.edges     wcc        grust-next@counted+eager#unset  second iters    -  total    4.0871 ± 0.0212  per-iter -  build 21.02  minflt 192  steal 0
path-65536.edges     wcc        grust-next@unchecked#1          first  iters    -  total    1.2125 ± 0.0110  per-iter -  build 14.56  minflt 128  steal 0
path-65536.edges     wcc        grust-next@unchecked#1          second iters    -  total    1.0609 ± 0.0034  per-iter -  build 14.56  minflt 64  steal 0
path-65536.edges     wcc        grust-next@unchecked#unset      first  iters    -  total    1.3867 ± 0.0096  per-iter -  build 15.26  minflt 128  steal 0
path-65536.edges     wcc        grust-next@unchecked#unset      second iters    -  total    1.4956 ± 0.0092  per-iter -  build 15.26  minflt 192  steal 0
path-65536.edges     wcc        grust-next@work-uncounted#1     first  iters    -  total    1.2669 ± 0.0132  per-iter -  build 14.73  minflt 128  steal 0
path-65536.edges     wcc        grust-next@work-uncounted#1     second iters    -  total    1.1118 ± 0.0022  per-iter -  build 14.73  minflt 64  steal 0
path-65536.edges     wcc        grust-next@work-uncounted#unset first  iters    -  total    1.5185 ± 0.0083  per-iter -  build 14.79  minflt 128  steal 0
path-65536.edges     wcc        grust-next@work-uncounted#unset second iters    -  total    1.6519 ± 0.0114  per-iter -  build 14.79  minflt 192  steal 0
path-65536.edges     wcc        grustcat                               iters    -  total    0.6287 ± 0.0035  per-iter -  build 102.85  minflt 1  steal 0
path-65536.edges     wcc        icebug                                 iters    -  total    1.2138 ± 0.0062  per-iter -  build 7.05  minflt 137  steal 0
path-65536.edges     wcc        icecat                                 iters    -  total    1.0818 ± 0.0095  per-iter -  build 4.18  minflt 256  steal 0
path-65536.edges     wcc        neo4j-graph                            iters    -  total    2.5961 ± 0.0044  per-iter -  build 4.88  minflt 33  steal 0
uniform-16384.edges  bfs        grust#1                         first  iters    -  total    1.5766 ± 0.0106  per-iter -  build 17.27  minflt 36  steal 0
uniform-16384.edges  bfs        grust#1                         second iters    -  total    1.4611 ± 0.0063  per-iter -  build 17.27  minflt 0  steal 0
uniform-16384.edges  bfs        grust#unset                     first  iters    -  total    1.5712 ± 0.0138  per-iter -  build 16.98  minflt 36  steal 0
uniform-16384.edges  bfs        grust#unset                     second iters    -  total    1.4720 ± 0.0156  per-iter -  build 16.98  minflt 0  steal 0
uniform-16384.edges  bfs        grust-next@counted#1            first  iters    -  total    1.5923 ± 0.0077  per-iter -  build 10.47  minflt 32  steal 0
uniform-16384.edges  bfs        grust-next@counted#1            second iters    -  total    1.4598 ± 0.0035  per-iter -  build 10.47  minflt 0  steal 0
uniform-16384.edges  bfs        grust-next@counted#unset        first  iters    -  total    1.6156 ± 0.0043  per-iter -  build 12.62  minflt 36  steal 0
uniform-16384.edges  bfs        grust-next@counted#unset        second iters    -  total    1.4655 ± 0.0051  per-iter -  build 12.62  minflt 0  steal 0
uniform-16384.edges  bfs        grust-next@counted+eager#1      first  iters    -  total    1.5950 ± 0.0349  per-iter -  build 11.25  minflt 32  steal 0
uniform-16384.edges  bfs        grust-next@counted+eager#1      second iters    -  total    1.4714 ± 0.0073  per-iter -  build 11.25  minflt 0  steal 0
uniform-16384.edges  bfs        grust-next@counted+eager#unset  first  iters    -  total    1.6528 ± 0.0293  per-iter -  build 14.50  minflt 64  steal 0
uniform-16384.edges  bfs        grust-next@counted+eager#unset  second iters    -  total    1.4820 ± 0.0131  per-iter -  build 14.50  minflt 0  steal 0
uniform-16384.edges  bfs        grust-next@unchecked#1          first  iters    -  total    0.9326 ± 0.0127  per-iter -  build 7.93  minflt 32  steal 0
uniform-16384.edges  bfs        grust-next@unchecked#1          second iters    -  total    0.7785 ± 0.0070  per-iter -  build 7.93  minflt 0  steal 0
uniform-16384.edges  bfs        grust-next@unchecked#unset      first  iters    -  total    0.9513 ± 0.0166  per-iter -  build 8.56  minflt 36  steal 0
uniform-16384.edges  bfs        grust-next@unchecked#unset      second iters    -  total    0.7890 ± 0.0013  per-iter -  build 8.56  minflt 0  steal 0
uniform-16384.edges  bfs        grust-next@work-uncounted#1     first  iters    -  total    1.0248 ± 0.0197  per-iter -  build 8.74  minflt 32  steal 0
uniform-16384.edges  bfs        grust-next@work-uncounted#1     second iters    -  total    0.8940 ± 0.0226  per-iter -  build 8.74  minflt 0  steal 0
uniform-16384.edges  bfs        grust-next@work-uncounted#unset first  iters    -  total    1.0439 ± 0.0214  per-iter -  build 8.72  minflt 36  steal 0
uniform-16384.edges  bfs        grust-next@work-uncounted#unset second iters    -  total    0.8726 ± 0.0030  per-iter -  build 8.72  minflt 0  steal 0
uniform-16384.edges  bfs        grustcat                               iters    -  total    0.6735 ± 0.0191  per-iter -  build 78.29  minflt 0  steal 0
uniform-16384.edges  bfs        icebug                                 iters    -  total    1.4560 ± 0.0213  per-iter -  build 9.06  minflt 57  steal 0
uniform-16384.edges  bfs        icecat                                 iters    -  total    0.8915 ± 0.0129  per-iter -  build 6.84  minflt 97  steal 0
uniform-16384.edges  pagerank   grust#1                         first  iters   16  total   11.1127 ± 0.0112  per-iter 0.6945  build 16.99  minflt 384  steal 0
uniform-16384.edges  pagerank   grust#1                         second iters   16  total    9.2029 ± 0.0018  per-iter 0.5752  build 16.99  minflt 0  steal 0
uniform-16384.edges  pagerank   grust#unset                     first  iters   16  total   47.9384 ± 0.0148  per-iter 2.9961  build 17.58  minflt 128  steal 0
uniform-16384.edges  pagerank   grust#unset                     second iters   16  total   47.7272 ± 0.0137  per-iter 2.9830  build 17.58  minflt 32  steal 0
uniform-16384.edges  pagerank   grust-next@counted#1            first  iters   16  total    7.7519 ± 0.0232  per-iter 0.4845  build 11.29  minflt 96  steal 0
uniform-16384.edges  pagerank   grust-next@counted#1            second iters   16  total    7.5403 ± 0.0176  per-iter 0.4713  build 11.29  minflt 0  steal 0
uniform-16384.edges  pagerank   grust-next@counted#unset        first  iters   16  total   21.7002 ± 0.0193  per-iter 1.3563  build 12.58  minflt 128  steal 0
uniform-16384.edges  pagerank   grust-next@counted#unset        second iters   16  total   21.4977 ± 0.0097  per-iter 1.3436  build 12.58  minflt 32  steal 0
uniform-16384.edges  pagerank   grust-next@counted+eager#1      first  iters   16  total    7.7431 ± 0.0157  per-iter 0.4839  build 11.24  minflt 96  steal 0
uniform-16384.edges  pagerank   grust-next@counted+eager#1      second iters   16  total    7.5368 ± 0.0036  per-iter 0.4711  build 11.24  minflt 0  steal 0
uniform-16384.edges  pagerank   grust-next@counted+eager#unset  first  iters   16  total   22.3249 ± 0.6145  per-iter 1.3953  build 14.99  minflt 128  steal 0
uniform-16384.edges  pagerank   grust-next@counted+eager#unset  second iters   16  total   21.5573 ± 0.0566  per-iter 1.3473  build 14.99  minflt 32  steal 0
uniform-16384.edges  pagerank   grust-next@unchecked#1          first  iters   16  total    7.0682 ± 0.0055  per-iter 0.4418  build 9.15  minflt 96  steal 0
uniform-16384.edges  pagerank   grust-next@unchecked#1          second iters   16  total    6.8514 ± 0.0048  per-iter 0.4282  build 9.15  minflt 0  steal 0
uniform-16384.edges  pagerank   grust-next@unchecked#unset      first  iters   16  total   12.7497 ± 0.0139  per-iter 0.7969  build 8.37  minflt 128  steal 0
uniform-16384.edges  pagerank   grust-next@unchecked#unset      second iters   16  total   12.5735 ± 0.0181  per-iter 0.7858  build 8.37  minflt 32  steal 0
uniform-16384.edges  pagerank   grust-next@work-uncounted#1     first  iters   16  total    7.2791 ± 0.0154  per-iter 0.4549  build 9.41  minflt 96  steal 0
uniform-16384.edges  pagerank   grust-next@work-uncounted#1     second iters   16  total    7.0612 ± 0.0056  per-iter 0.4413  build 9.41  minflt 0  steal 0
uniform-16384.edges  pagerank   grust-next@work-uncounted#unset first  iters   16  total   13.1945 ± 0.0196  per-iter 0.8247  build 8.73  minflt 128  steal 0
uniform-16384.edges  pagerank   grust-next@work-uncounted#unset second iters   16  total   13.0326 ± 0.0110  per-iter 0.8145  build 8.73  minflt 32  steal 0
uniform-16384.edges  pagerank   grustcat                               iters   16  total    6.7956 ± 0.0281  per-iter 0.4247  build 79.21  minflt 0  steal 0
uniform-16384.edges  pagerank   icebug                                 iters   12  total    7.7780 ± 0.0564  per-iter 0.6482  build 9.19  minflt 111  steal 0
uniform-16384.edges  pagerank   icecat                                 iters   16  total    8.0181 ± 0.0075  per-iter 0.5011  build 6.75  minflt 128  steal 0
uniform-16384.edges  pagerank   neo4j-graph                            iters   28  total   10.4016 ± 0.0375  per-iter 0.3715  build 7.37  minflt 23  steal 0
uniform-16384.edges  triangles  grust#1                         first  iters    -  total   18.9485 ± 0.0616  per-iter -  build 19.97  minflt 928  steal 0
uniform-16384.edges  triangles  grust#1                         second iters    -  total   16.9725 ± 0.0386  per-iter -  build 19.97  minflt 32  steal 0
uniform-16384.edges  triangles  grust#unset                     first  iters    -  total   19.0343 ± 0.0094  per-iter -  build 20.58  minflt 928  steal 0
uniform-16384.edges  triangles  grust#unset                     second iters    -  total   17.0231 ± 0.0142  per-iter -  build 20.58  minflt 32  steal 0
uniform-16384.edges  triangles  grust-next@counted#1            first  iters    -  total   17.9469 ± 0.0176  per-iter -  build 12.79  minflt 417  steal 0
uniform-16384.edges  triangles  grust-next@counted#1            second iters    -  total   17.6628 ± 0.0247  per-iter -  build 12.79  minflt 512  steal 0
uniform-16384.edges  triangles  grust-next@counted#unset        first  iters    -  total   17.9510 ± 0.0173  per-iter -  build 15.71  minflt 417  steal 0
uniform-16384.edges  triangles  grust-next@counted#unset        second iters    -  total   17.6831 ± 0.0320  per-iter -  build 15.71  minflt 544  steal 0
uniform-16384.edges  triangles  grust-next@counted+eager#1      first  iters    -  total   17.9295 ± 0.0976  per-iter -  build 12.84  minflt 417  steal 0
uniform-16384.edges  triangles  grust-next@counted+eager#1      second iters    -  total   17.6674 ± 0.0494  per-iter -  build 12.84  minflt 512  steal 0
uniform-16384.edges  triangles  grust-next@counted+eager#unset  first  iters    -  total   17.9325 ± 0.0882  per-iter -  build 16.30  minflt 417  steal 0
uniform-16384.edges  triangles  grust-next@counted+eager#unset  second iters    -  total   17.6075 ± 0.0253  per-iter -  build 16.30  minflt 544  steal 0
uniform-16384.edges  triangles  grust-next@unchecked#1          first  iters    -  total   17.5186 ± 0.0377  per-iter -  build 10.94  minflt 417  steal 0
uniform-16384.edges  triangles  grust-next@unchecked#1          second iters    -  total   17.2255 ± 0.0499  per-iter -  build 10.94  minflt 512  steal 0
uniform-16384.edges  triangles  grust-next@unchecked#unset      first  iters    -  total   17.5736 ± 0.0456  per-iter -  build 11.28  minflt 417  steal 0
uniform-16384.edges  triangles  grust-next@unchecked#unset      second iters    -  total   17.2113 ± 0.0528  per-iter -  build 11.28  minflt 544  steal 0
uniform-16384.edges  triangles  grust-next@work-uncounted#1     first  iters    -  total   17.7436 ± 0.0167  per-iter -  build 11.20  minflt 417  steal 0
uniform-16384.edges  triangles  grust-next@work-uncounted#1     second iters    -  total   17.4628 ± 0.0126  per-iter -  build 11.20  minflt 512  steal 0
uniform-16384.edges  triangles  grust-next@work-uncounted#unset first  iters    -  total   17.6879 ± 0.0251  per-iter -  build 11.71  minflt 417  steal 0
uniform-16384.edges  triangles  grust-next@work-uncounted#unset second iters    -  total   17.3545 ± 0.0245  per-iter -  build 11.71  minflt 544  steal 0
uniform-16384.edges  triangles  neo4j-graph                            iters    -  total    8.8820 ± 0.1897  per-iter -  build 7.37  minflt 4  steal 0
uniform-16384.edges  wcc        grust#1                         first  iters    -  total    2.0385 ± 0.0046  per-iter -  build 17.28  minflt 32  steal 0
uniform-16384.edges  wcc        grust#1                         second iters    -  total    2.2605 ± 0.0152  per-iter -  build 17.28  minflt 31  steal 0
uniform-16384.edges  wcc        grust#unset                     first  iters    -  total    4.1452 ± 0.0015  per-iter -  build 17.17  minflt 32  steal 0
uniform-16384.edges  wcc        grust#unset                     second iters    -  total    4.1410 ± 0.0041  per-iter -  build 17.17  minflt 31  steal 0
uniform-16384.edges  wcc        grust-next@counted#1            first  iters    -  total    2.3160 ± 0.0066  per-iter -  build 9.96  minflt 32  steal 0
uniform-16384.edges  wcc        grust-next@counted#1            second iters    -  total    2.2712 ± 0.0077  per-iter -  build 9.96  minflt 15  steal 0
uniform-16384.edges  wcc        grust-next@counted#unset        first  iters    -  total    4.0941 ± 0.0024  per-iter -  build 12.64  minflt 32  steal 0
uniform-16384.edges  wcc        grust-next@counted#unset        second iters    -  total    4.0913 ± 0.0056  per-iter -  build 12.64  minflt 31  steal 0
uniform-16384.edges  wcc        grust-next@counted+eager#1      first  iters    -  total    2.3183 ± 0.0073  per-iter -  build 11.35  minflt 32  steal 0
uniform-16384.edges  wcc        grust-next@counted+eager#1      second iters    -  total    2.3196 ± 0.0108  per-iter -  build 11.35  minflt 31  steal 0
uniform-16384.edges  wcc        grust-next@counted+eager#unset  first  iters    -  total    4.0956 ± 0.0023  per-iter -  build 13.95  minflt 32  steal 0
uniform-16384.edges  wcc        grust-next@counted+eager#unset  second iters    -  total    4.0925 ± 0.0035  per-iter -  build 13.95  minflt 31  steal 0
uniform-16384.edges  wcc        grust-next@unchecked#1          first  iters    -  total    1.8582 ± 0.0102  per-iter -  build 7.46  minflt 32  steal 0
uniform-16384.edges  wcc        grust-next@unchecked#1          second iters    -  total    1.8209 ± 0.0103  per-iter -  build 7.46  minflt 16  steal 0
uniform-16384.edges  wcc        grust-next@unchecked#unset      first  iters    -  total    1.4315 ± 0.0094  per-iter -  build 8.57  minflt 32  steal 0
uniform-16384.edges  wcc        grust-next@unchecked#unset      second iters    -  total    1.4266 ± 0.0024  per-iter -  build 8.57  minflt 30  steal 0
uniform-16384.edges  wcc        grust-next@work-uncounted#1     first  iters    -  total    2.0176 ± 0.0055  per-iter -  build 7.40  minflt 32  steal 0
uniform-16384.edges  wcc        grust-next@work-uncounted#1     second iters    -  total    1.9635 ± 0.0039  per-iter -  build 7.40  minflt 16  steal 0
uniform-16384.edges  wcc        grust-next@work-uncounted#unset first  iters    -  total    1.6916 ± 0.0019  per-iter -  build 8.75  minflt 32  steal 0
uniform-16384.edges  wcc        grust-next@work-uncounted#unset second iters    -  total    1.6793 ± 0.0107  per-iter -  build 8.75  minflt 31  steal 0
uniform-16384.edges  wcc        grustcat                               iters    -  total    0.7414 ± 0.0016  per-iter -  build 78.54  minflt 0  steal 0
uniform-16384.edges  wcc        icebug                                 iters    -  total    2.2664 ± 0.0203  per-iter -  build 9.11  minflt 68  steal 0
uniform-16384.edges  wcc        icecat                                 iters    -  total    1.0725 ± 0.0041  per-iter -  build 6.82  minflt 65  steal 0
uniform-16384.edges  wcc        neo4j-graph                            iters    -  total    1.0033 ± 0.0028  per-iter -  build 7.71  minflt 0  steal 0
uniform-65536.edges  bfs        grust#1                         first  iters    -  total    6.3886 ± 0.0480  per-iter -  build 69.63  minflt 210  steal 0
uniform-65536.edges  bfs        grust#1                         second iters    -  total    5.5159 ± 0.0091  per-iter -  build 69.63  minflt 0  steal 0
uniform-65536.edges  bfs        grust#unset                     first  iters    -  total    7.0646 ± 0.1105  per-iter -  build 70.84  minflt 144  steal 0
uniform-65536.edges  bfs        grust#unset                     second iters    -  total    6.3659 ± 0.0590  per-iter -  build 70.84  minflt 0  steal 0
uniform-65536.edges  bfs        grust-next@counted#1            first  iters    -  total    6.6288 ± 0.0360  per-iter -  build 39.34  minflt 134  steal 0
uniform-65536.edges  bfs        grust-next@counted#1            second iters    -  total    5.6006 ± 0.0069  per-iter -  build 39.34  minflt 0  steal 0
uniform-65536.edges  bfs        grust-next@counted#unset        first  iters    -  total    7.5395 ± 0.0448  per-iter -  build 49.17  minflt 144  steal 0
uniform-65536.edges  bfs        grust-next@counted#unset        second iters    -  total    6.4576 ± 0.0215  per-iter -  build 49.17  minflt 0  steal 0
uniform-65536.edges  bfs        grust-next@counted+eager#1      first  iters    -  total    6.2174 ± 0.0522  per-iter -  build 45.53  minflt 198  steal 0
uniform-65536.edges  bfs        grust-next@counted+eager#1      second iters    -  total    5.5910 ± 0.0129  per-iter -  build 45.53  minflt 0  steal 0
uniform-65536.edges  bfs        grust-next@counted+eager#unset  first  iters    -  total    7.3242 ± 0.0899  per-iter -  build 58.44  minflt 256  steal 0
uniform-65536.edges  bfs        grust-next@counted+eager#unset  second iters    -  total    6.4376 ± 0.0112  per-iter -  build 58.44  minflt 0  steal 0
uniform-65536.edges  bfs        grust-next@unchecked#1          first  iters    -  total    6.3787 ± 0.0251  per-iter -  build 31.61  minflt 134  steal 0
uniform-65536.edges  bfs        grust-next@unchecked#1          second iters    -  total    5.3497 ± 0.0236  per-iter -  build 31.61  minflt 0  steal 0
uniform-65536.edges  bfs        grust-next@unchecked#unset      first  iters    -  total    5.7304 ± 0.0643  per-iter -  build 33.05  minflt 144  steal 0
uniform-65536.edges  bfs        grust-next@unchecked#unset      second iters    -  total    4.5432 ± 0.0843  per-iter -  build 33.05  minflt 0  steal 0
uniform-65536.edges  bfs        grust-next@work-uncounted#1     first  iters    -  total    6.2913 ± 0.1726  per-iter -  build 31.81  minflt 134  steal 0
uniform-65536.edges  bfs        grust-next@work-uncounted#1     second iters    -  total    5.3326 ± 0.0171  per-iter -  build 31.81  minflt 0  steal 0
uniform-65536.edges  bfs        grust-next@work-uncounted#unset first  iters    -  total    6.2343 ± 0.0496  per-iter -  build 34.35  minflt 144  steal 0
uniform-65536.edges  bfs        grust-next@work-uncounted#unset second iters    -  total    5.1244 ± 0.0482  per-iter -  build 34.35  minflt 0  steal 0
uniform-65536.edges  bfs        grustcat                               iters    -  total    4.3579 ± 0.1151  per-iter -  build 361.29  minflt 0  steal 0
uniform-65536.edges  bfs        icebug                                 iters    -  total    8.4350 ± 0.1438  per-iter -  build 42.09  minflt 216  steal 0
uniform-65536.edges  bfs        icecat                                 iters    -  total    3.9317 ± 0.0415  per-iter -  build 17.95  minflt 180  steal 0
uniform-65536.edges  pagerank   grust#1                         first  iters   16  total   51.5089 ± 0.4339  per-iter 3.2193  build 71.17  minflt 1025  steal 0
uniform-65536.edges  pagerank   grust#1                         second iters   16  total   42.8672 ± 0.3346  per-iter 2.6792  build 71.17  minflt 0  steal 0
uniform-65536.edges  pagerank   grust#unset                     first  iters   16  total  192.3370 ± 0.3589  per-iter 12.0211  build 70.30  minflt 512  steal 0
uniform-65536.edges  pagerank   grust#unset                     second iters   16  total  191.5444 ± 0.1309  per-iter 11.9715  build 70.30  minflt 128  steal 0
uniform-65536.edges  pagerank   grust-next@counted#1            first  iters   16  total   32.4828 ± 0.2030  per-iter 2.0302  build 46.79  minflt 384  steal 0
uniform-65536.edges  pagerank   grust-next@counted#1            second iters   16  total   31.6113 ± 0.2501  per-iter 1.9757  build 46.79  minflt 0  steal 0
uniform-65536.edges  pagerank   grust-next@counted#unset        first  iters   16  total   88.7682 ± 0.6773  per-iter 5.5480  build 49.68  minflt 512  steal 0
uniform-65536.edges  pagerank   grust-next@counted#unset        second iters   16  total   88.6251 ± 0.7196  per-iter 5.5391  build 49.68  minflt 128  steal 0
uniform-65536.edges  pagerank   grust-next@counted+eager#1      first  iters   16  total   32.5685 ± 0.3603  per-iter 2.0355  build 46.24  minflt 384  steal 0
uniform-65536.edges  pagerank   grust-next@counted+eager#1      second iters   16  total   31.5818 ± 0.2584  per-iter 1.9739  build 46.24  minflt 0  steal 0
uniform-65536.edges  pagerank   grust-next@counted+eager#unset  first  iters   16  total   88.6360 ± 0.0417  per-iter 5.5398  build 57.47  minflt 512  steal 0
uniform-65536.edges  pagerank   grust-next@counted+eager#unset  second iters   16  total   87.8768 ± 0.1605  per-iter 5.4923  build 57.47  minflt 128  steal 0
uniform-65536.edges  pagerank   grust-next@unchecked#1          first  iters   16  total   29.5832 ± 0.1061  per-iter 1.8490  build 37.21  minflt 384  steal 0
uniform-65536.edges  pagerank   grust-next@unchecked#1          second iters   16  total   28.8010 ± 0.1485  per-iter 1.8001  build 37.21  minflt 0  steal 0
uniform-65536.edges  pagerank   grust-next@unchecked#unset      first  iters   16  total   53.9387 ± 0.2393  per-iter 3.3712  build 34.12  minflt 512  steal 0
uniform-65536.edges  pagerank   grust-next@unchecked#unset      second iters   16  total   52.9836 ± 0.6942  per-iter 3.3115  build 34.12  minflt 128  steal 0
uniform-65536.edges  pagerank   grust-next@work-uncounted#1     first  iters   16  total   30.6644 ± 0.1757  per-iter 1.9165  build 38.78  minflt 384  steal 0
uniform-65536.edges  pagerank   grust-next@work-uncounted#1     second iters   16  total   29.8166 ± 0.3632  per-iter 1.8635  build 38.78  minflt 0  steal 0
uniform-65536.edges  pagerank   grust-next@work-uncounted#unset first  iters   16  total   55.1942 ± 0.2516  per-iter 3.4496  build 34.10  minflt 512  steal 0
uniform-65536.edges  pagerank   grust-next@work-uncounted#unset second iters   16  total   54.1068 ± 0.1386  per-iter 3.3817  build 34.10  minflt 128  steal 0
uniform-65536.edges  pagerank   grustcat                               iters   16  total   29.2687 ± 0.1166  per-iter 1.8293  build 362.75  minflt 0  steal 0
uniform-65536.edges  pagerank   icebug                                 iters   11  total   39.4952 ± 0.7782  per-iter 3.5905  build 42.53  minflt 398  steal 0
uniform-65536.edges  pagerank   icecat                                 iters   16  total   32.6947 ± 0.0162  per-iter 2.0434  build 18.20  minflt 607  steal 0
uniform-65536.edges  pagerank   neo4j-graph                            iters   34  total   44.2432 ± 0.0819  per-iter 1.3013  build 33.89  minflt 71  steal 0
uniform-65536.edges  triangles  grust#1                         first  iters    -  total   80.9345 ± 0.5206  per-iter -  build 84.59  minflt 1668  steal 0
uniform-65536.edges  triangles  grust#1                         second iters    -  total   75.7318 ± 0.5009  per-iter -  build 84.59  minflt 128  steal 0
uniform-65536.edges  triangles  grust#unset                     first  iters    -  total   81.4910 ± 0.3467  per-iter -  build 85.66  minflt 1668  steal 0
uniform-65536.edges  triangles  grust#unset                     second iters    -  total   76.0053 ± 0.0533  per-iter -  build 85.66  minflt 128  steal 0
uniform-65536.edges  triangles  grust-next@counted#1            first  iters    -  total   78.5532 ± 0.9978  per-iter -  build 55.60  minflt 1157  steal 0
uniform-65536.edges  triangles  grust-next@counted#1            second iters    -  total   77.5314 ± 0.3105  per-iter -  build 55.60  minflt 1537  steal 0
uniform-65536.edges  triangles  grust-next@counted#unset        first  iters    -  total   78.4349 ± 0.0289  per-iter -  build 70.26  minflt 1157  steal 0
uniform-65536.edges  triangles  grust-next@counted#unset        second iters    -  total   76.0593 ± 0.3589  per-iter -  build 70.26  minflt 1154  steal 0
uniform-65536.edges  triangles  grust-next@counted+eager#1      first  iters    -  total   79.1407 ± 0.1872  per-iter -  build 54.55  minflt 1157  steal 0
uniform-65536.edges  triangles  grust-next@counted+eager#1      second iters    -  total   77.7587 ± 0.2152  per-iter -  build 54.55  minflt 1537  steal 0
uniform-65536.edges  triangles  grust-next@counted+eager#unset  first  iters    -  total   79.1046 ± 0.3878  per-iter -  build 70.65  minflt 1157  steal 0
uniform-65536.edges  triangles  grust-next@counted+eager#unset  second iters    -  total   76.3081 ± 0.5019  per-iter -  build 70.65  minflt 1154  steal 0
uniform-65536.edges  triangles  grust-next@unchecked#1          first  iters    -  total   77.8359 ± 0.1963  per-iter -  build 46.11  minflt 1157  steal 0
uniform-65536.edges  triangles  grust-next@unchecked#1          second iters    -  total   76.3684 ± 0.3074  per-iter -  build 46.11  minflt 1537  steal 0
uniform-65536.edges  triangles  grust-next@unchecked#unset      first  iters    -  total   77.1488 ± 0.0913  per-iter -  build 51.08  minflt 1157  steal 0
uniform-65536.edges  triangles  grust-next@unchecked#unset      second iters    -  total   74.0297 ± 0.1674  per-iter -  build 51.08  minflt 643  steal 0
uniform-65536.edges  triangles  grust-next@work-uncounted#1     first  iters    -  total   77.7186 ± 0.0592  per-iter -  build 47.84  minflt 1157  steal 0
uniform-65536.edges  triangles  grust-next@work-uncounted#1     second iters    -  total   76.3810 ± 0.0835  per-iter -  build 47.84  minflt 1537  steal 0
uniform-65536.edges  triangles  grust-next@work-uncounted#unset first  iters    -  total   78.3713 ± 0.2246  per-iter -  build 53.35  minflt 1157  steal 0
uniform-65536.edges  triangles  grust-next@work-uncounted#unset second iters    -  total   75.1578 ± 0.1001  per-iter -  build 53.35  minflt 643  steal 0
uniform-65536.edges  triangles  neo4j-graph                            iters    -  total   39.4655 ± 0.1378  per-iter -  build 33.79  minflt 4  steal 0
uniform-65536.edges  wcc        grust#1                         first  iters    -  total    8.8752 ± 0.0500  per-iter -  build 70.21  minflt 128  steal 0
uniform-65536.edges  wcc        grust#1                         second iters    -  total    9.2464 ± 0.0156  per-iter -  build 70.21  minflt 128  steal 0
uniform-65536.edges  wcc        grust#unset                     first  iters    -  total   17.0780 ± 0.0475  per-iter -  build 70.85  minflt 128  steal 0
uniform-65536.edges  wcc        grust#unset                     second iters    -  total   16.9723 ± 0.0149  per-iter -  build 70.85  minflt 127  steal 0
uniform-65536.edges  wcc        grust-next@counted#1            first  iters    -  total    9.8053 ± 0.0341  per-iter -  build 40.21  minflt 128  steal 0
uniform-65536.edges  wcc        grust-next@counted#1            second iters    -  total    9.6128 ± 0.0536  per-iter -  build 40.21  minflt 64  steal 0
uniform-65536.edges  wcc        grust-next@counted#unset        first  iters    -  total   16.9564 ± 0.0332  per-iter -  build 50.93  minflt 128  steal 0
uniform-65536.edges  wcc        grust-next@counted#unset        second iters    -  total   16.8920 ± 0.0155  per-iter -  build 50.93  minflt 127  steal 0
uniform-65536.edges  wcc        grust-next@counted+eager#1      first  iters    -  total    9.9053 ± 0.0588  per-iter -  build 45.05  minflt 128  steal 0
uniform-65536.edges  wcc        grust-next@counted+eager#1      second iters    -  total    9.9678 ± 0.0515  per-iter -  build 45.05  minflt 127  steal 0
uniform-65536.edges  wcc        grust-next@counted+eager#unset  first  iters    -  total   17.0440 ± 0.0163  per-iter -  build 57.28  minflt 128  steal 0
uniform-65536.edges  wcc        grust-next@counted+eager#unset  second iters    -  total   17.0825 ± 0.0297  per-iter -  build 57.28  minflt 127  steal 0
uniform-65536.edges  wcc        grust-next@unchecked#1          first  iters    -  total    7.8766 ± 0.0462  per-iter -  build 31.90  minflt 128  steal 0
uniform-65536.edges  wcc        grust-next@unchecked#1          second iters    -  total    7.6382 ± 0.0458  per-iter -  build 31.90  minflt 64  steal 0
uniform-65536.edges  wcc        grust-next@unchecked#unset      first  iters    -  total    6.8458 ± 0.1056  per-iter -  build 32.78  minflt 128  steal 0
uniform-65536.edges  wcc        grust-next@unchecked#unset      second iters    -  total    6.7205 ± 0.0310  per-iter -  build 32.78  minflt 127  steal 0
uniform-65536.edges  wcc        grust-next@work-uncounted#1     first  iters    -  total    8.4943 ± 0.0099  per-iter -  build 31.70  minflt 128  steal 0
uniform-65536.edges  wcc        grust-next@work-uncounted#1     second iters    -  total    8.2486 ± 0.0227  per-iter -  build 31.70  minflt 64  steal 0
uniform-65536.edges  wcc        grust-next@work-uncounted#unset first  iters    -  total    8.0615 ± 0.0411  per-iter -  build 34.28  minflt 128  steal 0
uniform-65536.edges  wcc        grust-next@work-uncounted#unset second iters    -  total    8.0616 ± 0.1869  per-iter -  build 34.28  minflt 127  steal 0
uniform-65536.edges  wcc        grustcat                               iters    -  total    3.0453 ± 0.0415  per-iter -  build 360.59  minflt 0  steal 0
uniform-65536.edges  wcc        icebug                                 iters    -  total   12.8254 ± 0.0825  per-iter -  build 42.40  minflt 244  steal 0
uniform-65536.edges  wcc        icecat                                 iters    -  total    4.0230 ± 0.0696  per-iter -  build 17.95  minflt 35  steal 0
uniform-65536.edges  wcc        neo4j-graph                            iters    -  total    3.7509 ± 0.0048  per-iter -  build 34.08  minflt 32  steal 0
one-thread: clean, 236.8s, steal 1 ticks, 0 sightings
steal over the run: 0 ticks
1260 timed samples in 101.8s -> /work/timed/full-width.json
not timed: layered-16384.edges pagerank neo4j-graph: no agreeing parity row at this concurrency
not timed: layered-65536.edges pagerank neo4j-graph: no agreeing parity row at this concurrency
not timed: path-16384.edges pagerank neo4j-graph: no agreeing parity row at this concurrency
not timed: path-65536.edges pagerank neo4j-graph: no agreeing parity row at this concurrency
hub-16384.edges      bfs        grust                     first  iters    -  total    1.5222 ± 0.0035  per-iter -  build 17.20  minflt 36  steal 0
hub-16384.edges      bfs        grust                     second iters    -  total    1.4663 ± 0.0089  per-iter -  build 17.20  minflt 0  steal 0
hub-16384.edges      bfs        grust-next@counted        first  iters    -  total    1.5434 ± 0.0068  per-iter -  build 10.68  minflt 0  steal 0
hub-16384.edges      bfs        grust-next@counted        second iters    -  total    1.4704 ± 0.0090  per-iter -  build 10.68  minflt 0  steal 0
hub-16384.edges      bfs        grust-next@counted+eager  first  iters    -  total    1.4705 ± 0.0115  per-iter -  build 11.92  minflt 0  steal 0
hub-16384.edges      bfs        grust-next@counted+eager  second iters    -  total    1.4461 ± 0.0026  per-iter -  build 11.92  minflt 0  steal 0
hub-16384.edges      bfs        grust-next@unchecked      first  iters    -  total    0.8073 ± 0.0123  per-iter -  build 8.62  minflt 0  steal 0
hub-16384.edges      bfs        grust-next@unchecked      second iters    -  total    0.7288 ± 0.0052  per-iter -  build 8.62  minflt 0  steal 0
hub-16384.edges      bfs        grust-next@work-uncounted first  iters    -  total    0.9407 ± 0.0491  per-iter -  build 9.14  minflt 0  steal 0
hub-16384.edges      bfs        grust-next@work-uncounted second iters    -  total    0.8504 ± 0.0140  per-iter -  build 9.14  minflt 0  steal 0
hub-16384.edges      bfs        grustcat                         iters    -  total    0.5816 ± 0.0066  per-iter -  build 78.17  minflt 0  steal 0
hub-16384.edges      bfs        icebug                           iters    -  total    1.4483 ± 0.0525  per-iter -  build 9.31  minflt 57  steal 0
hub-16384.edges      bfs        icecat                           iters    -  total    0.8127 ± 0.0121  per-iter -  build 5.71  minflt 97  steal 0
hub-16384.edges      pagerank   grust                     first  iters   17  total    6.2452 ± 0.1207  per-iter 0.3674  build 16.86  minflt 484  steal 0
hub-16384.edges      pagerank   grust                     second iters   17  total    3.4620 ± 0.0167  per-iter 0.2036  build 16.86  minflt 0  steal 0
hub-16384.edges      pagerank   grust-next@counted        first  iters   17  total    3.4993 ± 0.0639  per-iter 0.2058  build 12.54  minflt 5  steal 0
hub-16384.edges      pagerank   grust-next@counted        second iters   17  total    3.2927 ± 0.0106  per-iter 0.1937  build 12.54  minflt 1  steal 0
hub-16384.edges      pagerank   grust-next@counted+eager  first  iters   17  total    3.4270 ± 0.0132  per-iter 0.2016  build 12.41  minflt 5  steal 0
hub-16384.edges      pagerank   grust-next@counted+eager  second iters   17  total    3.2774 ± 0.1054  per-iter 0.1928  build 12.41  minflt 0  steal 0
hub-16384.edges      pagerank   grust-next@unchecked      first  iters   17  total    2.8727 ± 0.0272  per-iter 0.1690  build 9.92  minflt 6  steal 0
hub-16384.edges      pagerank   grust-next@unchecked      second iters   17  total    2.7848 ± 0.0485  per-iter 0.1638  build 9.92  minflt 0  steal 0
hub-16384.edges      pagerank   grust-next@work-uncounted first  iters   17  total    2.9769 ± 0.1113  per-iter 0.1751  build 10.03  minflt 4  steal 0
hub-16384.edges      pagerank   grust-next@work-uncounted second iters   17  total    2.7973 ± 0.0033  per-iter 0.1645  build 10.03  minflt 0  steal 0
hub-16384.edges      pagerank   grustcat                         iters   17  total    7.2548 ± 0.0029  per-iter 0.4268  build 77.86  minflt 1  steal 0
hub-16384.edges      pagerank   icebug                           iters   12  total    2.7987 ± 0.0305  per-iter 0.2332  build 9.40  minflt 201  steal 0
hub-16384.edges      pagerank   icecat                           iters   17  total    8.4794 ± 0.0085  per-iter 0.4988  build 5.81  minflt 130  steal 0
hub-16384.edges      pagerank   neo4j-graph                      iters   36  total   13.3711 ± 0.0715  per-iter 0.3714  build 4.41  minflt 36  steal 0
hub-16384.edges      triangles  grust                     first  iters    -  total    8.9244 ± 0.0363  per-iter -  build 19.76  minflt 1029  steal 0
hub-16384.edges      triangles  grust                     second iters    -  total    6.1887 ± 0.0331  per-iter -  build 19.76  minflt 2  steal 0
hub-16384.edges      triangles  grust-next@counted        first  iters    -  total    7.0333 ± 0.0361  per-iter -  build 10.72  minflt 257  steal 0
hub-16384.edges      triangles  grust-next@counted        second iters    -  total    7.0511 ± 0.0237  per-iter -  build 10.72  minflt 512  steal 0
hub-16384.edges      triangles  grust-next@counted+eager  first  iters    -  total    7.0147 ± 0.0175  per-iter -  build 11.33  minflt 257  steal 0
hub-16384.edges      triangles  grust-next@counted+eager  second iters    -  total    7.0529 ± 0.0183  per-iter -  build 11.33  minflt 511  steal 0
hub-16384.edges      triangles  grust-next@unchecked      first  iters    -  total    6.7418 ± 0.0131  per-iter -  build 8.91  minflt 257  steal 0
hub-16384.edges      triangles  grust-next@unchecked      second iters    -  total    6.8110 ± 0.0232  per-iter -  build 8.91  minflt 512  steal 0
hub-16384.edges      triangles  grust-next@work-uncounted first  iters    -  total    6.8910 ± 0.0383  per-iter -  build 9.13  minflt 257  steal 0
hub-16384.edges      triangles  grust-next@work-uncounted second iters    -  total    6.9000 ± 0.0159  per-iter -  build 9.13  minflt 512  steal 0
hub-16384.edges      triangles  neo4j-graph                      iters    -  total    1.2285 ± 0.0247  per-iter -  build 4.41  minflt 52  steal 0
hub-16384.edges      wcc        grust                     first  iters    -  total    1.1979 ± 0.0405  per-iter -  build 17.93  minflt 141  steal 0
hub-16384.edges      wcc        grust                     second iters    -  total    0.5892 ± 0.0235  per-iter -  build 17.93  minflt 36  steal 0
hub-16384.edges      wcc        grust-next@counted        first  iters    -  total    0.4859 ± 0.0053  per-iter -  build 10.76  minflt 4  steal 0
hub-16384.edges      wcc        grust-next@counted        second iters    -  total    0.4475 ± 0.0122  per-iter -  build 10.76  minflt 3  steal 0
hub-16384.edges      wcc        grust-next@counted+eager  first  iters    -  total    0.4495 ± 0.0084  per-iter -  build 12.34  minflt 2  steal 0
hub-16384.edges      wcc        grust-next@counted+eager  second iters    -  total    0.4744 ± 0.0265  per-iter -  build 12.34  minflt 2  steal 0
hub-16384.edges      wcc        grust-next@unchecked      first  iters    -  total    0.4521 ± 0.0374  per-iter -  build 8.27  minflt 3  steal 0
hub-16384.edges      wcc        grust-next@unchecked      second iters    -  total    0.3829 ± 0.0285  per-iter -  build 8.27  minflt 1  steal 0
hub-16384.edges      wcc        grust-next@work-uncounted first  iters    -  total    0.3871 ± 0.0286  per-iter -  build 9.00  minflt 2  steal 0
hub-16384.edges      wcc        grust-next@work-uncounted second iters    -  total    0.3932 ± 0.0434  per-iter -  build 9.00  minflt 1  steal 0
hub-16384.edges      wcc        grustcat                         iters    -  total    0.6002 ± 0.0006  per-iter -  build 78.58  minflt 0  steal 0
hub-16384.edges      wcc        icebug                           iters    -  total    1.9108 ± 0.0166  per-iter -  build 9.32  minflt 69  steal 0
hub-16384.edges      wcc        icecat                           iters    -  total    0.8962 ± 0.0035  per-iter -  build 5.72  minflt 65  steal 0
hub-16384.edges      wcc        neo4j-graph                      iters    -  total    1.1207 ± 0.0308  per-iter -  build 4.27  minflt 0  steal 0
hub-65536.edges      bfs        grust                     first  iters    -  total    4.0652 ± 0.0850  per-iter -  build 70.37  minflt 390  steal 0
hub-65536.edges      bfs        grust                     second iters    -  total    3.2428 ± 0.0516  per-iter -  build 70.37  minflt 176  steal 0
hub-65536.edges      bfs        grust-next@counted        first  iters    -  total    3.1715 ± 0.0129  per-iter -  build 37.75  minflt 131  steal 0
hub-65536.edges      bfs        grust-next@counted        second iters    -  total    3.0259 ± 0.0340  per-iter -  build 37.75  minflt 77  steal 0
hub-65536.edges      bfs        grust-next@counted+eager  first  iters    -  total    3.0087 ± 0.0239  per-iter -  build 41.67  minflt 119  steal 0
hub-65536.edges      bfs        grust-next@counted+eager  second iters    -  total    2.9056 ± 0.0073  per-iter -  build 41.67  minflt 88  steal 0
hub-65536.edges      bfs        grust-next@unchecked      first  iters    -  total    3.0995 ± 0.0258  per-iter -  build 29.29  minflt 119  steal 0
hub-65536.edges      bfs        grust-next@unchecked      second iters    -  total    2.8375 ± 0.0435  per-iter -  build 29.29  minflt 93  steal 0
hub-65536.edges      bfs        grust-next@work-uncounted first  iters    -  total    3.0043 ± 0.0221  per-iter -  build 30.18  minflt 118  steal 0
hub-65536.edges      bfs        grust-next@work-uncounted second iters    -  total    2.8175 ± 0.0339  per-iter -  build 30.18  minflt 94  steal 0
hub-65536.edges      bfs        grustcat                         iters    -  total    3.9824 ± 0.0761  per-iter -  build 359.53  minflt 0  steal 0
hub-65536.edges      bfs        icebug                           iters    -  total    8.4077 ± 0.0519  per-iter -  build 43.34  minflt 216  steal 0
hub-65536.edges      bfs        icecat                           iters    -  total    3.7907 ± 0.0305  per-iter -  build 18.87  minflt 109  steal 0
hub-65536.edges      pagerank   grust                     first  iters   17  total   17.7852 ± 0.2596  per-iter 1.0462  build 70.31  minflt 1133  steal 0
hub-65536.edges      pagerank   grust                     second iters   17  total    8.7084 ± 0.1443  per-iter 0.5123  build 70.31  minflt 3  steal 0
hub-65536.edges      pagerank   grust-next@counted        first  iters   17  total    7.2183 ± 0.0387  per-iter 0.4246  build 41.72  minflt 13  steal 0
hub-65536.edges      pagerank   grust-next@counted        second iters   17  total    7.1019 ± 0.0571  per-iter 0.4178  build 41.72  minflt 5  steal 0
hub-65536.edges      pagerank   grust-next@counted+eager  first  iters   17  total    7.1021 ± 0.0699  per-iter 0.4178  build 41.58  minflt 13  steal 0
hub-65536.edges      pagerank   grust-next@counted+eager  second iters   17  total    6.6930 ± 0.1202  per-iter 0.3937  build 41.58  minflt 3  steal 0
hub-65536.edges      pagerank   grust-next@unchecked      first  iters   17  total    4.6932 ± 0.0166  per-iter 0.2761  build 34.29  minflt 11  steal 0
hub-65536.edges      pagerank   grust-next@unchecked      second iters   17  total    4.6285 ± 0.1248  per-iter 0.2723  build 34.29  minflt 4  steal 0
hub-65536.edges      pagerank   grust-next@work-uncounted first  iters   17  total    4.7006 ± 0.0098  per-iter 0.2765  build 34.04  minflt 15  steal 0
hub-65536.edges      pagerank   grust-next@work-uncounted second iters   17  total    4.6334 ± 0.0759  per-iter 0.2726  build 34.04  minflt 3  steal 0
hub-65536.edges      pagerank   grustcat                         iters   17  total   30.2756 ± 0.2189  per-iter 1.7809  build 362.37  minflt 0  steal 0
hub-65536.edges      pagerank   icebug                           iters   12  total    7.4528 ± 0.0401  per-iter 0.6211  build 44.35  minflt 502  steal 0
hub-65536.edges      pagerank   icecat                           iters   17  total   34.0744 ± 0.0655  per-iter 2.0044  build 18.92  minflt 608  steal 0
hub-65536.edges      pagerank   neo4j-graph                      iters   32  total   15.0329 ± 0.0432  per-iter 0.4698  build 13.79  minflt 94  steal 0
hub-65536.edges      triangles  grust                     first  iters    -  total   31.1569 ± 0.1103  per-iter -  build 86.98  minflt 1768  steal 0
hub-65536.edges      triangles  grust                     second iters    -  total   25.0559 ± 0.0422  per-iter -  build 86.98  minflt 1  steal 0
hub-65536.edges      triangles  grust-next@counted        first  iters    -  total   28.7833 ± 0.0930  per-iter -  build 41.52  minflt 1026  steal 0
hub-65536.edges      triangles  grust-next@counted        second iters    -  total   26.3649 ± 0.1522  per-iter -  build 41.52  minflt 1025  steal 0
hub-65536.edges      triangles  grust-next@counted+eager  first  iters    -  total   28.4472 ± 0.0307  per-iter -  build 41.18  minflt 1026  steal 0
hub-65536.edges      triangles  grust-next@counted+eager  second iters    -  total   26.5355 ± 0.1663  per-iter -  build 41.18  minflt 1024  steal 0
hub-65536.edges      triangles  grust-next@unchecked      first  iters    -  total   27.3919 ± 0.3001  per-iter -  build 33.87  minflt 1026  steal 0
hub-65536.edges      triangles  grust-next@unchecked      second iters    -  total   25.5945 ± 0.0998  per-iter -  build 33.87  minflt 1025  steal 0
hub-65536.edges      triangles  grust-next@work-uncounted first  iters    -  total   28.1404 ± 0.6771  per-iter -  build 34.85  minflt 1026  steal 0
hub-65536.edges      triangles  grust-next@work-uncounted second iters    -  total   26.0609 ± 0.2017  per-iter -  build 34.85  minflt 1025  steal 0
hub-65536.edges      triangles  neo4j-graph                      iters    -  total    3.5019 ± 0.0489  per-iter -  build 13.74  minflt 52  steal 0
hub-65536.edges      wcc        grust                     first  iters    -  total    2.3847 ± 0.0309  per-iter -  build 71.54  minflt 239  steal 0
hub-65536.edges      wcc        grust                     second iters    -  total    1.6237 ± 0.0248  per-iter -  build 71.54  minflt 132  steal 0
hub-65536.edges      wcc        grust-next@counted        first  iters    -  total    1.4774 ± 0.0494  per-iter -  build 36.78  minflt 6  steal 0
hub-65536.edges      wcc        grust-next@counted        second iters    -  total    1.4978 ± 0.0398  per-iter -  build 36.78  minflt 2  steal 0
hub-65536.edges      wcc        grust-next@counted+eager  first  iters    -  total    1.4998 ± 0.0501  per-iter -  build 42.13  minflt 3  steal 0
hub-65536.edges      wcc        grust-next@counted+eager  second iters    -  total    1.4963 ± 0.0478  per-iter -  build 42.13  minflt 2  steal 0
hub-65536.edges      wcc        grust-next@unchecked      first  iters    -  total    1.2958 ± 0.0893  per-iter -  build 30.21  minflt 6  steal 0
hub-65536.edges      wcc        grust-next@unchecked      second iters    -  total    1.3006 ± 0.1259  per-iter -  build 30.21  minflt 2  steal 0
hub-65536.edges      wcc        grust-next@work-uncounted first  iters    -  total    1.2401 ± 0.0163  per-iter -  build 29.81  minflt 3  steal 0
hub-65536.edges      wcc        grust-next@work-uncounted second iters    -  total    1.2607 ± 0.0350  per-iter -  build 29.81  minflt 2  steal 0
hub-65536.edges      wcc        grustcat                         iters    -  total    2.4567 ± 0.0108  per-iter -  build 361.59  minflt 0  steal 0
hub-65536.edges      wcc        icebug                           iters    -  total   11.2075 ± 0.0854  per-iter -  build 43.10  minflt 239  steal 0
hub-65536.edges      wcc        icecat                           iters    -  total    3.7146 ± 0.0240  per-iter -  build 19.09  minflt 256  steal 0
hub-65536.edges      wcc        neo4j-graph                      iters    -  total    3.1765 ± 0.0537  per-iter -  build 13.75  minflt 226  steal 0
layered-16384.edges  bfs        grust                     first  iters    -  total    0.4549 ± 0.0013  per-iter -  build 6.85  minflt 30  steal 0
layered-16384.edges  bfs        grust                     second iters    -  total    0.3857 ± 0.0002  per-iter -  build 6.85  minflt 0  steal 0
layered-16384.edges  bfs        grust-next@counted        first  iters    -  total    0.4562 ± 0.0021  per-iter -  build 6.00  minflt 26  steal 0
layered-16384.edges  bfs        grust-next@counted        second iters    -  total    0.3813 ± 0.0002  per-iter -  build 6.00  minflt 0  steal 0
layered-16384.edges  bfs        grust-next@counted+eager  first  iters    -  total    0.4515 ± 0.0031  per-iter -  build 7.03  minflt 26  steal 0
layered-16384.edges  bfs        grust-next@counted+eager  second iters    -  total    0.3811 ± 0.0010  per-iter -  build 7.03  minflt 0  steal 0
layered-16384.edges  bfs        grust-next@unchecked      first  iters    -  total    0.3262 ± 0.0059  per-iter -  build 5.20  minflt 26  steal 0
layered-16384.edges  bfs        grust-next@unchecked      second iters    -  total    0.2537 ± 0.0028  per-iter -  build 5.20  minflt 0  steal 0
layered-16384.edges  bfs        grust-next@work-uncounted first  iters    -  total    0.3700 ± 0.0043  per-iter -  build 5.27  minflt 26  steal 0
layered-16384.edges  bfs        grust-next@work-uncounted second iters    -  total    0.2903 ± 0.0008  per-iter -  build 5.27  minflt 0  steal 0
layered-16384.edges  bfs        grustcat                         iters    -  total    0.2592 ± 0.0024  per-iter -  build 30.55  minflt 1  steal 0
layered-16384.edges  bfs        icebug                           iters    -  total    0.4986 ± 0.0064  per-iter -  build 2.80  minflt 37  steal 0
layered-16384.edges  bfs        icecat                           iters    -  total    0.3861 ± 0.0020  per-iter -  build 1.55  minflt 66  steal 0
layered-16384.edges  pagerank   grust                     first  iters   84  total   15.1252 ± 0.1410  per-iter 0.1801  build 6.49  minflt 293  steal 0
layered-16384.edges  pagerank   grust                     second iters   84  total   13.3687 ± 0.1785  per-iter 0.1592  build 6.49  minflt 0  steal 0
layered-16384.edges  pagerank   grust-next@counted        first  iters   84  total   14.7190 ± 0.1500  per-iter 0.1752  build 6.69  minflt 103  steal 0
layered-16384.edges  pagerank   grust-next@counted        second iters   84  total   14.1379 ± 0.1924  per-iter 0.1683  build 6.69  minflt 0  steal 0
layered-16384.edges  pagerank   grust-next@counted+eager  first  iters   84  total   14.3458 ± 0.1129  per-iter 0.1708  build 6.64  minflt 104  steal 0
layered-16384.edges  pagerank   grust-next@counted+eager  second iters   84  total   14.2423 ± 0.2274  per-iter 0.1696  build 6.64  minflt 0  steal 0
layered-16384.edges  pagerank   grust-next@unchecked      first  iters   84  total   12.4057 ± 0.1350  per-iter 0.1477  build 5.85  minflt 103  steal 0
layered-16384.edges  pagerank   grust-next@unchecked      second iters   84  total   12.0207 ± 0.1122  per-iter 0.1431  build 5.85  minflt 0  steal 0
layered-16384.edges  pagerank   grust-next@work-uncounted first  iters   84  total   12.3334 ± 0.1082  per-iter 0.1468  build 5.94  minflt 106  steal 0
layered-16384.edges  pagerank   grust-next@work-uncounted second iters   84  total   12.0987 ± 0.1066  per-iter 0.1440  build 5.94  minflt 0  steal 0
layered-16384.edges  pagerank   grustcat                         iters   84  total   26.3831 ± 0.0551  per-iter 0.3141  build 31.04  minflt 0  steal 0
layered-16384.edges  pagerank   icebug                           iters   69  total    8.8880 ± 0.1637  per-iter 0.1288  build 2.79  minflt 201  steal 0
layered-16384.edges  pagerank   icecat                           iters   84  total   27.7098 ± 0.0306  per-iter 0.3299  build 1.68  minflt 128  steal 0
layered-16384.edges  triangles  grust                     first  iters    -  total    3.0521 ± 0.0254  per-iter -  build 7.25  minflt 452  steal 0
layered-16384.edges  triangles  grust                     second iters    -  total    1.6557 ± 0.0055  per-iter -  build 7.25  minflt 1  steal 0
layered-16384.edges  triangles  grust-next@counted        first  iters    -  total    2.4291 ± 0.0223  per-iter -  build 6.49  minflt 351  steal 0
layered-16384.edges  triangles  grust-next@counted        second iters    -  total    2.1385 ± 0.0337  per-iter -  build 6.49  minflt 318  steal 0
layered-16384.edges  triangles  grust-next@counted+eager  first  iters    -  total    2.4028 ± 0.0301  per-iter -  build 6.49  minflt 351  steal 0
layered-16384.edges  triangles  grust-next@counted+eager  second iters    -  total    2.0760 ± 0.0070  per-iter -  build 6.49  minflt 319  steal 0
layered-16384.edges  triangles  grust-next@unchecked      first  iters    -  total    2.1950 ± 0.0329  per-iter -  build 5.55  minflt 350  steal 0
layered-16384.edges  triangles  grust-next@unchecked      second iters    -  total    1.8734 ± 0.0090  per-iter -  build 5.55  minflt 318  steal 0
layered-16384.edges  triangles  grust-next@work-uncounted first  iters    -  total    2.2279 ± 0.0190  per-iter -  build 5.74  minflt 351  steal 0
layered-16384.edges  triangles  grust-next@work-uncounted second iters    -  total    1.9666 ± 0.0151  per-iter -  build 5.74  minflt 318  steal 0
layered-16384.edges  triangles  neo4j-graph                      iters    -  total    0.7087 ± 0.0313  per-iter -  build 2.12  minflt 31  steal 0
layered-16384.edges  wcc        grust                     first  iters    -  total    0.9817 ± 0.0231  per-iter -  build 6.77  minflt 140  steal 0
layered-16384.edges  wcc        grust                     second iters    -  total    0.3291 ± 0.0033  per-iter -  build 6.77  minflt 32  steal 0
layered-16384.edges  wcc        grust-next@counted        first  iters    -  total    0.3803 ± 0.0237  per-iter -  build 6.05  minflt 35  steal 0
layered-16384.edges  wcc        grust-next@counted        second iters    -  total    0.3357 ± 0.0142  per-iter -  build 6.05  minflt 30  steal 0
layered-16384.edges  wcc        grust-next@counted+eager  first  iters    -  total    0.3123 ± 0.0030  per-iter -  build 6.95  minflt 34  steal 0
layered-16384.edges  wcc        grust-next@counted+eager  second iters    -  total    0.3512 ± 0.0065  per-iter -  build 6.95  minflt 30  steal 0
layered-16384.edges  wcc        grust-next@unchecked      first  iters    -  total    0.3126 ± 0.0258  per-iter -  build 5.21  minflt 35  steal 0
layered-16384.edges  wcc        grust-next@unchecked      second iters    -  total    0.2913 ± 0.0019  per-iter -  build 5.21  minflt 30  steal 0
layered-16384.edges  wcc        grust-next@work-uncounted first  iters    -  total    0.2920 ± 0.0123  per-iter -  build 5.11  minflt 35  steal 0
layered-16384.edges  wcc        grust-next@work-uncounted second iters    -  total    0.2994 ± 0.0084  per-iter -  build 5.11  minflt 28  steal 0
layered-16384.edges  wcc        grustcat                         iters    -  total    0.3512 ± 0.0015  per-iter -  build 30.21  minflt 0  steal 0
layered-16384.edges  wcc        icebug                           iters    -  total    0.9415 ± 0.0239  per-iter -  build 2.76  minflt 42  steal 0
layered-16384.edges  wcc        icecat                           iters    -  total    0.5032 ± 0.0086  per-iter -  build 1.69  minflt 64  steal 0
layered-16384.edges  wcc        neo4j-graph                      iters    -  total    1.0864 ± 0.0155  per-iter -  build 2.20  minflt 1  steal 0
layered-65536.edges  bfs        grust                     first  iters    -  total    1.8362 ± 0.0084  per-iter -  build 28.54  minflt 119  steal 0
layered-65536.edges  bfs        grust                     second iters    -  total    1.5790 ± 0.0079  per-iter -  build 28.54  minflt 0  steal 0
layered-65536.edges  bfs        grust-next@counted        first  iters    -  total    1.8476 ± 0.0315  per-iter -  build 21.08  minflt 103  steal 0
layered-65536.edges  bfs        grust-next@counted        second iters    -  total    1.5527 ± 0.0010  per-iter -  build 21.08  minflt 0  steal 0
layered-65536.edges  bfs        grust-next@counted+eager  first  iters    -  total    1.8371 ± 0.0371  per-iter -  build 23.49  minflt 102  steal 0
layered-65536.edges  bfs        grust-next@counted+eager  second iters    -  total    1.5492 ± 0.0013  per-iter -  build 23.49  minflt 0  steal 0
layered-65536.edges  bfs        grust-next@unchecked      first  iters    -  total    1.2929 ± 0.0021  per-iter -  build 17.29  minflt 103  steal 0
layered-65536.edges  bfs        grust-next@unchecked      second iters    -  total    1.0257 ± 0.0007  per-iter -  build 17.29  minflt 0  steal 0
layered-65536.edges  bfs        grust-next@work-uncounted first  iters    -  total    1.4516 ± 0.0021  per-iter -  build 17.82  minflt 103  steal 0
layered-65536.edges  bfs        grust-next@work-uncounted second iters    -  total    1.1916 ± 0.0093  per-iter -  build 17.82  minflt 0  steal 0
layered-65536.edges  bfs        grustcat                         iters    -  total    1.0104 ± 0.0031  per-iter -  build 128.57  minflt 0  steal 0
layered-65536.edges  bfs        icebug                           iters    -  total    2.0374 ± 0.0233  per-iter -  build 11.15  minflt 132  steal 0
layered-65536.edges  bfs        icecat                           iters    -  total    1.5671 ± 0.0042  per-iter -  build 6.31  minflt 257  steal 0
layered-65536.edges  pagerank   grust                     first  iters   75  total   25.4915 ± 0.1058  per-iter 0.3399  build 28.36  minflt 883  steal 0
layered-65536.edges  pagerank   grust                     second iters   75  total   21.0943 ± 0.0869  per-iter 0.2813  build 28.36  minflt 3  steal 0
layered-65536.edges  pagerank   grust-next@counted        first  iters   75  total   21.1067 ± 0.1504  per-iter 0.2814  build 23.79  minflt 407  steal 0
layered-65536.edges  pagerank   grust-next@counted        second iters   75  total   20.0714 ± 0.2082  per-iter 0.2676  build 23.79  minflt 3  steal 0
layered-65536.edges  pagerank   grust-next@counted+eager  first  iters   75  total   20.6883 ± 0.0545  per-iter 0.2758  build 23.65  minflt 406  steal 0
layered-65536.edges  pagerank   grust-next@counted+eager  second iters   75  total   19.6378 ± 0.0147  per-iter 0.2618  build 23.65  minflt 2  steal 0
layered-65536.edges  pagerank   grust-next@unchecked      first  iters   75  total   15.5924 ± 0.0290  per-iter 0.2079  build 18.30  minflt 406  steal 0
layered-65536.edges  pagerank   grust-next@unchecked      second iters   75  total   14.6051 ± 0.1477  per-iter 0.1947  build 18.30  minflt 2  steal 0
layered-65536.edges  pagerank   grust-next@work-uncounted first  iters   75  total   15.8374 ± 0.0752  per-iter 0.2112  build 19.44  minflt 404  steal 0
layered-65536.edges  pagerank   grust-next@work-uncounted second iters   75  total   14.8617 ± 0.1257  per-iter 0.1982  build 19.44  minflt 2  steal 0
layered-65536.edges  pagerank   grustcat                         iters   75  total   94.1657 ± 0.0898  per-iter 1.2555  build 129.04  minflt 1  steal 0
layered-65536.edges  pagerank   icebug                           iters   60  total   13.8432 ± 0.1443  per-iter 0.2307  build 11.19  minflt 489  steal 0
layered-65536.edges  pagerank   icecat                           iters   75  total  101.5676 ± 0.0663  per-iter 1.3542  build 6.24  minflt 608  steal 0
layered-65536.edges  triangles  grust                     first  iters    -  total    9.8781 ± 0.0326  per-iter -  build 28.75  minflt 1503  steal 0
layered-65536.edges  triangles  grust                     second iters    -  total    6.4115 ± 0.0157  per-iter -  build 28.75  minflt 2  steal 0
layered-65536.edges  triangles  grust-next@counted        first  iters    -  total    9.2101 ± 0.0322  per-iter -  build 22.52  minflt 1401  steal 0
layered-65536.edges  triangles  grust-next@counted        second iters    -  total    7.0685 ± 0.0769  per-iter -  build 22.52  minflt 508  steal 0
layered-65536.edges  triangles  grust-next@counted+eager  first  iters    -  total    9.1673 ± 0.0397  per-iter -  build 22.73  minflt 1401  steal 0
layered-65536.edges  triangles  grust-next@counted+eager  second iters    -  total    6.9379 ± 0.0363  per-iter -  build 22.73  minflt 508  steal 0
layered-65536.edges  triangles  grust-next@unchecked      first  iters    -  total    8.3231 ± 0.0300  per-iter -  build 18.93  minflt 1402  steal 0
layered-65536.edges  triangles  grust-next@unchecked      second iters    -  total    6.0620 ± 0.0015  per-iter -  build 18.93  minflt 508  steal 0
layered-65536.edges  triangles  grust-next@work-uncounted first  iters    -  total    8.6326 ± 0.0248  per-iter -  build 19.50  minflt 1402  steal 0
layered-65536.edges  triangles  grust-next@work-uncounted second iters    -  total    6.3414 ± 0.0078  per-iter -  build 19.50  minflt 508  steal 0
layered-65536.edges  triangles  neo4j-graph                      iters    -  total    1.0578 ± 0.0207  per-iter -  build 5.06  minflt 49  steal 0
layered-65536.edges  wcc        grust                     first  iters    -  total    1.5054 ± 0.0104  per-iter -  build 27.89  minflt 239  steal 0
layered-65536.edges  wcc        grust                     second iters    -  total    0.8358 ± 0.0098  per-iter -  build 27.89  minflt 129  steal 0
layered-65536.edges  wcc        grust-next@counted        first  iters    -  total    0.8919 ± 0.0126  per-iter -  build 21.00  minflt 133  steal 0
layered-65536.edges  wcc        grust-next@counted        second iters    -  total    0.8422 ± 0.0244  per-iter -  build 21.00  minflt 125  steal 0
layered-65536.edges  wcc        grust-next@counted+eager  first  iters    -  total    0.8623 ± 0.0113  per-iter -  build 23.72  minflt 132  steal 0
layered-65536.edges  wcc        grust-next@counted+eager  second iters    -  total    0.8297 ± 0.0100  per-iter -  build 23.72  minflt 124  steal 0
layered-65536.edges  wcc        grust-next@unchecked      first  iters    -  total    0.7245 ± 0.0188  per-iter -  build 16.68  minflt 134  steal 0
layered-65536.edges  wcc        grust-next@unchecked      second iters    -  total    0.6842 ± 0.0095  per-iter -  build 16.68  minflt 123  steal 0
layered-65536.edges  wcc        grust-next@work-uncounted first  iters    -  total    0.7869 ± 0.0501  per-iter -  build 17.59  minflt 134  steal 0
layered-65536.edges  wcc        grust-next@work-uncounted second iters    -  total    0.7108 ± 0.0059  per-iter -  build 17.59  minflt 125  steal 0
layered-65536.edges  wcc        grustcat                         iters    -  total    1.4298 ± 0.0171  per-iter -  build 128.15  minflt 1  steal 0
layered-65536.edges  wcc        icebug                           iters    -  total    3.7677 ± 0.0126  per-iter -  build 11.07  minflt 137  steal 0
layered-65536.edges  wcc        icecat                           iters    -  total    1.9876 ± 0.0128  per-iter -  build 6.28  minflt 255  steal 0
layered-65536.edges  wcc        neo4j-graph                      iters    -  total    2.6730 ± 0.2656  per-iter -  build 5.08  minflt 258  steal 0
path-16384.edges     bfs        grust                     first  iters    -  total    0.4177 ± 0.0037  per-iter -  build 5.09  minflt 36  steal 0
path-16384.edges     bfs        grust                     second iters    -  total    0.3406 ± 0.0015  per-iter -  build 5.09  minflt 0  steal 0
path-16384.edges     bfs        grust-next@counted        first  iters    -  total    0.4078 ± 0.0022  per-iter -  build 5.09  minflt 32  steal 0
path-16384.edges     bfs        grust-next@counted        second iters    -  total    0.3257 ± 0.0002  per-iter -  build 5.09  minflt 0  steal 0
path-16384.edges     bfs        grust-next@counted+eager  first  iters    -  total    0.4016 ± 0.0071  per-iter -  build 5.92  minflt 32  steal 0
path-16384.edges     bfs        grust-next@counted+eager  second iters    -  total    0.3262 ± 0.0000  per-iter -  build 5.92  minflt 0  steal 0
path-16384.edges     bfs        grust-next@unchecked      first  iters    -  total    0.1970 ± 0.0022  per-iter -  build 4.41  minflt 32  steal 0
path-16384.edges     bfs        grust-next@unchecked      second iters    -  total    0.1171 ± 0.0008  per-iter -  build 4.41  minflt 0  steal 0
path-16384.edges     bfs        grust-next@work-uncounted first  iters    -  total    0.2479 ± 0.0076  per-iter -  build 4.63  minflt 32  steal 0
path-16384.edges     bfs        grust-next@work-uncounted second iters    -  total    0.1515 ± 0.0005  per-iter -  build 4.63  minflt 0  steal 0
path-16384.edges     bfs        grustcat                         iters    -  total    0.1420 ± 0.0002  per-iter -  build 24.46  minflt 0  steal 0
path-16384.edges     bfs        icebug                           iters    -  total    0.2498 ± 0.0113  per-iter -  build 1.76  minflt 36  steal 0
path-16384.edges     bfs        icecat                           iters    -  total    0.2825 ± 0.0011  per-iter -  build 0.91  minflt 64  steal 0
path-16384.edges     pagerank   grust                     first  iters   58  total   10.4427 ± 0.1683  per-iter 0.1800  build 5.14  minflt 262  steal 0
path-16384.edges     pagerank   grust                     second iters   58  total    8.6532 ± 0.1239  per-iter 0.1492  build 5.14  minflt 0  steal 0
path-16384.edges     pagerank   grust-next@counted        first  iters   58  total   15.4465 ± 0.6892  per-iter 0.2663  build 5.92  minflt 108  steal 0
path-16384.edges     pagerank   grust-next@counted        second iters   58  total   16.1427 ± 0.3631  per-iter 0.2783  build 5.92  minflt 64  steal 0
path-16384.edges     pagerank   grust-next@counted+eager  first  iters   58  total   16.5250 ± 0.2568  per-iter 0.2849  build 5.78  minflt 108  steal 0
path-16384.edges     pagerank   grust-next@counted+eager  second iters   58  total   15.8963 ± 0.4176  per-iter 0.2741  build 5.78  minflt 64  steal 0
path-16384.edges     pagerank   grust-next@unchecked      first  iters   58  total    8.2589 ± 0.0374  per-iter 0.1424  build 4.82  minflt 108  steal 0
path-16384.edges     pagerank   grust-next@unchecked      second iters   58  total    7.9991 ± 0.1677  per-iter 0.1379  build 4.82  minflt 65  steal 0
path-16384.edges     pagerank   grust-next@work-uncounted first  iters   58  total    8.4026 ± 0.0946  per-iter 0.1449  build 5.10  minflt 108  steal 0
path-16384.edges     pagerank   grust-next@work-uncounted second iters   58  total    8.0248 ± 0.1584  per-iter 0.1384  build 5.10  minflt 65  steal 0
path-16384.edges     pagerank   grustcat                         iters   58  total    9.9655 ± 0.1650  per-iter 0.1718  build 24.26  minflt 0  steal 0
path-16384.edges     pagerank   icebug                           iters   54  total    6.6828 ± 0.1366  per-iter 0.1238  build 1.73  minflt 200  steal 0
path-16384.edges     pagerank   icecat                           iters   58  total   11.1739 ± 0.0053  per-iter 0.1927  build 0.89  minflt 129  steal 0
path-16384.edges     triangles  grust                     first  iters    -  total    2.0996 ± 0.0206  per-iter -  build 5.28  minflt 359  steal 0
path-16384.edges     triangles  grust                     second iters    -  total    0.9404 ± 0.0072  per-iter -  build 5.28  minflt 1  steal 0
path-16384.edges     triangles  grust-next@counted        first  iters    -  total    1.5498 ± 0.0514  per-iter -  build 5.31  minflt 256  steal 0
path-16384.edges     triangles  grust-next@counted        second iters    -  total    1.4447 ± 0.0097  per-iter -  build 5.31  minflt 256  steal 0
path-16384.edges     triangles  grust-next@counted+eager  first  iters    -  total    1.5556 ± 0.0239  per-iter -  build 5.48  minflt 256  steal 0
path-16384.edges     triangles  grust-next@counted+eager  second iters    -  total    1.4377 ± 0.0243  per-iter -  build 5.48  minflt 256  steal 0
path-16384.edges     triangles  grust-next@unchecked      first  iters    -  total    1.2901 ± 0.0288  per-iter -  build 4.76  minflt 256  steal 0
path-16384.edges     triangles  grust-next@unchecked      second iters    -  total    1.1417 ± 0.0288  per-iter -  build 4.76  minflt 256  steal 0
path-16384.edges     triangles  grust-next@work-uncounted first  iters    -  total    1.3656 ± 0.0308  per-iter -  build 4.64  minflt 257  steal 0
path-16384.edges     triangles  grust-next@work-uncounted second iters    -  total    1.1625 ± 0.0107  per-iter -  build 4.64  minflt 256  steal 0
path-16384.edges     triangles  neo4j-graph                      iters    -  total    0.5267 ± 0.0257  per-iter -  build 2.03  minflt 18  steal 0
path-16384.edges     wcc        grust                     first  iters    -  total    0.9308 ± 0.0685  per-iter -  build 5.07  minflt 137  steal 0
path-16384.edges     wcc        grust                     second iters    -  total    0.2931 ± 0.0095  per-iter -  build 5.07  minflt 33  steal 0
path-16384.edges     wcc        grust-next@counted        first  iters    -  total    0.4707 ± 0.0180  per-iter -  build 5.28  minflt 35  steal 0
path-16384.edges     wcc        grust-next@counted        second iters    -  total    0.4104 ± 0.0331  per-iter -  build 5.28  minflt 17  steal 0
path-16384.edges     wcc        grust-next@counted+eager  first  iters    -  total    0.4104 ± 0.0187  per-iter -  build 5.81  minflt 35  steal 0
path-16384.edges     wcc        grust-next@counted+eager  second iters    -  total    0.3992 ± 0.0733  per-iter -  build 5.81  minflt 33  steal 0
path-16384.edges     wcc        grust-next@unchecked      first  iters    -  total    0.2592 ± 0.0040  per-iter -  build 4.35  minflt 34  steal 0
path-16384.edges     wcc        grust-next@unchecked      second iters    -  total    0.1477 ± 0.0060  per-iter -  build 4.35  minflt 2  steal 0
path-16384.edges     wcc        grust-next@work-uncounted first  iters    -  total    0.2581 ± 0.0046  per-iter -  build 4.58  minflt 34  steal 0
path-16384.edges     wcc        grust-next@work-uncounted second iters    -  total    0.1561 ± 0.0061  per-iter -  build 4.58  minflt 2  steal 0
path-16384.edges     wcc        grustcat                         iters    -  total    0.1576 ± 0.0006  per-iter -  build 24.18  minflt 0  steal 0
path-16384.edges     wcc        icebug                           iters    -  total    0.3414 ± 0.0041  per-iter -  build 1.77  minflt 41  steal 0
path-16384.edges     wcc        icecat                           iters    -  total    0.2749 ± 0.0027  per-iter -  build 0.93  minflt 65  steal 0
path-16384.edges     wcc        neo4j-graph                      iters    -  total    0.8273 ± 0.0093  per-iter -  build 2.05  minflt 45  steal 0
path-65536.edges     bfs        grust                     first  iters    -  total    1.6876 ± 0.0108  per-iter -  build 20.80  minflt 144  steal 0
path-65536.edges     bfs        grust                     second iters    -  total    1.3592 ± 0.0007  per-iter -  build 20.80  minflt 0  steal 0
path-65536.edges     bfs        grust-next@counted        first  iters    -  total    1.6294 ± 0.0153  per-iter -  build 18.21  minflt 128  steal 0
path-65536.edges     bfs        grust-next@counted        second iters    -  total    1.3045 ± 0.0028  per-iter -  build 18.21  minflt 0  steal 0
path-65536.edges     bfs        grust-next@counted+eager  first  iters    -  total    1.6249 ± 0.0173  per-iter -  build 20.13  minflt 128  steal 0
path-65536.edges     bfs        grust-next@counted+eager  second iters    -  total    1.3117 ± 0.0094  per-iter -  build 20.13  minflt 0  steal 0
path-65536.edges     bfs        grust-next@unchecked      first  iters    -  total    0.7650 ± 0.0027  per-iter -  build 15.58  minflt 128  steal 0
path-65536.edges     bfs        grust-next@unchecked      second iters    -  total    0.4654 ± 0.0009  per-iter -  build 15.58  minflt 0  steal 0
path-65536.edges     bfs        grust-next@work-uncounted first  iters    -  total    0.9001 ± 0.0053  per-iter -  build 15.29  minflt 128  steal 0
path-65536.edges     bfs        grust-next@work-uncounted second iters    -  total    0.6020 ± 0.0012  per-iter -  build 15.29  minflt 0  steal 0
path-65536.edges     bfs        grustcat                         iters    -  total    0.5634 ± 0.0017  per-iter -  build 101.77  minflt 0  steal 0
path-65536.edges     bfs        icebug                           iters    -  total    0.9312 ± 0.0117  per-iter -  build 7.03  minflt 132  steal 0
path-65536.edges     bfs        icecat                           iters    -  total    1.1247 ± 0.0062  per-iter -  build 4.32  minflt 257  steal 0
path-65536.edges     pagerank   grust                     first  iters   50  total   16.3108 ± 0.0158  per-iter 0.3262  build 21.16  minflt 754  steal 0
path-65536.edges     pagerank   grust                     second iters   50  total   12.2442 ± 0.2163  per-iter 0.2449  build 21.16  minflt 2  steal 0
path-65536.edges     pagerank   grust-next@counted        first  iters   50  total   26.2725 ± 2.3089  per-iter 0.5254  build 20.53  minflt 401  steal 0
path-65536.edges     pagerank   grust-next@counted        second iters   50  total   26.6162 ± 0.4708  per-iter 0.5323  build 20.53  minflt 355  steal 0
path-65536.edges     pagerank   grust-next@counted+eager  first  iters   50  total   25.8749 ± 0.6043  per-iter 0.5175  build 20.35  minflt 404  steal 0
path-65536.edges     pagerank   grust-next@counted+eager  second iters   50  total   26.5132 ± 1.7518  per-iter 0.5303  build 20.35  minflt 354  steal 0
path-65536.edges     pagerank   grust-next@unchecked      first  iters   50  total    9.0272 ± 0.1233  per-iter 0.1805  build 16.00  minflt 401  steal 0
path-65536.edges     pagerank   grust-next@unchecked      second iters   50  total    8.3787 ± 0.1027  per-iter 0.1676  build 16.00  minflt 355  steal 0
path-65536.edges     pagerank   grust-next@work-uncounted first  iters   50  total    9.2731 ± 0.1057  per-iter 0.1855  build 17.08  minflt 404  steal 0
path-65536.edges     pagerank   grust-next@work-uncounted second iters   50  total    8.7322 ± 0.1975  per-iter 0.1746  build 17.08  minflt 355  steal 0
path-65536.edges     pagerank   grustcat                         iters   50  total   34.8345 ± 0.5413  per-iter 0.6967  build 103.75  minflt 0  steal 0
path-65536.edges     pagerank   icebug                           iters   46  total   10.4282 ± 0.0354  per-iter 0.2267  build 7.11  minflt 489  steal 0
path-65536.edges     pagerank   icecat                           iters   50  total   39.1137 ± 0.0847  per-iter 0.7823  build 4.36  minflt 607  steal 0
path-65536.edges     triangles  grust                     first  iters    -  total    6.2591 ± 0.0066  per-iter -  build 21.63  minflt 1127  steal 0
path-65536.edges     triangles  grust                     second iters    -  total    3.5327 ± 0.0280  per-iter -  build 21.63  minflt 1  steal 0
path-65536.edges     triangles  grust-next@counted        first  iters    -  total    6.0596 ± 0.1378  per-iter -  build 19.30  minflt 1024  steal 0
path-65536.edges     triangles  grust-next@counted        second iters    -  total    5.8007 ± 0.0569  per-iter -  build 19.30  minflt 1120  steal 0
path-65536.edges     triangles  grust-next@counted+eager  first  iters    -  total    6.0161 ± 0.0416  per-iter -  build 19.07  minflt 1024  steal 0
path-65536.edges     triangles  grust-next@counted+eager  second iters    -  total    5.6895 ± 0.1285  per-iter -  build 19.07  minflt 1120  steal 0
path-65536.edges     triangles  grust-next@unchecked      first  iters    -  total    4.8538 ± 0.0137  per-iter -  build 16.64  minflt 1024  steal 0
path-65536.edges     triangles  grust-next@unchecked      second iters    -  total    4.4421 ± 0.0538  per-iter -  build 16.64  minflt 1120  steal 0
path-65536.edges     triangles  grust-next@work-uncounted first  iters    -  total    5.0745 ± 0.0171  per-iter -  build 16.64  minflt 1024  steal 0
path-65536.edges     triangles  grust-next@work-uncounted second iters    -  total    4.6717 ± 0.0172  per-iter -  build 16.64  minflt 1120  steal 0
path-65536.edges     triangles  neo4j-graph                      iters    -  total    0.7250 ± 0.0085  per-iter -  build 4.67  minflt 32  steal 0
path-65536.edges     wcc        grust                     first  iters    -  total    1.4251 ± 0.0110  per-iter -  build 20.82  minflt 238  steal 0
path-65536.edges     wcc        grust                     second iters    -  total    0.7623 ± 0.0010  per-iter -  build 20.82  minflt 133  steal 0
path-65536.edges     wcc        grust-next@counted        first  iters    -  total    1.0431 ± 0.0412  per-iter -  build 18.58  minflt 133  steal 0
path-65536.edges     wcc        grust-next@counted        second iters    -  total    0.8137 ± 0.0812  per-iter -  build 18.58  minflt 66  steal 0
path-65536.edges     wcc        grust-next@counted+eager  first  iters    -  total    1.2279 ± 0.0297  per-iter -  build 20.23  minflt 133  steal 0
path-65536.edges     wcc        grust-next@counted+eager  second iters    -  total    1.2115 ± 0.0602  per-iter -  build 20.23  minflt 132  steal 0
path-65536.edges     wcc        grust-next@unchecked      first  iters    -  total    0.6225 ± 0.0025  per-iter -  build 15.52  minflt 133  steal 0
path-65536.edges     wcc        grust-next@unchecked      second iters    -  total    0.3297 ± 0.0041  per-iter -  build 15.52  minflt 2  steal 0
path-65536.edges     wcc        grust-next@work-uncounted first  iters    -  total    0.7087 ± 0.0441  per-iter -  build 15.62  minflt 133  steal 0
path-65536.edges     wcc        grust-next@work-uncounted second iters    -  total    0.3510 ± 0.0109  per-iter -  build 15.62  minflt 2  steal 0
path-65536.edges     wcc        grustcat                         iters    -  total    0.6266 ± 0.0035  per-iter -  build 102.85  minflt 0  steal 0
path-65536.edges     wcc        icebug                           iters    -  total    1.2194 ± 0.0104  per-iter -  build 7.05  minflt 137  steal 0
path-65536.edges     wcc        icecat                           iters    -  total    1.0813 ± 0.0117  per-iter -  build 4.33  minflt 257  steal 0
path-65536.edges     wcc        neo4j-graph                      iters    -  total    2.3220 ± 0.1324  per-iter -  build 4.64  minflt 231  steal 0
uniform-16384.edges  bfs        grust                     first  iters    -  total    1.5605 ± 0.0042  per-iter -  build 17.56  minflt 36  steal 0
uniform-16384.edges  bfs        grust                     second iters    -  total    1.4748 ± 0.0030  per-iter -  build 17.56  minflt 0  steal 0
uniform-16384.edges  bfs        grust-next@counted        first  iters    -  total    1.7072 ± 0.0217  per-iter -  build 10.83  minflt 0  steal 0
uniform-16384.edges  bfs        grust-next@counted        second iters    -  total    1.5111 ± 0.0334  per-iter -  build 10.83  minflt 0  steal 0
uniform-16384.edges  bfs        grust-next@counted+eager  first  iters    -  total    1.5323 ± 0.0131  per-iter -  build 12.40  minflt 0  steal 0
uniform-16384.edges  bfs        grust-next@counted+eager  second iters    -  total    1.4664 ± 0.0065  per-iter -  build 12.40  minflt 0  steal 0
uniform-16384.edges  bfs        grust-next@unchecked      first  iters    -  total    0.9748 ± 0.0175  per-iter -  build 8.44  minflt 0  steal 0
uniform-16384.edges  bfs        grust-next@unchecked      second iters    -  total    0.7771 ± 0.0071  per-iter -  build 8.44  minflt 0  steal 0
uniform-16384.edges  bfs        grust-next@work-uncounted first  iters    -  total    1.0616 ± 0.0038  per-iter -  build 8.85  minflt 0  steal 0
uniform-16384.edges  bfs        grust-next@work-uncounted second iters    -  total    0.8920 ± 0.0076  per-iter -  build 8.85  minflt 0  steal 0
uniform-16384.edges  bfs        grustcat                         iters    -  total    0.6688 ± 0.0108  per-iter -  build 79.31  minflt 0  steal 0
uniform-16384.edges  bfs        icebug                           iters    -  total    1.4897 ± 0.0214  per-iter -  build 8.97  minflt 57  steal 0
uniform-16384.edges  bfs        icecat                           iters    -  total    0.8721 ± 0.0066  per-iter -  build 6.45  minflt 97  steal 0
uniform-16384.edges  pagerank   grust                     first  iters   16  total    6.0067 ± 0.0709  per-iter 0.3754  build 17.32  minflt 484  steal 0
uniform-16384.edges  pagerank   grust                     second iters   16  total    3.2990 ± 0.0743  per-iter 0.2062  build 17.32  minflt 1  steal 0
uniform-16384.edges  pagerank   grust-next@counted        first  iters   16  total    3.3764 ± 0.1043  per-iter 0.2110  build 11.89  minflt 6  steal 0
uniform-16384.edges  pagerank   grust-next@counted        second iters   16  total    3.3881 ± 0.2525  per-iter 0.2118  build 11.89  minflt 0  steal 0
uniform-16384.edges  pagerank   grust-next@counted+eager  first  iters   16  total    3.1802 ± 0.0497  per-iter 0.1988  build 12.05  minflt 4  steal 0
uniform-16384.edges  pagerank   grust-next@counted+eager  second iters   16  total    3.0286 ± 0.0914  per-iter 0.1893  build 12.05  minflt 0  steal 0
uniform-16384.edges  pagerank   grust-next@unchecked      first  iters   16  total    2.6784 ± 0.0742  per-iter 0.1674  build 9.85  minflt 3  steal 0
uniform-16384.edges  pagerank   grust-next@unchecked      second iters   16  total    2.6017 ± 0.0288  per-iter 0.1626  build 9.85  minflt 0  steal 0
uniform-16384.edges  pagerank   grust-next@work-uncounted first  iters   16  total    2.6946 ± 0.0257  per-iter 0.1684  build 9.89  minflt 4  steal 0
uniform-16384.edges  pagerank   grust-next@work-uncounted second iters   16  total    2.6068 ± 0.0090  per-iter 0.1629  build 9.89  minflt 1  steal 0
uniform-16384.edges  pagerank   grustcat                         iters   16  total    6.8055 ± 0.0183  per-iter 0.4253  build 79.36  minflt 0  steal 0
uniform-16384.edges  pagerank   icebug                           iters   12  total    2.9337 ± 0.1698  per-iter 0.2445  build 9.14  minflt 201  steal 0
uniform-16384.edges  pagerank   icecat                           iters   16  total    8.0174 ± 0.0070  per-iter 0.5011  build 6.28  minflt 128  steal 0
uniform-16384.edges  pagerank   neo4j-graph                      iters   28  total   10.4995 ± 0.0680  per-iter 0.3750  build 4.05  minflt 38  steal 0
uniform-16384.edges  triangles  grust                     first  iters    -  total    9.0423 ± 0.0850  per-iter -  build 19.63  minflt 1031  steal 0
uniform-16384.edges  triangles  grust                     second iters    -  total    6.4169 ± 0.0281  per-iter -  build 19.63  minflt 1  steal 0
uniform-16384.edges  triangles  grust-next@counted        first  iters    -  total    7.2484 ± 0.0302  per-iter -  build 10.78  minflt 257  steal 0
uniform-16384.edges  triangles  grust-next@counted        second iters    -  total    7.2707 ± 0.0130  per-iter -  build 10.78  minflt 512  steal 0
uniform-16384.edges  triangles  grust-next@counted+eager  first  iters    -  total    7.2376 ± 0.0192  per-iter -  build 10.82  minflt 257  steal 0
uniform-16384.edges  triangles  grust-next@counted+eager  second iters    -  total    7.3136 ± 0.0123  per-iter -  build 10.82  minflt 512  steal 0
uniform-16384.edges  triangles  grust-next@unchecked      first  iters    -  total    6.9821 ± 0.0451  per-iter -  build 8.81  minflt 257  steal 0
uniform-16384.edges  triangles  grust-next@unchecked      second iters    -  total    7.0107 ± 0.0062  per-iter -  build 8.81  minflt 512  steal 0
uniform-16384.edges  triangles  grust-next@work-uncounted first  iters    -  total    7.0901 ± 0.0532  per-iter -  build 9.56  minflt 257  steal 0
uniform-16384.edges  triangles  grust-next@work-uncounted second iters    -  total    7.1336 ± 0.0226  per-iter -  build 9.56  minflt 512  steal 0
uniform-16384.edges  triangles  neo4j-graph                      iters    -  total    1.2795 ± 0.0140  per-iter -  build 4.01  minflt 51  steal 0
uniform-16384.edges  wcc        grust                     first  iters    -  total    1.3157 ± 0.0340  per-iter -  build 17.65  minflt 142  steal 0
uniform-16384.edges  wcc        grust                     second iters    -  total    0.6407 ± 0.0031  per-iter -  build 17.65  minflt 34  steal 0
uniform-16384.edges  wcc        grust-next@counted        first  iters    -  total    0.5740 ± 0.0125  per-iter -  build 10.72  minflt 3  steal 0
uniform-16384.edges  wcc        grust-next@counted        second iters    -  total    0.5639 ± 0.0162  per-iter -  build 10.72  minflt 2  steal 0
uniform-16384.edges  wcc        grust-next@counted+eager  first  iters    -  total    0.5104 ± 0.0321  per-iter -  build 12.49  minflt 3  steal 0
uniform-16384.edges  wcc        grust-next@counted+eager  second iters    -  total    0.5511 ± 0.0087  per-iter -  build 12.49  minflt 1  steal 0
uniform-16384.edges  wcc        grust-next@unchecked      first  iters    -  total    0.5449 ± 0.0433  per-iter -  build 8.36  minflt 3  steal 0
uniform-16384.edges  wcc        grust-next@unchecked      second iters    -  total    0.5343 ± 0.0383  per-iter -  build 8.36  minflt 3  steal 0
uniform-16384.edges  wcc        grust-next@work-uncounted first  iters    -  total    0.4940 ± 0.0570  per-iter -  build 8.42  minflt 3  steal 0
uniform-16384.edges  wcc        grust-next@work-uncounted second iters    -  total    0.4613 ± 0.0187  per-iter -  build 8.42  minflt 2  steal 0
uniform-16384.edges  wcc        grustcat                         iters    -  total    0.7420 ± 0.0017  per-iter -  build 78.97  minflt 0  steal 0
uniform-16384.edges  wcc        icebug                           iters    -  total    2.2114 ± 0.0383  per-iter -  build 9.17  minflt 69  steal 0
uniform-16384.edges  wcc        icecat                           iters    -  total    1.0674 ± 0.0043  per-iter -  build 6.73  minflt 65  steal 0
uniform-16384.edges  wcc        neo4j-graph                      iters    -  total    1.1093 ± 0.0005  per-iter -  build 4.01  minflt 1  steal 0
uniform-65536.edges  bfs        grust                     first  iters    -  total    4.2042 ± 0.0351  per-iter -  build 71.70  minflt 367  steal 0
uniform-65536.edges  bfs        grust                     second iters    -  total    3.1842 ± 0.0117  per-iter -  build 71.70  minflt 197  steal 0
uniform-65536.edges  bfs        grust-next@counted        first  iters    -  total    3.2723 ± 0.0793  per-iter -  build 36.80  minflt 118  steal 0
uniform-65536.edges  bfs        grust-next@counted        second iters    -  total    3.0615 ± 0.0542  per-iter -  build 36.80  minflt 78  steal 0
uniform-65536.edges  bfs        grust-next@counted+eager  first  iters    -  total    3.1594 ± 0.0119  per-iter -  build 42.50  minflt 123  steal 0
uniform-65536.edges  bfs        grust-next@counted+eager  second iters    -  total    3.0481 ± 0.0730  per-iter -  build 42.50  minflt 82  steal 0
uniform-65536.edges  bfs        grust-next@unchecked      first  iters    -  total    3.1400 ± 0.0402  per-iter -  build 28.86  minflt 112  steal 0
uniform-65536.edges  bfs        grust-next@unchecked      second iters    -  total    2.9754 ± 0.0730  per-iter -  build 28.86  minflt 78  steal 0
uniform-65536.edges  bfs        grust-next@work-uncounted first  iters    -  total    3.1714 ± 0.1061  per-iter -  build 29.93  minflt 119  steal 0
uniform-65536.edges  bfs        grust-next@work-uncounted second iters    -  total    2.9214 ± 0.0854  per-iter -  build 29.93  minflt 90  steal 0
uniform-65536.edges  bfs        grustcat                         iters    -  total    4.3536 ± 0.0785  per-iter -  build 358.89  minflt 0  steal 0
uniform-65536.edges  bfs        icebug                           iters    -  total    8.5766 ± 0.2598  per-iter -  build 42.95  minflt 216  steal 0
uniform-65536.edges  bfs        icecat                           iters    -  total    4.0296 ± 0.3046  per-iter -  build 18.40  minflt 253  steal 0
uniform-65536.edges  pagerank   grust                     first  iters   16  total   17.4058 ± 0.3446  per-iter 1.0879  build 69.24  minflt 1134  steal 0
uniform-65536.edges  pagerank   grust                     second iters   16  total    8.1556 ± 0.0747  per-iter 0.5097  build 69.24  minflt 5  steal 0
uniform-65536.edges  pagerank   grust-next@counted        first  iters   16  total    7.0082 ± 0.1593  per-iter 0.4380  build 41.61  minflt 12  steal 0
uniform-65536.edges  pagerank   grust-next@counted        second iters   16  total    6.6833 ± 0.0967  per-iter 0.4177  build 41.61  minflt 3  steal 0
uniform-65536.edges  pagerank   grust-next@counted+eager  first  iters   16  total    6.5384 ± 0.0058  per-iter 0.4087  build 42.58  minflt 14  steal 0
uniform-65536.edges  pagerank   grust-next@counted+eager  second iters   16  total    6.3682 ± 0.1074  per-iter 0.3980  build 42.58  minflt 4  steal 0
uniform-65536.edges  pagerank   grust-next@unchecked      first  iters   16  total    4.5054 ± 0.0445  per-iter 0.2816  build 34.17  minflt 13  steal 0
uniform-65536.edges  pagerank   grust-next@unchecked      second iters   16  total    4.3418 ± 0.1503  per-iter 0.2714  build 34.17  minflt 3  steal 0
uniform-65536.edges  pagerank   grust-next@work-uncounted first  iters   16  total    4.4804 ± 0.0490  per-iter 0.2800  build 33.43  minflt 13  steal 0
uniform-65536.edges  pagerank   grust-next@work-uncounted second iters   16  total    4.4673 ± 0.0800  per-iter 0.2792  build 33.43  minflt 3  steal 0
uniform-65536.edges  pagerank   grustcat                         iters   16  total   29.4954 ± 0.1003  per-iter 1.8435  build 367.94  minflt 0  steal 0
uniform-65536.edges  pagerank   icebug                           iters   11  total    7.3746 ± 0.0634  per-iter 0.6704  build 42.60  minflt 488  steal 0
uniform-65536.edges  pagerank   icecat                           iters   16  total   32.7161 ± 0.0536  per-iter 2.0448  build 18.40  minflt 606  steal 0
uniform-65536.edges  pagerank   neo4j-graph                      iters   34  total   16.3015 ± 0.2826  per-iter 0.4795  build 13.08  minflt 94  steal 0
uniform-65536.edges  triangles  grust                     first  iters    -  total   32.5394 ± 0.3231  per-iter -  build 85.85  minflt 1770  steal 0
uniform-65536.edges  triangles  grust                     second iters    -  total   26.1486 ± 0.0796  per-iter -  build 85.85  minflt 1  steal 0
uniform-65536.edges  triangles  grust-next@counted        first  iters    -  total   29.0576 ± 0.0846  per-iter -  build 40.29  minflt 517  steal 0
uniform-65536.edges  triangles  grust-next@counted        second iters    -  total   27.6105 ± 0.1576  per-iter -  build 40.29  minflt 1026  steal 0
uniform-65536.edges  triangles  grust-next@counted+eager  first  iters    -  total   28.9135 ± 0.1120  per-iter -  build 40.24  minflt 517  steal 0
uniform-65536.edges  triangles  grust-next@counted+eager  second iters    -  total   27.5380 ± 0.1551  per-iter -  build 40.24  minflt 1026  steal 0
uniform-65536.edges  triangles  grust-next@unchecked      first  iters    -  total   27.8969 ± 0.0152  per-iter -  build 33.60  minflt 517  steal 0
uniform-65536.edges  triangles  grust-next@unchecked      second iters    -  total   27.0078 ± 0.2202  per-iter -  build 33.60  minflt 1026  steal 0
uniform-65536.edges  triangles  grust-next@work-uncounted first  iters    -  total   28.2478 ± 0.0586  per-iter -  build 33.87  minflt 517  steal 0
uniform-65536.edges  triangles  grust-next@work-uncounted second iters    -  total   27.2877 ± 0.1117  per-iter -  build 33.87  minflt 1026  steal 0
uniform-65536.edges  triangles  neo4j-graph                      iters    -  total    3.9897 ± 0.0361  per-iter -  build 13.25  minflt 51  steal 0
uniform-65536.edges  wcc        grust                     first  iters    -  total    2.7113 ± 0.1615  per-iter -  build 69.98  minflt 241  steal 0
uniform-65536.edges  wcc        grust                     second iters    -  total    1.9967 ± 0.0267  per-iter -  build 69.98  minflt 132  steal 0
uniform-65536.edges  wcc        grust-next@counted        first  iters    -  total    1.7972 ± 0.0574  per-iter -  build 37.96  minflt 4  steal 0
uniform-65536.edges  wcc        grust-next@counted        second iters    -  total    1.6525 ± 0.0436  per-iter -  build 37.96  minflt 2  steal 0
uniform-65536.edges  wcc        grust-next@counted+eager  first  iters    -  total    1.6496 ± 0.0364  per-iter -  build 41.40  minflt 4  steal 0
uniform-65536.edges  wcc        grust-next@counted+eager  second iters    -  total    1.6558 ± 0.0182  per-iter -  build 41.40  minflt 2  steal 0
uniform-65536.edges  wcc        grust-next@unchecked      first  iters    -  total    1.5402 ± 0.0527  per-iter -  build 29.38  minflt 3  steal 0
uniform-65536.edges  wcc        grust-next@unchecked      second iters    -  total    1.6047 ± 0.0989  per-iter -  build 29.38  minflt 3  steal 0
uniform-65536.edges  wcc        grust-next@work-uncounted first  iters    -  total    1.5152 ± 0.0934  per-iter -  build 29.02  minflt 3  steal 0
uniform-65536.edges  wcc        grust-next@work-uncounted second iters    -  total    1.5676 ± 0.0400  per-iter -  build 29.02  minflt 2  steal 0
uniform-65536.edges  wcc        grustcat                         iters    -  total    3.0775 ± 0.0231  per-iter -  build 364.89  minflt 0  steal 0
uniform-65536.edges  wcc        icebug                           iters    -  total   13.0617 ± 0.1099  per-iter -  build 43.26  minflt 244  steal 0
uniform-65536.edges  wcc        icecat                           iters    -  total    3.9585 ± 0.0130  per-iter -  build 18.26  minflt 3  steal 0
uniform-65536.edges  wcc        neo4j-graph                      iters    -  total    3.0796 ± 0.1341  per-iter -  build 13.26  minflt 228  steal 0
full-width: clean, 104.5s, steal 0 ticks, 0 sightings
steal over the run: 1 ticks
1100 timed samples in 136.6s -> /work/timed/pinned-one-thread.json
not timed: layered-16384.edges pagerank neo4j-graph: no agreeing parity row at this concurrency
not timed: layered-65536.edges pagerank neo4j-graph: no agreeing parity row at this concurrency
not timed: path-16384.edges pagerank neo4j-graph: no agreeing parity row at this concurrency
not timed: path-65536.edges pagerank neo4j-graph: no agreeing parity row at this concurrency
hub-16384.edges      bfs        grust#1                  first  iters    -  total    1.6011 ± 0.0122  per-iter -  build 17.45  minflt 69  steal 0
hub-16384.edges      bfs        grust#1                  second iters    -  total    1.7756 ± 0.0104  per-iter -  build 17.45  minflt 33  steal 0
hub-16384.edges      bfs        grust#unset              first  iters    -  total    1.6023 ± 0.0159  per-iter -  build 16.82  minflt 69  steal 0
hub-16384.edges      bfs        grust#unset              second iters    -  total    1.5088 ± 0.0114  per-iter -  build 16.82  minflt 33  steal 0
hub-16384.edges      bfs        grust-next@counted#1     first  iters    -  total    1.5708 ± 0.0110  per-iter -  build 9.68  minflt 33  steal 0
hub-16384.edges      bfs        grust-next@counted#1     second iters    -  total    1.5421 ± 0.0013  per-iter -  build 9.68  minflt 33  steal 0
hub-16384.edges      bfs        grust-next@counted#unset first  iters    -  total    1.6525 ± 0.0081  per-iter -  build 12.67  minflt 69  steal 0
hub-16384.edges      bfs        grust-next@counted#unset second iters    -  total    1.5372 ± 0.0125  per-iter -  build 12.67  minflt 33  steal 0
hub-16384.edges      bfs        grustcat                        iters    -  total    0.6504 ± 0.0037  per-iter -  build 79.79  minflt 33  steal 0
hub-16384.edges      bfs        icebug                          iters    -  total    1.4231 ± 0.0034  per-iter -  build 9.11  minflt 57  steal 0
hub-16384.edges      bfs        icecat                          iters    -  total    0.8595 ± 0.0022  per-iter -  build 6.21  minflt 100  steal 0
hub-16384.edges      pagerank   grust#1                  first  iters   17  total   11.5936 ± 0.0208  per-iter 0.6820  build 17.14  minflt 421  steal 0
hub-16384.edges      pagerank   grust#1                  second iters   17  total    9.7752 ± 0.0047  per-iter 0.5750  build 17.14  minflt 99  steal 0
hub-16384.edges      pagerank   grust#unset              first  iters   17  total   50.7675 ± 0.0602  per-iter 2.9863  build 17.49  minflt 165  steal 0
hub-16384.edges      pagerank   grust#unset              second iters   17  total   50.6630 ± 0.0255  per-iter 2.9802  build 17.49  minflt 165  steal 0
hub-16384.edges      pagerank   grust-next@counted#1     first  iters   17  total    8.2028 ± 0.0128  per-iter 0.4825  build 11.39  minflt 99  steal 0
hub-16384.edges      pagerank   grust-next@counted#1     second iters   17  total    8.1247 ± 0.0157  per-iter 0.4779  build 11.39  minflt 99  steal 0
hub-16384.edges      pagerank   grust-next@counted#unset first  iters   17  total   23.4937 ± 0.0211  per-iter 1.3820  build 12.68  minflt 165  steal 0
hub-16384.edges      pagerank   grust-next@counted#unset second iters   17  total   23.4145 ± 0.0434  per-iter 1.3773  build 12.68  minflt 165  steal 0
hub-16384.edges      pagerank   grustcat                        iters   17  total    7.4311 ± 0.0164  per-iter 0.4371  build 79.77  minflt 99  steal 0
hub-16384.edges      pagerank   icebug                          iters   12  total    7.6656 ± 0.0269  per-iter 0.6388  build 9.30  minflt 107  steal 0
hub-16384.edges      pagerank   icecat                          iters   17  total    8.6380 ± 0.0033  per-iter 0.5081  build 5.57  minflt 230  steal 0
hub-16384.edges      pagerank   neo4j-graph                     iters   36  total   13.1052 ± 0.0653  per-iter 0.3640  build 7.61  minflt 24  steal 0
hub-16384.edges      triangles  grust#1                  first  iters    -  total   16.7847 ± 0.0265  per-iter -  build 20.84  minflt 455  steal 0
hub-16384.edges      triangles  grust#1                  second iters    -  total   16.4684 ± 0.0511  per-iter -  build 20.84  minflt 455  steal 0
hub-16384.edges      triangles  grust#unset              first  iters    -  total   16.7636 ± 0.0596  per-iter -  build 20.90  minflt 455  steal 0
hub-16384.edges      triangles  grust#unset              second iters    -  total   16.4492 ± 0.0303  per-iter -  build 20.90  minflt 455  steal 0
hub-16384.edges      triangles  grust-next@counted#1     first  iters    -  total   16.6098 ± 0.0523  per-iter -  build 12.97  minflt 422  steal 0
hub-16384.edges      triangles  grust-next@counted#1     second iters    -  total   16.0063 ± 0.0162  per-iter -  build 12.97  minflt 422  steal 0
hub-16384.edges      triangles  grust-next@counted#unset first  iters    -  total   16.7141 ± 0.0399  per-iter -  build 16.15  minflt 455  steal 0
hub-16384.edges      triangles  grust-next@counted#unset second iters    -  total   16.1063 ± 0.0398  per-iter -  build 16.15  minflt 455  steal 0
hub-16384.edges      triangles  neo4j-graph                     iters    -  total    7.6277 ± 0.0212  per-iter -  build 7.82  minflt 4  steal 0
hub-16384.edges      wcc        grust#1                  first  iters    -  total    1.6251 ± 0.0257  per-iter -  build 17.15  minflt 66  steal 0
hub-16384.edges      wcc        grust#1                  second iters    -  total    1.5695 ± 0.0072  per-iter -  build 17.15  minflt 66  steal 0
hub-16384.edges      wcc        grust#unset              first  iters    -  total    4.2352 ± 0.0095  per-iter -  build 17.61  minflt 66  steal 0
hub-16384.edges      wcc        grust#unset              second iters    -  total    4.2043 ± 0.0006  per-iter -  build 17.61  minflt 66  steal 0
hub-16384.edges      wcc        grust-next@counted#1     first  iters    -  total    1.5024 ± 0.0121  per-iter -  build 10.01  minflt 33  steal 0
hub-16384.edges      wcc        grust-next@counted#1     second iters    -  total    1.5431 ± 0.0109  per-iter -  build 10.01  minflt 66  steal 0
hub-16384.edges      wcc        grust-next@counted#unset first  iters    -  total    4.1667 ± 0.0023  per-iter -  build 13.20  minflt 66  steal 0
hub-16384.edges      wcc        grust-next@counted#unset second iters    -  total    4.1437 ± 0.0044  per-iter -  build 13.20  minflt 66  steal 0
hub-16384.edges      wcc        grustcat                        iters    -  total    0.6010 ± 0.0012  per-iter -  build 79.59  minflt 0  steal 0
hub-16384.edges      wcc        icebug                          iters    -  total    1.9634 ± 0.0209  per-iter -  build 9.27  minflt 69  steal 0
hub-16384.edges      wcc        icecat                          iters    -  total    0.9166 ± 0.0126  per-iter -  build 5.70  minflt 66  steal 0
hub-16384.edges      wcc        neo4j-graph                     iters    -  total    1.1967 ± 0.0099  per-iter -  build 7.89  minflt 99  steal 0
hub-65536.edges      bfs        grust#1                  first  iters    -  total    6.2819 ± 0.0827  per-iter -  build 69.41  minflt 420  steal 0
hub-65536.edges      bfs        grust#1                  second iters    -  total    6.0372 ± 0.0735  per-iter -  build 69.41  minflt 372  steal 0
hub-65536.edges      bfs        grust#unset              first  iters    -  total    6.9865 ± 0.0620  per-iter -  build 69.40  minflt 274  steal 0
hub-65536.edges      bfs        grust#unset              second iters    -  total    6.8191 ± 0.0303  per-iter -  build 69.40  minflt 274  steal 0
hub-65536.edges      bfs        grust-next@counted#1     first  iters    -  total    6.5937 ± 0.0399  per-iter -  build 39.90  minflt 435  steal 0
hub-65536.edges      bfs        grust-next@counted#1     second iters    -  total    6.1178 ± 0.0430  per-iter -  build 39.90  minflt 372  steal 0
hub-65536.edges      bfs        grust-next@counted#unset first  iters    -  total    7.2750 ± 0.0832  per-iter -  build 49.09  minflt 258  steal 0
hub-65536.edges      bfs        grust-next@counted#unset second iters    -  total    6.9542 ± 0.1174  per-iter -  build 49.09  minflt 274  steal 0
hub-65536.edges      bfs        grustcat                        iters    -  total    4.6145 ± 0.2041  per-iter -  build 371.80  minflt 129  steal 0
hub-65536.edges      bfs        icebug                          iters    -  total    8.4516 ± 0.0732  per-iter -  build 43.65  minflt 216  steal 0
hub-65536.edges      bfs        icecat                          iters    -  total    4.5045 ± 0.0328  per-iter -  build 18.99  minflt 388  steal 0
hub-65536.edges      pagerank   grust#1                  first  iters   17  total   53.3031 ± 0.0528  per-iter 3.1355  build 70.76  minflt 647  steal 0
hub-65536.edges      pagerank   grust#1                  second iters   17  total   45.6628 ± 0.0729  per-iter 2.6860  build 70.76  minflt 387  steal 0
hub-65536.edges      pagerank   grust#unset              first  iters   17  total  204.4298 ± 0.1963  per-iter 12.0253  build 69.97  minflt 645  steal 0
hub-65536.edges      pagerank   grust#unset              second iters   17  total  203.2107 ± 0.3743  per-iter 11.9536  build 69.97  minflt 645  steal 0
hub-65536.edges      pagerank   grust-next@counted#1     first  iters   17  total   34.5171 ± 0.3321  per-iter 2.0304  build 44.94  minflt 516  steal 0
hub-65536.edges      pagerank   grust-next@counted#1     second iters   17  total   34.3968 ± 0.2837  per-iter 2.0233  build 44.94  minflt 516  steal 0
hub-65536.edges      pagerank   grust-next@counted#unset first  iters   17  total   95.3838 ± 0.6853  per-iter 5.6108  build 49.10  minflt 645  steal 0
hub-65536.edges      pagerank   grust-next@counted#unset second iters   17  total   95.5561 ± 0.8634  per-iter 5.6209  build 49.10  minflt 645  steal 0
hub-65536.edges      pagerank   grustcat                        iters   17  total   30.5631 ± 0.0904  per-iter 1.7978  build 369.48  minflt 387  steal 0
hub-65536.edges      pagerank   icebug                          iters   12  total   43.0725 ± 0.7992  per-iter 3.5894  build 43.61  minflt 400  steal 0
hub-65536.edges      pagerank   icecat                          iters   17  total   34.6617 ± 0.0509  per-iter 2.0389  build 18.99  minflt 902  steal 0
hub-65536.edges      pagerank   neo4j-graph                     iters   28  total   36.0332 ± 0.1270  per-iter 1.2869  build 33.87  minflt 137  steal 0
hub-65536.edges      triangles  grust#1                  first  iters    -  total   73.7276 ± 0.7100  per-iter -  build 85.42  minflt 1290  steal 0
hub-65536.edges      triangles  grust#1                  second iters    -  total   71.9240 ± 0.3771  per-iter -  build 85.42  minflt 1290  steal 0
hub-65536.edges      triangles  grust#unset              first  iters    -  total   73.3709 ± 0.1536  per-iter -  build 85.99  minflt 1290  steal 0
hub-65536.edges      triangles  grust#unset              second iters    -  total   71.6832 ± 0.0858  per-iter -  build 85.99  minflt 1290  steal 0
hub-65536.edges      triangles  grust-next@counted#1     first  iters    -  total   71.7104 ± 0.3449  per-iter -  build 50.76  minflt 1290  steal 0
hub-65536.edges      triangles  grust-next@counted#1     second iters    -  total   70.1669 ± 0.3027  per-iter -  build 50.76  minflt 1290  steal 0
hub-65536.edges      triangles  grust-next@counted#unset first  iters    -  total   71.8078 ± 0.2733  per-iter -  build 67.85  minflt 1290  steal 0
hub-65536.edges      triangles  grust-next@counted#unset second iters    -  total   70.2381 ± 0.3244  per-iter -  build 67.85  minflt 1290  steal 0
hub-65536.edges      triangles  neo4j-graph                     iters    -  total   35.0934 ± 0.1557  per-iter -  build 33.84  minflt 4  steal 0
hub-65536.edges      wcc        grust#1                  first  iters    -  total    6.8352 ± 0.0152  per-iter -  build 70.05  minflt 258  steal 1
hub-65536.edges      wcc        grust#1                  second iters    -  total    6.7147 ± 0.0332  per-iter -  build 70.05  minflt 258  steal 1
hub-65536.edges      wcc        grust#unset              first  iters    -  total   17.0996 ± 0.0141  per-iter -  build 71.08  minflt 258  steal 1
hub-65536.edges      wcc        grust#unset              second iters    -  total   16.9830 ± 0.0077  per-iter -  build 71.08  minflt 258  steal 1
hub-65536.edges      wcc        grust-next@counted#1     first  iters    -  total    6.7228 ± 0.0072  per-iter -  build 39.86  minflt 258  steal 1
hub-65536.edges      wcc        grust-next@counted#1     second iters    -  total    6.5896 ± 0.0289  per-iter -  build 39.86  minflt 258  steal 1
hub-65536.edges      wcc        grust-next@counted#unset first  iters    -  total   16.9697 ± 0.0032  per-iter -  build 50.13  minflt 258  steal 1
hub-65536.edges      wcc        grust-next@counted#unset second iters    -  total   16.7878 ± 0.0331  per-iter -  build 50.13  minflt 258  steal 1
hub-65536.edges      wcc        grustcat                        iters    -  total    2.4619 ± 0.0198  per-iter -  build 377.19  minflt 0  steal 1
hub-65536.edges      wcc        icebug                          iters    -  total   11.3586 ± 0.0553  per-iter -  build 43.62  minflt 240  steal 1
hub-65536.edges      wcc        icecat                          iters    -  total    3.7293 ± 0.0071  per-iter -  build 18.73  minflt 258  steal 1
hub-65536.edges      wcc        neo4j-graph                     iters    -  total    4.4808 ± 0.0146  per-iter -  build 33.55  minflt 393  steal 1
layered-16384.edges  bfs        grust#1                  first  iters    -  total    0.5182 ± 0.0120  per-iter -  build 6.81  minflt 62  steal 0
layered-16384.edges  bfs        grust#1                  second iters    -  total    0.5090 ± 0.0049  per-iter -  build 6.81  minflt 26  steal 0
layered-16384.edges  bfs        grust#unset              first  iters    -  total    0.5202 ± 0.0212  per-iter -  build 6.45  minflt 62  steal 0
layered-16384.edges  bfs        grust#unset              second iters    -  total    0.4369 ± 0.0018  per-iter -  build 6.45  minflt 26  steal 0
layered-16384.edges  bfs        grust-next@counted#1     first  iters    -  total    0.4576 ± 0.0033  per-iter -  build 4.87  minflt 26  steal 0
layered-16384.edges  bfs        grust-next@counted#1     second iters    -  total    0.4324 ± 0.0009  per-iter -  build 4.87  minflt 26  steal 0
layered-16384.edges  bfs        grust-next@counted#unset first  iters    -  total    0.4991 ± 0.0069  per-iter -  build 5.69  minflt 61  steal 0
layered-16384.edges  bfs        grust-next@counted#unset second iters    -  total    0.4312 ± 0.0004  per-iter -  build 5.69  minflt 26  steal 0
layered-16384.edges  bfs        grustcat                        iters    -  total    0.2573 ± 0.0037  per-iter -  build 29.95  minflt 0  steal 0
layered-16384.edges  bfs        icebug                          iters    -  total    0.4922 ± 0.0111  per-iter -  build 2.79  minflt 36  steal 0
layered-16384.edges  bfs        icecat                          iters    -  total    0.3940 ± 0.0014  per-iter -  build 1.58  minflt 67  steal 0
layered-16384.edges  pagerank   grust#1                  first  iters   84  total   30.0181 ± 0.0079  per-iter 0.3574  build 6.90  minflt 229  steal 0
layered-16384.edges  pagerank   grust#1                  second iters   84  total   29.2091 ± 0.0351  per-iter 0.3477  build 6.90  minflt 99  steal 0
layered-16384.edges  pagerank   grust#unset              first  iters   84  total  115.5008 ± 0.0844  per-iter 1.3750  build 6.80  minflt 165  steal 0
layered-16384.edges  pagerank   grust#unset              second iters   84  total  115.3404 ± 0.0405  per-iter 1.3731  build 6.80  minflt 165  steal 0
layered-16384.edges  pagerank   grust-next@counted#1     first  iters   84  total   30.7497 ± 0.0305  per-iter 0.3661  build 5.87  minflt 99  steal 0
layered-16384.edges  pagerank   grust-next@counted#1     second iters   84  total   30.7086 ± 0.0396  per-iter 0.3656  build 5.87  minflt 99  steal 0
layered-16384.edges  pagerank   grust-next@counted#unset first  iters   84  total   88.9269 ± 0.1473  per-iter 1.0587  build 5.97  minflt 165  steal 0
layered-16384.edges  pagerank   grust-next@counted#unset second iters   84  total   88.8030 ± 0.0773  per-iter 1.0572  build 5.97  minflt 165  steal 0
layered-16384.edges  pagerank   grustcat                        iters   84  total   26.2555 ± 0.0362  per-iter 0.3126  build 31.00  minflt 34  steal 0
layered-16384.edges  pagerank   icebug                          iters   69  total   26.2509 ± 0.0854  per-iter 0.3804  build 2.77  minflt 114  steal 0
layered-16384.edges  pagerank   icecat                          iters   84  total   27.7703 ± 0.0101  per-iter 0.3306  build 1.56  minflt 229  steal 0
layered-16384.edges  triangles  grust#1                  first  iters    -  total    2.8358 ± 0.0180  per-iter -  build 6.70  minflt 389  steal 0
layered-16384.edges  triangles  grust#1                  second iters    -  total    2.8180 ± 0.0198  per-iter -  build 6.70  minflt 389  steal 0
layered-16384.edges  triangles  grust#unset              first  iters    -  total    2.8559 ± 0.0185  per-iter -  build 6.73  minflt 389  steal 0
layered-16384.edges  triangles  grust#unset              second iters    -  total    2.8055 ± 0.0189  per-iter -  build 6.73  minflt 389  steal 0
layered-16384.edges  triangles  grust-next@counted#1     first  iters    -  total    2.8843 ± 0.0051  per-iter -  build 5.68  minflt 356  steal 0
layered-16384.edges  triangles  grust-next@counted#1     second iters    -  total    2.6684 ± 0.0182  per-iter -  build 5.68  minflt 356  steal 0
layered-16384.edges  triangles  grust-next@counted#unset first  iters    -  total    2.7773 ± 0.0322  per-iter -  build 5.88  minflt 389  steal 0
layered-16384.edges  triangles  grust-next@counted#unset second iters    -  total    2.7405 ± 0.0102  per-iter -  build 5.88  minflt 389  steal 0
layered-16384.edges  triangles  neo4j-graph                     iters    -  total    0.7827 ± 0.0093  per-iter -  build 2.29  minflt 3  steal 0
layered-16384.edges  wcc        grust#1                  first  iters    -  total    0.6771 ± 0.0038  per-iter -  build 6.51  minflt 66  steal 0
layered-16384.edges  wcc        grust#1                  second iters    -  total    0.6749 ± 0.0064  per-iter -  build 6.51  minflt 66  steal 0
layered-16384.edges  wcc        grust#unset              first  iters    -  total    1.4969 ± 0.0026  per-iter -  build 6.49  minflt 66  steal 0
layered-16384.edges  wcc        grust#unset              second iters    -  total    1.4758 ± 0.0038  per-iter -  build 6.49  minflt 66  steal 0
layered-16384.edges  wcc        grust-next@counted#1     first  iters    -  total    0.6888 ± 0.0023  per-iter -  build 5.31  minflt 33  steal 0
layered-16384.edges  wcc        grust-next@counted#1     second iters    -  total    0.7433 ± 0.0043  per-iter -  build 5.31  minflt 66  steal 0
layered-16384.edges  wcc        grust-next@counted#unset first  iters    -  total    1.4964 ± 0.0181  per-iter -  build 5.51  minflt 66  steal 0
layered-16384.edges  wcc        grust-next@counted#unset second iters    -  total    1.4649 ± 0.0029  per-iter -  build 5.51  minflt 66  steal 0
layered-16384.edges  wcc        grustcat                        iters    -  total    0.3516 ± 0.0003  per-iter -  build 29.81  minflt 0  steal 0
layered-16384.edges  wcc        icebug                          iters    -  total    0.9455 ± 0.0025  per-iter -  build 2.78  minflt 42  steal 0
layered-16384.edges  wcc        icecat                          iters    -  total    0.5368 ± 0.0169  per-iter -  build 1.66  minflt 66  steal 0
layered-16384.edges  wcc        neo4j-graph                     iters    -  total    1.1364 ± 0.0077  per-iter -  build 2.31  minflt 99  steal 0
layered-65536.edges  bfs        grust#1                  first  iters    -  total    2.0367 ± 0.0111  per-iter -  build 27.93  minflt 247  steal 0
layered-65536.edges  bfs        grust#1                  second iters    -  total    2.2672 ± 0.0056  per-iter -  build 27.93  minflt 247  steal 0
layered-65536.edges  bfs        grust#unset              first  iters    -  total    2.0535 ± 0.0120  per-iter -  build 27.69  minflt 247  steal 0
layered-65536.edges  bfs        grust#unset              second iters    -  total    2.0017 ± 0.0043  per-iter -  build 27.69  minflt 247  steal 0
layered-65536.edges  bfs        grust-next@counted#1     first  iters    -  total    2.0131 ± 0.0102  per-iter -  build 20.69  minflt 243  steal 0
layered-65536.edges  bfs        grust-next@counted#1     second iters    -  total    1.9605 ± 0.0184  per-iter -  build 20.69  minflt 247  steal 0
layered-65536.edges  bfs        grust-next@counted#unset first  iters    -  total    2.0102 ± 0.0055  per-iter -  build 23.32  minflt 243  steal 0
layered-65536.edges  bfs        grust-next@counted#unset second iters    -  total    1.9826 ± 0.0060  per-iter -  build 23.32  minflt 247  steal 0
layered-65536.edges  bfs        grustcat                        iters    -  total    1.0218 ± 0.0108  per-iter -  build 127.35  minflt 0  steal 0
layered-65536.edges  bfs        icebug                          iters    -  total    2.0160 ± 0.0039  per-iter -  build 11.08  minflt 132  steal 0
layered-65536.edges  bfs        icecat                          iters    -  total    1.5403 ± 0.0087  per-iter -  build 6.80  minflt 259  steal 0
layered-65536.edges  pagerank   grust#1                  first  iters   75  total  108.8416 ± 0.3776  per-iter 1.4512  build 28.28  minflt 899  steal 0
layered-65536.edges  pagerank   grust#1                  second iters   75  total  105.2163 ± 0.1060  per-iter 1.4029  build 28.28  minflt 387  steal 0
layered-65536.edges  pagerank   grust#unset              first  iters   75  total  413.6465 ± 0.0399  per-iter 5.5153  build 27.89  minflt 645  steal 0
layered-65536.edges  pagerank   grust#unset              second iters   75  total  413.1578 ± 0.0447  per-iter 5.5088  build 27.89  minflt 645  steal 0
layered-65536.edges  pagerank   grust-next@counted#1     first  iters   75  total  111.3821 ± 0.0974  per-iter 1.4851  build 23.43  minflt 516  steal 0
layered-65536.edges  pagerank   grust-next@counted#1     second iters   75  total  110.8982 ± 0.0428  per-iter 1.4786  build 23.43  minflt 516  steal 0
layered-65536.edges  pagerank   grust-next@counted#unset first  iters   75  total  318.7947 ± 0.2324  per-iter 4.2506  build 23.81  minflt 645  steal 0
layered-65536.edges  pagerank   grust-next@counted#unset second iters   75  total  318.3770 ± 0.3188  per-iter 4.2450  build 23.81  minflt 645  steal 0
layered-65536.edges  pagerank   grustcat                        iters   75  total   95.0598 ± 0.1189  per-iter 1.2675  build 129.00  minflt 387  steal 0
layered-65536.edges  pagerank   icebug                          iters   60  total   91.6151 ± 0.0672  per-iter 1.5269  build 11.16  minflt 401  steal 0
layered-65536.edges  pagerank   icecat                          iters   75  total   99.8350 ± 0.0409  per-iter 1.3311  build 6.63  minflt 901  steal 0
layered-65536.edges  triangles  grust#1                  first  iters    -  total   11.8849 ± 0.1067  per-iter -  build 29.63  minflt 1536  steal 0
layered-65536.edges  triangles  grust#1                  second iters    -  total   11.1448 ± 0.0459  per-iter -  build 29.63  minflt 1536  steal 0
layered-65536.edges  triangles  grust#unset              first  iters    -  total   11.8538 ± 0.0194  per-iter -  build 29.60  minflt 1536  steal 0
layered-65536.edges  triangles  grust#unset              second iters    -  total   11.1240 ± 0.0260  per-iter -  build 29.60  minflt 1536  steal 0
layered-65536.edges  triangles  grust-next@counted#1     first  iters    -  total   11.5353 ± 0.0545  per-iter -  build 22.79  minflt 1536  steal 0
layered-65536.edges  triangles  grust-next@counted#1     second iters    -  total   10.7867 ± 0.0503  per-iter -  build 22.79  minflt 1536  steal 0
layered-65536.edges  triangles  grust-next@counted#unset first  iters    -  total   11.4683 ± 0.0245  per-iter -  build 25.35  minflt 1536  steal 0
layered-65536.edges  triangles  grust-next@counted#unset second iters    -  total   10.7892 ± 0.0181  per-iter -  build 25.35  minflt 1536  steal 0
layered-65536.edges  triangles  neo4j-graph                     iters    -  total    2.7609 ± 0.0165  per-iter -  build 8.65  minflt 4  steal 0
layered-65536.edges  wcc        grust#1                  first  iters    -  total    2.7197 ± 0.0118  per-iter -  build 27.98  minflt 258  steal 0
layered-65536.edges  wcc        grust#1                  second iters    -  total    2.6706 ± 0.0037  per-iter -  build 27.98  minflt 258  steal 0
layered-65536.edges  wcc        grust#unset              first  iters    -  total    5.9753 ± 0.0044  per-iter -  build 28.32  minflt 258  steal 0
layered-65536.edges  wcc        grust#unset              second iters    -  total    5.9321 ± 0.0035  per-iter -  build 28.32  minflt 258  steal 0
layered-65536.edges  wcc        grust-next@counted#1     first  iters    -  total    2.9707 ± 0.0065  per-iter -  build 21.03  minflt 258  steal 0
layered-65536.edges  wcc        grust-next@counted#1     second iters    -  total    2.9405 ± 0.0035  per-iter -  build 21.03  minflt 258  steal 0
layered-65536.edges  wcc        grust-next@counted#unset first  iters    -  total    5.9478 ± 0.0071  per-iter -  build 24.00  minflt 258  steal 0
layered-65536.edges  wcc        grust-next@counted#unset second iters    -  total    5.8982 ± 0.0067  per-iter -  build 24.00  minflt 258  steal 0
layered-65536.edges  wcc        grustcat                        iters    -  total    1.4081 ± 0.0038  per-iter -  build 128.84  minflt 0  steal 0
layered-65536.edges  wcc        icebug                          iters    -  total    3.7866 ± 0.0309  per-iter -  build 11.17  minflt 138  steal 0
layered-65536.edges  wcc        icecat                          iters    -  total    1.9961 ± 0.0243  per-iter -  build 6.39  minflt 258  steal 0
layered-65536.edges  wcc        neo4j-graph                     iters    -  total    4.1902 ± 0.0194  per-iter -  build 8.40  minflt 393  steal 0
path-16384.edges     bfs        grust#1                  first  iters    -  total    0.4780 ± 0.0058  per-iter -  build 4.99  minflt 69  steal 0
path-16384.edges     bfs        grust#1                  second iters    -  total    0.4345 ± 0.0015  per-iter -  build 4.99  minflt 33  steal 0
path-16384.edges     bfs        grust#unset              first  iters    -  total    0.4754 ± 0.0046  per-iter -  build 5.05  minflt 69  steal 0
path-16384.edges     bfs        grust#unset              second iters    -  total    0.4000 ± 0.0005  per-iter -  build 5.05  minflt 33  steal 0
path-16384.edges     bfs        grust-next@counted#1     first  iters    -  total    0.4481 ± 0.0009  per-iter -  build 4.02  minflt 66  steal 0
path-16384.edges     bfs        grust-next@counted#1     second iters    -  total    0.4303 ± 0.0009  per-iter -  build 4.02  minflt 66  steal 0
path-16384.edges     bfs        grust-next@counted#unset first  iters    -  total    0.4452 ± 0.0033  per-iter -  build 4.31  minflt 69  steal 0
path-16384.edges     bfs        grust-next@counted#unset second iters    -  total    0.3876 ± 0.0009  per-iter -  build 4.31  minflt 33  steal 0
path-16384.edges     bfs        grustcat                        iters    -  total    0.1426 ± 0.0003  per-iter -  build 24.02  minflt 0  steal 0
path-16384.edges     bfs        icebug                          iters    -  total    0.2518 ± 0.0064  per-iter -  build 1.77  minflt 37  steal 0
path-16384.edges     bfs        icecat                          iters    -  total    0.2877 ± 0.0036  per-iter -  build 0.87  minflt 66  steal 0
path-16384.edges     pagerank   grust#1                  first  iters   58  total   14.7674 ± 0.0280  per-iter 0.2546  build 5.03  minflt 198  steal 0
path-16384.edges     pagerank   grust#1                  second iters   58  total   14.0300 ± 0.0060  per-iter 0.2419  build 5.03  minflt 99  steal 0
path-16384.edges     pagerank   grust#unset              first  iters   58  total   67.2770 ± 0.6024  per-iter 1.1599  build 4.75  minflt 165  steal 0
path-16384.edges     pagerank   grust#unset              second iters   58  total   66.6316 ± 0.0572  per-iter 1.1488  build 4.75  minflt 165  steal 0
path-16384.edges     pagerank   grust-next@counted#1     first  iters   58  total   14.6915 ± 0.0360  per-iter 0.2533  build 4.59  minflt 99  steal 0
path-16384.edges     pagerank   grust-next@counted#1     second iters   58  total   14.6271 ± 0.0051  per-iter 0.2522  build 4.59  minflt 99  steal 0
path-16384.edges     pagerank   grust-next@counted#unset first  iters   58  total   60.5334 ± 0.0482  per-iter 1.0437  build 4.36  minflt 165  steal 0
path-16384.edges     pagerank   grust-next@counted#unset second iters   58  total   60.5390 ± 0.0517  per-iter 1.0438  build 4.36  minflt 165  steal 0
path-16384.edges     pagerank   grustcat                        iters   58  total    9.7483 ± 0.0364  per-iter 0.1681  build 24.25  minflt 0  steal 0
path-16384.edges     pagerank   icebug                          iters   54  total   12.7913 ± 0.0287  per-iter 0.2369  build 1.74  minflt 113  steal 0
path-16384.edges     pagerank   icecat                          iters   58  total   11.3222 ± 0.0045  per-iter 0.1952  build 0.91  minflt 230  steal 0
path-16384.edges     triangles  grust#1                  first  iters    -  total    1.5992 ± 0.0616  per-iter -  build 4.95  minflt 295  steal 0
path-16384.edges     triangles  grust#1                  second iters    -  total    1.5424 ± 0.0029  per-iter -  build 4.95  minflt 295  steal 0
path-16384.edges     triangles  grust#unset              first  iters    -  total    1.6786 ± 0.0479  per-iter -  build 5.12  minflt 295  steal 0
path-16384.edges     triangles  grust#unset              second iters    -  total    1.5525 ± 0.0101  per-iter -  build 5.12  minflt 295  steal 0
path-16384.edges     triangles  grust-next@counted#1     first  iters    -  total    1.5381 ± 0.0326  per-iter -  build 4.24  minflt 262  steal 0
path-16384.edges     triangles  grust-next@counted#1     second iters    -  total    1.4806 ± 0.0189  per-iter -  build 4.24  minflt 262  steal 0
path-16384.edges     triangles  grust-next@counted#unset first  iters    -  total    1.5699 ± 0.0028  per-iter -  build 4.57  minflt 295  steal 0
path-16384.edges     triangles  grust-next@counted#unset second iters    -  total    1.5401 ± 0.0130  per-iter -  build 4.57  minflt 295  steal 0
path-16384.edges     triangles  neo4j-graph                     iters    -  total    0.2457 ± 0.0071  per-iter -  build 1.49  minflt 3  steal 0
path-16384.edges     wcc        grust#1                  first  iters    -  total    0.4901 ± 0.0031  per-iter -  build 4.80  minflt 66  steal 0
path-16384.edges     wcc        grust#1                  second iters    -  total    0.4851 ± 0.0037  per-iter -  build 4.80  minflt 66  steal 0
path-16384.edges     wcc        grust#unset              first  iters    -  total    1.0564 ± 0.0020  per-iter -  build 5.14  minflt 66  steal 0
path-16384.edges     wcc        grust#unset              second iters    -  total    1.0389 ± 0.0032  per-iter -  build 5.14  minflt 66  steal 0
path-16384.edges     wcc        grust-next@counted#1     first  iters    -  total    0.5037 ± 0.0048  per-iter -  build 4.09  minflt 66  steal 0
path-16384.edges     wcc        grust-next@counted#1     second iters    -  total    0.4770 ± 0.0007  per-iter -  build 4.09  minflt 65  steal 0
path-16384.edges     wcc        grust-next@counted#unset first  iters    -  total    1.0501 ± 0.0063  per-iter -  build 4.37  minflt 66  steal 0
path-16384.edges     wcc        grust-next@counted#unset second iters    -  total    1.0352 ± 0.0101  per-iter -  build 4.37  minflt 66  steal 0
path-16384.edges     wcc        grustcat                        iters    -  total    0.1581 ± 0.0009  per-iter -  build 24.41  minflt 0  steal 0
path-16384.edges     wcc        icebug                          iters    -  total    0.3471 ± 0.0196  per-iter -  build 1.76  minflt 42  steal 0
path-16384.edges     wcc        icecat                          iters    -  total    0.2804 ± 0.0033  per-iter -  build 0.84  minflt 67  steal 0
path-16384.edges     wcc        neo4j-graph                     iters    -  total    0.9063 ± 0.0082  per-iter -  build 1.47  minflt 99  steal 0
path-65536.edges     bfs        grust#1                  first  iters    -  total    1.8743 ± 0.0165  per-iter -  build 21.05  minflt 274  steal 0
path-65536.edges     bfs        grust#1                  second iters    -  total    1.9422 ± 0.0084  per-iter -  build 21.05  minflt 274  steal 0
path-65536.edges     bfs        grust#unset              first  iters    -  total    1.8624 ± 0.0162  per-iter -  build 21.05  minflt 274  steal 0
path-65536.edges     bfs        grust#unset              second iters    -  total    1.8176 ± 0.0018  per-iter -  build 21.05  minflt 274  steal 0
path-65536.edges     bfs        grust-next@counted#1     first  iters    -  total    1.8077 ± 0.0168  per-iter -  build 17.21  minflt 272  steal 0
path-65536.edges     bfs        grust-next@counted#1     second iters    -  total    1.7514 ± 0.0116  per-iter -  build 17.21  minflt 274  steal 0
path-65536.edges     bfs        grust-next@counted#unset first  iters    -  total    1.8165 ± 0.0148  per-iter -  build 18.45  minflt 272  steal 0
path-65536.edges     bfs        grust-next@counted#unset second iters    -  total    1.7403 ± 0.0029  per-iter -  build 18.45  minflt 274  steal 0
path-65536.edges     bfs        grustcat                        iters    -  total    0.7606 ± 0.0035  per-iter -  build 103.30  minflt 130  steal 0
path-65536.edges     bfs        icebug                          iters    -  total    0.9423 ± 0.0092  per-iter -  build 7.06  minflt 132  steal 0
path-65536.edges     bfs        icecat                          iters    -  total    1.1255 ± 0.0044  per-iter -  build 4.25  minflt 258  steal 0
path-65536.edges     pagerank   grust#1                  first  iters   50  total   51.9631 ± 0.0311  per-iter 1.0393  build 21.05  minflt 774  steal 0
path-65536.edges     pagerank   grust#1                  second iters   50  total   49.2106 ± 0.0531  per-iter 0.9842  build 21.05  minflt 387  steal 0
path-65536.edges     pagerank   grust#unset              first  iters   50  total  230.9299 ± 0.0534  per-iter 4.6186  build 21.13  minflt 645  steal 0
path-65536.edges     pagerank   grust#unset              second iters   50  total  230.6716 ± 0.1956  per-iter 4.6134  build 21.13  minflt 645  steal 0
path-65536.edges     pagerank   grust-next@counted#1     first  iters   50  total   52.0583 ± 0.0766  per-iter 1.0412  build 19.85  minflt 516  steal 0
path-65536.edges     pagerank   grust-next@counted#1     second iters   50  total   51.7258 ± 0.0377  per-iter 1.0345  build 19.85  minflt 516  steal 0
path-65536.edges     pagerank   grust-next@counted#unset first  iters   50  total  209.9883 ± 0.1440  per-iter 4.1998  build 19.67  minflt 645  steal 0
path-65536.edges     pagerank   grust-next@counted#unset second iters   50  total  209.6435 ± 0.0594  per-iter 4.1929  build 19.67  minflt 645  steal 0
path-65536.edges     pagerank   grustcat                        iters   50  total   35.5769 ± 0.2054  per-iter 0.7115  build 102.61  minflt 516  steal 0
path-65536.edges     pagerank   icebug                          iters   46  total   42.9335 ± 0.0293  per-iter 0.9333  build 7.06  minflt 401  steal 0
path-65536.edges     pagerank   icecat                          iters   50  total   39.4949 ± 0.0394  per-iter 0.7899  build 4.21  minflt 901  steal 0
path-65536.edges     triangles  grust#1                  first  iters    -  total    6.5858 ± 0.0530  per-iter -  build 21.70  minflt 1159  steal 0
path-65536.edges     triangles  grust#1                  second iters    -  total    5.9672 ± 0.0313  per-iter -  build 21.70  minflt 1159  steal 0
path-65536.edges     triangles  grust#unset              first  iters    -  total    6.5074 ± 0.0423  per-iter -  build 21.27  minflt 1159  steal 0
path-65536.edges     triangles  grust#unset              second iters    -  total    5.9823 ± 0.0430  per-iter -  build 21.27  minflt 1159  steal 0
path-65536.edges     triangles  grust-next@counted#1     first  iters    -  total    6.4449 ± 0.0607  per-iter -  build 18.13  minflt 1159  steal 0
path-65536.edges     triangles  grust-next@counted#1     second iters    -  total    5.9592 ± 0.0036  per-iter -  build 18.13  minflt 1159  steal 0
path-65536.edges     triangles  grust-next@counted#unset first  iters    -  total    6.5113 ± 0.0594  per-iter -  build 19.42  minflt 1159  steal 0
path-65536.edges     triangles  grust-next@counted#unset second iters    -  total    6.0044 ± 0.0414  per-iter -  build 19.42  minflt 1159  steal 0
path-65536.edges     triangles  neo4j-graph                     iters    -  total    0.6373 ± 0.0129  per-iter -  build 5.31  minflt 3  steal 0
path-65536.edges     wcc        grust#1                  first  iters    -  total    1.9769 ± 0.0050  per-iter -  build 21.15  minflt 258  steal 0
path-65536.edges     wcc        grust#1                  second iters    -  total    1.9547 ± 0.0130  per-iter -  build 21.15  minflt 258  steal 0
path-65536.edges     wcc        grust#unset              first  iters    -  total    4.2156 ± 0.0133  per-iter -  build 21.08  minflt 258  steal 0
path-65536.edges     wcc        grust#unset              second iters    -  total    4.1627 ± 0.0105  per-iter -  build 21.08  minflt 258  steal 0
path-65536.edges     wcc        grust-next@counted#1     first  iters    -  total    2.0035 ± 0.0190  per-iter -  build 17.48  minflt 258  steal 0
path-65536.edges     wcc        grust-next@counted#1     second iters    -  total    1.9691 ± 0.0164  per-iter -  build 17.48  minflt 258  steal 0
path-65536.edges     wcc        grust-next@counted#unset first  iters    -  total    4.1936 ± 0.0024  per-iter -  build 19.42  minflt 258  steal 0
path-65536.edges     wcc        grust-next@counted#unset second iters    -  total    4.1491 ± 0.0048  per-iter -  build 19.42  minflt 258  steal 0
path-65536.edges     wcc        grustcat                        iters    -  total    0.8188 ± 0.0021  per-iter -  build 102.21  minflt 129  steal 0
path-65536.edges     wcc        icebug                          iters    -  total    1.2241 ± 0.0095  per-iter -  build 6.98  minflt 138  steal 0
path-65536.edges     wcc        icecat                          iters    -  total    1.0841 ± 0.0083  per-iter -  build 4.16  minflt 258  steal 0
path-65536.edges     wcc        neo4j-graph                     iters    -  total    3.3361 ± 0.0102  per-iter -  build 5.19  minflt 393  steal 0
uniform-16384.edges  bfs        grust#1                  first  iters    -  total    1.6305 ± 0.0038  per-iter -  build 17.20  minflt 68  steal 0
uniform-16384.edges  bfs        grust#1                  second iters    -  total    1.8227 ± 0.0117  per-iter -  build 17.20  minflt 32  steal 0
uniform-16384.edges  bfs        grust#unset              first  iters    -  total    1.6482 ± 0.0084  per-iter -  build 17.36  minflt 68  steal 0
uniform-16384.edges  bfs        grust#unset              second iters    -  total    1.5373 ± 0.0123  per-iter -  build 17.36  minflt 32  steal 0
uniform-16384.edges  bfs        grust-next@counted#1     first  iters    -  total    1.6179 ± 0.0032  per-iter -  build 9.88  minflt 32  steal 0
uniform-16384.edges  bfs        grust-next@counted#1     second iters    -  total    1.5708 ± 0.0170  per-iter -  build 9.88  minflt 32  steal 0
uniform-16384.edges  bfs        grust-next@counted#unset first  iters    -  total    1.6749 ± 0.0078  per-iter -  build 12.86  minflt 68  steal 0
uniform-16384.edges  bfs        grust-next@counted#unset second iters    -  total    1.5430 ± 0.0032  per-iter -  build 12.86  minflt 32  steal 0
uniform-16384.edges  bfs        grustcat                        iters    -  total    0.6619 ± 0.0035  per-iter -  build 79.62  minflt 0  steal 0
uniform-16384.edges  bfs        icebug                          iters    -  total    1.4452 ± 0.0420  per-iter -  build 8.90  minflt 57  steal 0
uniform-16384.edges  bfs        icecat                          iters    -  total    0.9160 ± 0.0150  per-iter -  build 6.66  minflt 99  steal 0
uniform-16384.edges  pagerank   grust#1                  first  iters   16  total   11.1720 ± 0.0357  per-iter 0.6983  build 16.85  minflt 421  steal 0
uniform-16384.edges  pagerank   grust#1                  second iters   16  total    9.3698 ± 0.0169  per-iter 0.5856  build 16.85  minflt 99  steal 0
uniform-16384.edges  pagerank   grust#unset              first  iters   16  total   47.9556 ± 0.0198  per-iter 2.9972  build 16.99  minflt 165  steal 0
uniform-16384.edges  pagerank   grust#unset              second iters   16  total   47.8941 ± 0.0195  per-iter 2.9934  build 16.99  minflt 165  steal 0
uniform-16384.edges  pagerank   grust-next@counted#1     first  iters   16  total    7.7182 ± 0.0083  per-iter 0.4824  build 10.73  minflt 99  steal 0
uniform-16384.edges  pagerank   grust-next@counted#1     second iters   16  total    7.6557 ± 0.0033  per-iter 0.4785  build 10.73  minflt 99  steal 0
uniform-16384.edges  pagerank   grust-next@counted#unset first  iters   16  total   21.8717 ± 0.0421  per-iter 1.3670  build 12.73  minflt 165  steal 0
uniform-16384.edges  pagerank   grust-next@counted#unset second iters   16  total   21.7748 ± 0.0614  per-iter 1.3609  build 12.73  minflt 165  steal 0
uniform-16384.edges  pagerank   grustcat                        iters   16  total    6.8672 ± 0.0229  per-iter 0.4292  build 81.19  minflt 33  steal 0
uniform-16384.edges  pagerank   icebug                          iters   12  total    7.8430 ± 0.1156  per-iter 0.6536  build 9.02  minflt 111  steal 0
uniform-16384.edges  pagerank   icecat                          iters   16  total    8.1953 ± 0.0064  per-iter 0.5122  build 6.51  minflt 229  steal 0
uniform-16384.edges  pagerank   neo4j-graph                     iters   28  total   10.3583 ± 0.0332  per-iter 0.3699  build 7.73  minflt 24  steal 0
uniform-16384.edges  triangles  grust#1                  first  iters    -  total   18.2022 ± 0.0225  per-iter -  build 21.29  minflt 455  steal 0
uniform-16384.edges  triangles  grust#1                  second iters    -  total   17.9114 ± 0.0349  per-iter -  build 21.29  minflt 455  steal 0
uniform-16384.edges  triangles  grust#unset              first  iters    -  total   18.5553 ± 0.3012  per-iter -  build 20.88  minflt 455  steal 0
uniform-16384.edges  triangles  grust#unset              second iters    -  total   17.9265 ± 0.0126  per-iter -  build 20.88  minflt 455  steal 0
uniform-16384.edges  triangles  grust-next@counted#1     first  iters    -  total   18.0521 ± 0.0385  per-iter -  build 12.87  minflt 422  steal 0
uniform-16384.edges  triangles  grust-next@counted#1     second iters    -  total   17.4197 ± 0.0235  per-iter -  build 12.87  minflt 422  steal 0
uniform-16384.edges  triangles  grust-next@counted#unset first  iters    -  total   18.0786 ± 0.0138  per-iter -  build 16.29  minflt 455  steal 0
uniform-16384.edges  triangles  grust-next@counted#unset second iters    -  total   17.5018 ± 0.0084  per-iter -  build 16.29  minflt 455  steal 0
uniform-16384.edges  triangles  neo4j-graph                     iters    -  total    8.6103 ± 0.0497  per-iter -  build 7.76  minflt 4  steal 0
uniform-16384.edges  wcc        grust#1                  first  iters    -  total    2.1080 ± 0.0065  per-iter -  build 17.32  minflt 66  steal 0
uniform-16384.edges  wcc        grust#1                  second iters    -  total    2.0967 ± 0.0212  per-iter -  build 17.32  minflt 66  steal 0
uniform-16384.edges  wcc        grust#unset              first  iters    -  total    4.2220 ± 0.0035  per-iter -  build 17.26  minflt 66  steal 0
uniform-16384.edges  wcc        grust#unset              second iters    -  total    4.2020 ± 0.0044  per-iter -  build 17.26  minflt 66  steal 0
uniform-16384.edges  wcc        grust-next@counted#1     first  iters    -  total    2.3163 ± 0.0041  per-iter -  build 9.84  minflt 33  steal 0
uniform-16384.edges  wcc        grust-next@counted#1     second iters    -  total    2.3756 ± 0.0124  per-iter -  build 9.84  minflt 66  steal 0
uniform-16384.edges  wcc        grust-next@counted#unset first  iters    -  total    4.1727 ± 0.0089  per-iter -  build 12.14  minflt 66  steal 0
uniform-16384.edges  wcc        grust-next@counted#unset second iters    -  total    4.1469 ± 0.0001  per-iter -  build 12.14  minflt 66  steal 0
uniform-16384.edges  wcc        grustcat                        iters    -  total    0.7419 ± 0.0007  per-iter -  build 79.40  minflt 0  steal 0
uniform-16384.edges  wcc        icebug                          iters    -  total    2.2343 ± 0.0333  per-iter -  build 9.12  minflt 69  steal 0
uniform-16384.edges  wcc        icecat                          iters    -  total    1.0705 ± 0.0041  per-iter -  build 6.29  minflt 66  steal 0
uniform-16384.edges  wcc        neo4j-graph                     iters    -  total    1.2058 ± 0.0083  per-iter -  build 7.78  minflt 99  steal 0
uniform-65536.edges  bfs        grust#1                  first  iters    -  total    6.4002 ± 0.0555  per-iter -  build 68.69  minflt 428  steal 0
uniform-65536.edges  bfs        grust#1                  second iters    -  total    6.0955 ± 0.0047  per-iter -  build 68.69  minflt 380  steal 0
uniform-65536.edges  bfs        grust#unset              first  iters    -  total    6.9284 ± 0.0348  per-iter -  build 68.96  minflt 273  steal 0
uniform-65536.edges  bfs        grust#unset              second iters    -  total    6.7197 ± 0.0173  per-iter -  build 68.96  minflt 273  steal 0
uniform-65536.edges  bfs        grust-next@counted#1     first  iters    -  total    6.7148 ± 0.0469  per-iter -  build 37.68  minflt 420  steal 0
uniform-65536.edges  bfs        grust-next@counted#1     second iters    -  total    6.1973 ± 0.0121  per-iter -  build 37.68  minflt 380  steal 0
uniform-65536.edges  bfs        grust-next@counted#unset first  iters    -  total    7.1714 ± 0.0317  per-iter -  build 48.36  minflt 257  steal 0
uniform-65536.edges  bfs        grust-next@counted#unset second iters    -  total    6.8426 ± 0.0112  per-iter -  build 48.36  minflt 273  steal 0
uniform-65536.edges  bfs        grustcat                        iters    -  total    4.4303 ± 0.0403  per-iter -  build 367.15  minflt 0  steal 0
uniform-65536.edges  bfs        icebug                          iters    -  total    8.3384 ± 0.1086  per-iter -  build 41.98  minflt 217  steal 0
uniform-65536.edges  bfs        icecat                          iters    -  total    4.1995 ± 0.0305  per-iter -  build 17.55  minflt 386  steal 0
uniform-65536.edges  pagerank   grust#1                  first  iters   16  total   50.3434 ± 0.1257  per-iter 3.1465  build 68.76  minflt 647  steal 0
uniform-65536.edges  pagerank   grust#1                  second iters   16  total   42.9991 ± 0.0522  per-iter 2.6874  build 68.76  minflt 387  steal 0
uniform-65536.edges  pagerank   grust#unset              first  iters   16  total  192.5608 ± 0.2605  per-iter 12.0350  build 68.83  minflt 645  steal 0
uniform-65536.edges  pagerank   grust#unset              second iters   16  total  192.8851 ± 0.8343  per-iter 12.0553  build 68.83  minflt 645  steal 0
uniform-65536.edges  pagerank   grust-next@counted#1     first  iters   16  total   32.1777 ± 0.3938  per-iter 2.0111  build 45.21  minflt 516  steal 0
uniform-65536.edges  pagerank   grust-next@counted#1     second iters   16  total   31.9890 ± 0.3009  per-iter 1.9993  build 45.21  minflt 516  steal 0
uniform-65536.edges  pagerank   grust-next@counted#unset first  iters   16  total   89.0607 ± 0.2838  per-iter 5.5663  build 49.72  minflt 645  steal 0
uniform-65536.edges  pagerank   grust-next@counted#unset second iters   16  total   88.7922 ± 0.1775  per-iter 5.5495  build 49.72  minflt 645  steal 0
uniform-65536.edges  pagerank   grustcat                        iters   16  total   28.8499 ± 0.0986  per-iter 1.8031  build 371.29  minflt 0  steal 0
uniform-65536.edges  pagerank   icebug                          iters   11  total   38.9686 ± 0.2405  per-iter 3.5426  build 42.46  minflt 398  steal 0
uniform-65536.edges  pagerank   icecat                          iters   16  total   32.8301 ± 0.0615  per-iter 2.0519  build 17.85  minflt 902  steal 0
uniform-65536.edges  pagerank   neo4j-graph                     iters   34  total   43.9868 ± 0.0294  per-iter 1.2937  build 33.29  minflt 138  steal 0
uniform-65536.edges  triangles  grust#1                  first  iters    -  total   78.9046 ± 0.0417  per-iter -  build 87.57  minflt 780  steal 0
uniform-65536.edges  triangles  grust#1                  second iters    -  total   77.2052 ± 0.1370  per-iter -  build 87.57  minflt 780  steal 0
uniform-65536.edges  triangles  grust#unset              first  iters    -  total   78.9082 ± 0.0246  per-iter -  build 90.05  minflt 780  steal 0
uniform-65536.edges  triangles  grust#unset              second iters    -  total   77.3454 ± 0.0317  per-iter -  build 90.05  minflt 780  steal 0
uniform-65536.edges  triangles  grust-next@counted#1     first  iters    -  total   77.4095 ± 0.1170  per-iter -  build 53.76  minflt 780  steal 0
uniform-65536.edges  triangles  grust-next@counted#1     second iters    -  total   75.6347 ± 0.2283  per-iter -  build 53.76  minflt 780  steal 0
uniform-65536.edges  triangles  grust-next@counted#unset first  iters    -  total   77.3039 ± 0.0644  per-iter -  build 69.81  minflt 780  steal 0
uniform-65536.edges  triangles  grust-next@counted#unset second iters    -  total   76.0627 ± 0.1627  per-iter -  build 69.81  minflt 780  steal 0
uniform-65536.edges  triangles  neo4j-graph                     iters    -  total   39.2499 ± 0.0569  per-iter -  build 32.96  minflt 4  steal 0
uniform-65536.edges  wcc        grust#1                  first  iters    -  total    8.8716 ± 0.0159  per-iter -  build 68.02  minflt 258  steal 0
uniform-65536.edges  wcc        grust#1                  second iters    -  total    8.8317 ± 0.0277  per-iter -  build 68.02  minflt 258  steal 0
uniform-65536.edges  wcc        grust#unset              first  iters    -  total   17.2942 ± 0.0590  per-iter -  build 69.20  minflt 258  steal 0
uniform-65536.edges  wcc        grust#unset              second iters    -  total   17.1629 ± 0.0221  per-iter -  build 69.20  minflt 258  steal 0
uniform-65536.edges  wcc        grust-next@counted#1     first  iters    -  total   10.0330 ± 0.0385  per-iter -  build 39.08  minflt 258  steal 0
uniform-65536.edges  wcc        grust-next@counted#1     second iters    -  total    9.9319 ± 0.0588  per-iter -  build 39.08  minflt 258  steal 0
uniform-65536.edges  wcc        grust-next@counted#unset first  iters    -  total   17.3266 ± 0.0447  per-iter -  build 50.29  minflt 258  steal 0
uniform-65536.edges  wcc        grust-next@counted#unset second iters    -  total   17.1309 ± 0.0411  per-iter -  build 50.29  minflt 258  steal 0
uniform-65536.edges  wcc        grustcat                        iters    -  total    3.0596 ± 0.0052  per-iter -  build 368.16  minflt 0  steal 0
uniform-65536.edges  wcc        icebug                          iters    -  total   12.8127 ± 0.2585  per-iter -  build 41.88  minflt 243  steal 0
uniform-65536.edges  wcc        icecat                          iters    -  total    4.3399 ± 0.0050  per-iter -  build 17.88  minflt 259  steal 0
uniform-65536.edges  wcc        neo4j-graph                     iters    -  total    4.4887 ± 0.0195  per-iter -  build 32.70  minflt 393  steal 0
pinned-one-thread: clean, 139.4s, steal 1 ticks, 0 sightings
steal over the run: 0 ticks
780 timed samples in 73.5s -> /work/timed/pinned-full-width.json
not timed: layered-16384.edges pagerank neo4j-graph: no agreeing parity row at this concurrency
not timed: layered-65536.edges pagerank neo4j-graph: no agreeing parity row at this concurrency
not timed: path-16384.edges pagerank neo4j-graph: no agreeing parity row at this concurrency
not timed: path-65536.edges pagerank neo4j-graph: no agreeing parity row at this concurrency
hub-16384.edges      bfs        grust              first  iters    -  total    1.6004 ± 0.0087  per-iter -  build 17.52  minflt 69  steal 0
hub-16384.edges      bfs        grust              second iters    -  total    1.7647 ± 0.0097  per-iter -  build 17.52  minflt 33  steal 0
hub-16384.edges      bfs        grust-next@counted first  iters    -  total    1.6483 ± 0.0112  per-iter -  build 10.35  minflt 66  steal 0
hub-16384.edges      bfs        grust-next@counted second iters    -  total    1.6236 ± 0.0026  per-iter -  build 10.35  minflt 66  steal 0
hub-16384.edges      bfs        grustcat                  iters    -  total    0.6433 ± 0.0113  per-iter -  build 79.06  minflt 33  steal 0
hub-16384.edges      bfs        icebug                    iters    -  total    1.4305 ± 0.0152  per-iter -  build 9.18  minflt 58  steal 0
hub-16384.edges      bfs        icecat                    iters    -  total    0.8560 ± 0.0057  per-iter -  build 5.72  minflt 100  steal 0
hub-16384.edges      pagerank   grust              first  iters   17  total    6.3463 ± 0.0888  per-iter 0.3733  build 17.65  minflt 536  steal 0
hub-16384.edges      pagerank   grust              second iters   17  total    3.7459 ± 0.1342  per-iter 0.2203  build 17.65  minflt 100  steal 0
hub-16384.edges      pagerank   grust-next@counted first  iters   17  total    3.7620 ± 0.0668  per-iter 0.2213  build 12.92  minflt 136  steal 0
hub-16384.edges      pagerank   grust-next@counted second iters   17  total    3.7743 ± 0.2227  per-iter 0.2220  build 12.92  minflt 132  steal 0
hub-16384.edges      pagerank   grustcat                  iters   17  total    7.4305 ± 0.0070  per-iter 0.4371  build 80.84  minflt 100  steal 0
hub-16384.edges      pagerank   icebug                    iters   12  total    3.0418 ± 0.1216  per-iter 0.2535  build 9.28  minflt 213  steal 0
hub-16384.edges      pagerank   icecat                    iters   17  total    8.6455 ± 0.0134  per-iter 0.5086  build 5.46  minflt 230  steal 0
hub-16384.edges      pagerank   neo4j-graph               iters   36  total   13.3046 ± 0.0272  per-iter 0.3696  build 4.83  minflt 61  steal 0
hub-16384.edges      triangles  grust              first  iters    -  total    8.0545 ± 0.0511  per-iter -  build 20.87  minflt 556  steal 0
hub-16384.edges      triangles  grust              second iters    -  total    7.2373 ± 0.0250  per-iter -  build 20.87  minflt 457  steal 0
hub-16384.edges      triangles  grust-next@counted first  iters    -  total    7.4487 ± 0.0059  per-iter -  build 11.06  minflt 455  steal 0
hub-16384.edges      triangles  grust-next@counted second iters    -  total    7.0650 ± 0.0275  per-iter -  build 11.06  minflt 455  steal 0
hub-16384.edges      triangles  neo4j-graph               iters    -  total    1.1317 ± 0.0129  per-iter -  build 4.72  minflt 52  steal 0
hub-16384.edges      wcc        grust              first  iters    -  total    1.3521 ± 0.1025  per-iter -  build 17.67  minflt 176  steal 0
hub-16384.edges      wcc        grust              second iters    -  total    0.6776 ± 0.0552  per-iter -  build 17.67  minflt 70  steal 0
hub-16384.edges      wcc        grust-next@counted first  iters    -  total    0.7359 ± 0.0345  per-iter -  build 10.86  minflt 68  steal 0
hub-16384.edges      wcc        grust-next@counted second iters    -  total    0.6730 ± 0.0265  per-iter -  build 10.86  minflt 68  steal 0
hub-16384.edges      wcc        grustcat                  iters    -  total    0.6061 ± 0.0056  per-iter -  build 79.61  minflt 0  steal 0
hub-16384.edges      wcc        icebug                    iters    -  total    1.9721 ± 0.0226  per-iter -  build 9.11  minflt 69  steal 0
hub-16384.edges      wcc        icecat                    iters    -  total    0.8991 ± 0.0023  per-iter -  build 5.65  minflt 66  steal 0
hub-16384.edges      wcc        neo4j-graph               iters    -  total    1.2846 ± 0.0115  per-iter -  build 4.59  minflt 109  steal 0
hub-65536.edges      bfs        grust              first  iters    -  total    4.7295 ± 0.0787  per-iter -  build 69.59  minflt 598  steal 0
hub-65536.edges      bfs        grust              second iters    -  total    3.7458 ± 0.0127  per-iter -  build 69.59  minflt 388  steal 0
hub-65536.edges      bfs        grust-next@counted first  iters    -  total    3.8207 ± 0.0572  per-iter -  build 37.09  minflt 414  steal 0
hub-65536.edges      bfs        grust-next@counted second iters    -  total    3.5523 ± 0.0680  per-iter -  build 37.09  minflt 354  steal 0
hub-65536.edges      bfs        grustcat                  iters    -  total    4.6203 ± 0.0383  per-iter -  build 372.51  minflt 129  steal 0
hub-65536.edges      bfs        icebug                    iters    -  total    8.3766 ± 0.0616  per-iter -  build 43.22  minflt 216  steal 0
hub-65536.edges      bfs        icecat                    iters    -  total    4.3879 ± 0.0982  per-iter -  build 18.58  minflt 388  steal 0
hub-65536.edges      pagerank   grust              first  iters   17  total   16.9670 ± 0.1193  per-iter 0.9981  build 71.41  minflt 771  steal 0
hub-65536.edges      pagerank   grust              second iters   17  total    9.2845 ± 0.1451  per-iter 0.5461  build 71.41  minflt 390  steal 0
hub-65536.edges      pagerank   grust-next@counted first  iters   17  total    8.2998 ± 0.1181  per-iter 0.4882  build 43.23  minflt 533  steal 0
hub-65536.edges      pagerank   grust-next@counted second iters   17  total    7.9510 ± 0.1114  per-iter 0.4677  build 43.23  minflt 519  steal 0
hub-65536.edges      pagerank   grustcat                  iters   17  total   30.5288 ± 0.0844  per-iter 1.7958  build 370.74  minflt 387  steal 0
hub-65536.edges      pagerank   icebug                    iters   12  total    7.4524 ± 0.0426  per-iter 0.6210  build 43.86  minflt 487  steal 0
hub-65536.edges      pagerank   icecat                    iters   17  total   34.5971 ± 0.0149  per-iter 2.0351  build 18.82  minflt 901  steal 0
hub-65536.edges      pagerank   neo4j-graph               iters   31  total   15.2075 ± 0.0441  per-iter 0.4906  build 14.86  minflt 170  steal 0
hub-65536.edges      triangles  grust              first  iters    -  total   30.9216 ± 0.1792  per-iter -  build 85.63  minflt 1393  steal 0
hub-65536.edges      triangles  grust              second iters    -  total   29.0759 ± 0.1549  per-iter -  build 85.63  minflt 1291  steal 0
hub-65536.edges      triangles  grust-next@counted first  iters    -  total   29.6054 ± 0.0645  per-iter -  build 43.26  minflt 1290  steal 0
hub-65536.edges      triangles  grust-next@counted second iters    -  total   28.5744 ± 0.4585  per-iter -  build 43.26  minflt 1290  steal 0
hub-65536.edges      triangles  neo4j-graph               iters    -  total    3.5575 ± 0.0534  per-iter -  build 14.99  minflt 52  steal 0
hub-65536.edges      wcc        grust              first  iters    -  total    2.6552 ± 0.0523  per-iter -  build 69.00  minflt 368  steal 0
hub-65536.edges      wcc        grust              second iters    -  total    2.0781 ± 0.0299  per-iter -  build 69.00  minflt 264  steal 0
hub-65536.edges      wcc        grust-next@counted first  iters    -  total    2.1244 ± 0.0347  per-iter -  build 37.96  minflt 261  steal 0
hub-65536.edges      wcc        grust-next@counted second iters    -  total    1.9490 ± 0.0353  per-iter -  build 37.96  minflt 260  steal 0
hub-65536.edges      wcc        grustcat                  iters    -  total    2.4375 ± 0.0026  per-iter -  build 370.86  minflt 0  steal 0
hub-65536.edges      wcc        icebug                    iters    -  total   11.0399 ± 0.2238  per-iter -  build 43.01  minflt 239  steal 0
hub-65536.edges      wcc        icecat                    iters    -  total    3.7412 ± 0.0105  per-iter -  build 18.68  minflt 259  steal 0
hub-65536.edges      wcc        neo4j-graph               iters    -  total    3.3740 ± 0.0884  per-iter -  build 14.94  minflt 415  steal 0
layered-16384.edges  bfs        grust              first  iters    -  total    0.5117 ± 0.0042  per-iter -  build 6.82  minflt 62  steal 0
layered-16384.edges  bfs        grust              second iters    -  total    0.5065 ± 0.0016  per-iter -  build 6.82  minflt 26  steal 0
layered-16384.edges  bfs        grust-next@counted first  iters    -  total    0.5260 ± 0.0044  per-iter -  build 6.22  minflt 62  steal 0
layered-16384.edges  bfs        grust-next@counted second iters    -  total    0.4781 ± 0.0016  per-iter -  build 6.22  minflt 59  steal 0
layered-16384.edges  bfs        grustcat                  iters    -  total    0.2535 ± 0.0008  per-iter -  build 29.93  minflt 0  steal 0
layered-16384.edges  bfs        icebug                    iters    -  total    0.4801 ± 0.0021  per-iter -  build 2.75  minflt 37  steal 0
layered-16384.edges  bfs        icecat                    iters    -  total    0.3905 ± 0.0016  per-iter -  build 1.71  minflt 66  steal 0
layered-16384.edges  pagerank   grust              first  iters   84  total   15.2785 ± 0.2233  per-iter 0.1819  build 6.92  minflt 347  steal 0
layered-16384.edges  pagerank   grust              second iters   84  total   13.7055 ± 0.1960  per-iter 0.1632  build 6.92  minflt 99  steal 0
layered-16384.edges  pagerank   grust-next@counted first  iters   84  total   14.3016 ± 0.2489  per-iter 0.1703  build 7.28  minflt 141  steal 0
layered-16384.edges  pagerank   grust-next@counted second iters   84  total   14.3501 ± 0.1526  per-iter 0.1708  build 7.28  minflt 132  steal 0
layered-16384.edges  pagerank   grustcat                  iters   84  total   26.3165 ± 0.0482  per-iter 0.3133  build 30.47  minflt 33  steal 0
layered-16384.edges  pagerank   icebug                    iters   69  total    8.7997 ± 0.2989  per-iter 0.1275  build 2.76  minflt 200  steal 0
layered-16384.edges  pagerank   icecat                    iters   84  total   27.8040 ± 0.0208  per-iter 0.3310  build 1.71  minflt 229  steal 0
layered-16384.edges  triangles  grust              first  iters    -  total    3.2315 ± 0.0555  per-iter -  build 6.98  minflt 491  steal 0
layered-16384.edges  triangles  grust              second iters    -  total    2.4093 ± 0.0380  per-iter -  build 6.98  minflt 390  steal 0
layered-16384.edges  triangles  grust-next@counted first  iters    -  total    2.5395 ± 0.0916  per-iter -  build 6.65  minflt 389  steal 0
layered-16384.edges  triangles  grust-next@counted second iters    -  total    2.2886 ± 0.0175  per-iter -  build 6.65  minflt 389  steal 0
layered-16384.edges  triangles  neo4j-graph               iters    -  total    0.6635 ± 0.0208  per-iter -  build 2.56  minflt 31  steal 0
layered-16384.edges  wcc        grust              first  iters    -  total    1.1145 ± 0.0263  per-iter -  build 6.95  minflt 173  steal 0
layered-16384.edges  wcc        grust              second iters    -  total    0.4217 ± 0.0054  per-iter -  build 6.95  minflt 70  steal 0
layered-16384.edges  wcc        grust-next@counted first  iters    -  total    0.4531 ± 0.0092  per-iter -  build 5.97  minflt 69  steal 0
layered-16384.edges  wcc        grust-next@counted second iters    -  total    0.4361 ± 0.0187  per-iter -  build 5.97  minflt 67  steal 0
layered-16384.edges  wcc        grustcat                  iters    -  total    0.3532 ± 0.0012  per-iter -  build 30.33  minflt 0  steal 0
layered-16384.edges  wcc        icebug                    iters    -  total    0.9520 ± 0.0143  per-iter -  build 2.78  minflt 43  steal 0
layered-16384.edges  wcc        icecat                    iters    -  total    0.5049 ± 0.0031  per-iter -  build 1.70  minflt 67  steal 0
layered-16384.edges  wcc        neo4j-graph               iters    -  total    1.2172 ± 0.0169  per-iter -  build 2.52  minflt 114  steal 0
layered-65536.edges  bfs        grust              first  iters    -  total    2.0322 ± 0.0051  per-iter -  build 28.45  minflt 248  steal 0
layered-65536.edges  bfs        grust              second iters    -  total    2.3001 ± 0.0067  per-iter -  build 28.45  minflt 247  steal 0
layered-65536.edges  bfs        grust-next@counted first  iters    -  total    2.1121 ± 0.0297  per-iter -  build 21.19  minflt 243  steal 0
layered-65536.edges  bfs        grust-next@counted second iters    -  total    1.9283 ± 0.0040  per-iter -  build 21.19  minflt 231  steal 0
layered-65536.edges  bfs        grustcat                  iters    -  total    1.0254 ± 0.0025  per-iter -  build 128.54  minflt 0  steal 0
layered-65536.edges  bfs        icebug                    iters    -  total    2.0403 ± 0.0051  per-iter -  build 11.07  minflt 132  steal 0
layered-65536.edges  bfs        icecat                    iters    -  total    1.5627 ± 0.0055  per-iter -  build 6.62  minflt 258  steal 0
layered-65536.edges  pagerank   grust              first  iters   75  total   26.0311 ± 0.3268  per-iter 0.3471  build 28.03  minflt 1033  steal 0
layered-65536.edges  pagerank   grust              second iters   75  total   21.6190 ± 0.1419  per-iter 0.2883  build 28.03  minflt 389  steal 0
layered-65536.edges  pagerank   grust-next@counted first  iters   75  total   21.1808 ± 0.3580  per-iter 0.2824  build 24.55  minflt 538  steal 0
layered-65536.edges  pagerank   grust-next@counted second iters   75  total   21.5213 ± 0.3607  per-iter 0.2870  build 24.55  minflt 521  steal 0
layered-65536.edges  pagerank   grustcat                  iters   75  total   94.8263 ± 0.0780  per-iter 1.2644  build 129.29  minflt 387  steal 0
layered-65536.edges  pagerank   icebug                    iters   60  total   14.5534 ± 0.4987  per-iter 0.2426  build 11.06  minflt 503  steal 0
layered-65536.edges  pagerank   icecat                    iters   75  total   99.8085 ± 0.0639  per-iter 1.3308  build 6.20  minflt 900  steal 0
layered-65536.edges  triangles  grust              first  iters    -  total   10.3404 ± 0.1377  per-iter -  build 29.23  minflt 1638  steal 0
layered-65536.edges  triangles  grust              second iters    -  total    9.1293 ± 0.0415  per-iter -  build 29.23  minflt 1538  steal 0
layered-65536.edges  triangles  grust-next@counted first  iters    -  total    9.5629 ± 0.0335  per-iter -  build 23.05  minflt 1536  steal 0
layered-65536.edges  triangles  grust-next@counted second iters    -  total    8.8247 ± 0.0851  per-iter -  build 23.05  minflt 1536  steal 0
layered-65536.edges  triangles  neo4j-graph               iters    -  total    1.0282 ± 0.0322  per-iter -  build 5.47  minflt 50  steal 0
layered-65536.edges  wcc        grust              first  iters    -  total    1.7331 ± 0.0132  per-iter -  build 28.19  minflt 369  steal 0
layered-65536.edges  wcc        grust              second iters    -  total    1.0721 ± 0.0176  per-iter -  build 28.19  minflt 264  steal 0
layered-65536.edges  wcc        grust-next@counted first  iters    -  total    1.1209 ± 0.0256  per-iter -  build 21.32  minflt 262  steal 0
layered-65536.edges  wcc        grust-next@counted second iters    -  total    1.0916 ± 0.0107  per-iter -  build 21.32  minflt 261  steal 0
layered-65536.edges  wcc        grustcat                  iters    -  total    1.4228 ± 0.0150  per-iter -  build 128.42  minflt 0  steal 0
layered-65536.edges  wcc        icebug                    iters    -  total    3.8466 ± 0.0669  per-iter -  build 11.19  minflt 138  steal 0
layered-65536.edges  wcc        icecat                    iters    -  total    1.9815 ± 0.0157  per-iter -  build 6.83  minflt 258  steal 0
layered-65536.edges  wcc        neo4j-graph               iters    -  total    2.9733 ± 0.2281  per-iter -  build 5.39  minflt 422  steal 0
path-16384.edges     bfs        grust              first  iters    -  total    0.4759 ± 0.0017  per-iter -  build 5.16  minflt 69  steal 0
path-16384.edges     bfs        grust              second iters    -  total    0.4352 ± 0.0017  per-iter -  build 5.16  minflt 33  steal 0
path-16384.edges     bfs        grust-next@counted first  iters    -  total    0.4758 ± 0.0042  per-iter -  build 5.33  minflt 66  steal 0
path-16384.edges     bfs        grust-next@counted second iters    -  total    0.4321 ± 0.0010  per-iter -  build 5.33  minflt 66  steal 0
path-16384.edges     bfs        grustcat                  iters    -  total    0.1457 ± 0.0006  per-iter -  build 24.08  minflt 0  steal 0
path-16384.edges     bfs        icebug                    iters    -  total    0.2564 ± 0.0038  per-iter -  build 1.77  minflt 37  steal 0
path-16384.edges     bfs        icecat                    iters    -  total    0.2933 ± 0.0029  per-iter -  build 0.92  minflt 67  steal 0
path-16384.edges     pagerank   grust              first  iters   58  total   10.2212 ± 0.0250  per-iter 0.1762  build 5.12  minflt 316  steal 0
path-16384.edges     pagerank   grust              second iters   58  total    8.6483 ± 0.1064  per-iter 0.1491  build 5.12  minflt 99  steal 0
path-16384.edges     pagerank   grust-next@counted first  iters   58  total   15.8111 ± 0.5406  per-iter 0.2726  build 6.09  minflt 144  steal 0
path-16384.edges     pagerank   grust-next@counted second iters   58  total   15.8553 ± 0.5105  per-iter 0.2734  build 6.09  minflt 132  steal 0
path-16384.edges     pagerank   grustcat                  iters   58  total   10.0631 ± 0.1750  per-iter 0.1735  build 24.36  minflt 0  steal 0
path-16384.edges     pagerank   icebug                    iters   54  total    6.5730 ± 0.0891  per-iter 0.1217  build 1.77  minflt 199  steal 0
path-16384.edges     pagerank   icecat                    iters   58  total   11.3329 ± 0.0155  per-iter 0.1954  build 0.95  minflt 229  steal 0
path-16384.edges     triangles  grust              first  iters    -  total    2.2505 ± 0.0128  per-iter -  build 5.19  minflt 397  steal 0
path-16384.edges     triangles  grust              second iters    -  total    1.5458 ± 0.0148  per-iter -  build 5.19  minflt 296  steal 0
path-16384.edges     triangles  grust-next@counted first  iters    -  total    1.6791 ± 0.0265  per-iter -  build 5.55  minflt 295  steal 0
path-16384.edges     triangles  grust-next@counted second iters    -  total    1.5840 ± 0.0167  per-iter -  build 5.55  minflt 295  steal 0
path-16384.edges     triangles  neo4j-graph               iters    -  total    0.4912 ± 0.0164  per-iter -  build 2.26  minflt 19  steal 0
path-16384.edges     wcc        grust              first  iters    -  total    1.0489 ± 0.0222  per-iter -  build 5.13  minflt 170  steal 0
path-16384.edges     wcc        grust              second iters    -  total    0.3943 ± 0.0220  per-iter -  build 5.13  minflt 67  steal 0
path-16384.edges     wcc        grust-next@counted first  iters    -  total    0.5505 ± 0.0167  per-iter -  build 5.30  minflt 68  steal 0
path-16384.edges     wcc        grust-next@counted second iters    -  total    0.5505 ± 0.0430  per-iter -  build 5.30  minflt 67  steal 0
path-16384.edges     wcc        grustcat                  iters    -  total    0.1574 ± 0.0011  per-iter -  build 24.46  minflt 0  steal 0
path-16384.edges     wcc        icebug                    iters    -  total    0.3355 ± 0.0034  per-iter -  build 1.77  minflt 42  steal 0
path-16384.edges     wcc        icecat                    iters    -  total    0.2814 ± 0.0011  per-iter -  build 0.94  minflt 66  steal 0
path-16384.edges     wcc        neo4j-graph               iters    -  total    0.9944 ± 0.0316  per-iter -  build 2.24  minflt 115  steal 0
path-65536.edges     bfs        grust              first  iters    -  total    1.8706 ± 0.0077  per-iter -  build 21.13  minflt 274  steal 0
path-65536.edges     bfs        grust              second iters    -  total    1.9674 ± 0.0075  per-iter -  build 21.13  minflt 274  steal 0
path-65536.edges     bfs        grust-next@counted first  iters    -  total    1.8602 ± 0.0229  per-iter -  build 18.33  minflt 272  steal 0
path-65536.edges     bfs        grust-next@counted second iters    -  total    1.7171 ± 0.0152  per-iter -  build 18.33  minflt 258  steal 0
path-65536.edges     bfs        grustcat                  iters    -  total    0.7549 ± 0.0003  per-iter -  build 102.80  minflt 130  steal 0
path-65536.edges     bfs        icebug                    iters    -  total    0.9334 ± 0.0138  per-iter -  build 6.97  minflt 132  steal 0
path-65536.edges     bfs        icecat                    iters    -  total    1.1362 ± 0.0042  per-iter -  build 4.20  minflt 259  steal 0
path-65536.edges     pagerank   grust              first  iters   50  total   16.7834 ± 0.2905  per-iter 0.3357  build 21.37  minflt 905  steal 0
path-65536.edges     pagerank   grust              second iters   50  total   12.7389 ± 0.3452  per-iter 0.2548  build 21.37  minflt 390  steal 0
path-65536.edges     pagerank   grust-next@counted first  iters   50  total   48.2059 ± 12.2604  per-iter 0.9641  build 21.08  minflt 537  steal 0  UNUSABLE
path-65536.edges     pagerank   grust-next@counted second iters   50  total   52.1915 ± 11.1869  per-iter 1.0438  build 21.08  minflt 518  steal 0
path-65536.edges     pagerank   grustcat                  iters   50  total   36.3555 ± 0.9844  per-iter 0.7271  build 102.73  minflt 516  steal 0
path-65536.edges     pagerank   icebug                    iters   46  total   10.5039 ± 0.0648  per-iter 0.2283  build 7.07  minflt 503  steal 0
path-65536.edges     pagerank   icecat                    iters   50  total   39.5064 ± 0.0494  per-iter 0.7901  build 4.22  minflt 902  steal 0
path-65536.edges     triangles  grust              first  iters    -  total    6.6631 ± 0.0630  per-iter -  build 21.58  minflt 1261  steal 0
path-65536.edges     triangles  grust              second iters    -  total    5.6200 ± 0.0157  per-iter -  build 21.58  minflt 1160  steal 0
path-65536.edges     triangles  grust-next@counted first  iters    -  total    6.3584 ± 0.0316  per-iter -  build 18.70  minflt 1159  steal 0
path-65536.edges     triangles  grust-next@counted second iters    -  total    5.9041 ± 0.0394  per-iter -  build 18.70  minflt 1159  steal 0
path-65536.edges     triangles  neo4j-graph               iters    -  total    0.6777 ± 0.0094  per-iter -  build 4.46  minflt 29  steal 0
path-65536.edges     wcc        grust              first  iters    -  total    1.6379 ± 0.0225  per-iter -  build 21.08  minflt 370  steal 0
path-65536.edges     wcc        grust              second iters    -  total    0.9740 ± 0.0145  per-iter -  build 21.08  minflt 263  steal 0
path-65536.edges     wcc        grust-next@counted first  iters    -  total    1.2599 ± 0.0481  per-iter -  build 18.60  minflt 261  steal 0
path-65536.edges     wcc        grust-next@counted second iters    -  total    1.2151 ± 0.0868  per-iter -  build 18.60  minflt 260  steal 0
path-65536.edges     wcc        grustcat                  iters    -  total    0.8134 ± 0.0019  per-iter -  build 102.37  minflt 129  steal 0
path-65536.edges     wcc        icebug                    iters    -  total    1.2361 ± 0.0100  per-iter -  build 7.04  minflt 138  steal 0
path-65536.edges     wcc        icecat                    iters    -  total    1.1077 ± 0.0256  per-iter -  build 4.20  minflt 259  steal 0
path-65536.edges     wcc        neo4j-graph               iters    -  total    2.4556 ± 0.0734  per-iter -  build 4.28  minflt 423  steal 0
uniform-16384.edges  bfs        grust              first  iters    -  total    1.6712 ± 0.0022  per-iter -  build 17.26  minflt 68  steal 0
uniform-16384.edges  bfs        grust              second iters    -  total    1.8185 ± 0.0110  per-iter -  build 17.26  minflt 32  steal 0
uniform-16384.edges  bfs        grust-next@counted first  iters    -  total    1.7418 ± 0.0057  per-iter -  build 10.64  minflt 65  steal 0
uniform-16384.edges  bfs        grust-next@counted second iters    -  total    1.6308 ± 0.0103  per-iter -  build 10.64  minflt 65  steal 0
uniform-16384.edges  bfs        grustcat                  iters    -  total    0.6881 ± 0.0122  per-iter -  build 79.89  minflt 0  steal 0
uniform-16384.edges  bfs        icebug                    iters    -  total    1.4749 ± 0.0173  per-iter -  build 9.08  minflt 57  steal 0
uniform-16384.edges  bfs        icecat                    iters    -  total    0.9096 ± 0.0086  per-iter -  build 6.46  minflt 99  steal 0
uniform-16384.edges  pagerank   grust              first  iters   16  total    6.0360 ± 0.1072  per-iter 0.3773  build 17.47  minflt 536  steal 0
uniform-16384.edges  pagerank   grust              second iters   16  total    3.4503 ± 0.0379  per-iter 0.2156  build 17.47  minflt 99  steal 0
uniform-16384.edges  pagerank   grust-next@counted first  iters   16  total    3.6288 ± 0.1314  per-iter 0.2268  build 12.54  minflt 137  steal 0
uniform-16384.edges  pagerank   grust-next@counted second iters   16  total    3.4772 ± 0.0551  per-iter 0.2173  build 12.54  minflt 132  steal 0
uniform-16384.edges  pagerank   grustcat                  iters   16  total    6.9158 ± 0.0226  per-iter 0.4322  build 80.33  minflt 33  steal 0
uniform-16384.edges  pagerank   icebug                    iters   12  total    2.8924 ± 0.0082  per-iter 0.2410  build 9.06  minflt 215  steal 0
uniform-16384.edges  pagerank   icecat                    iters   16  total    8.2022 ± 0.0119  per-iter 0.5126  build 6.01  minflt 230  steal 0
uniform-16384.edges  pagerank   neo4j-graph               iters   28  total   10.4959 ± 0.0240  per-iter 0.3749  build 4.44  minflt 59  steal 0
uniform-16384.edges  triangles  grust              first  iters    -  total    8.3083 ± 0.0271  per-iter -  build 21.05  minflt 557  steal 0
uniform-16384.edges  triangles  grust              second iters    -  total    7.5326 ± 0.0532  per-iter -  build 21.05  minflt 456  steal 0
uniform-16384.edges  triangles  grust-next@counted first  iters    -  total    7.6973 ± 0.0128  per-iter -  build 11.41  minflt 455  steal 0
uniform-16384.edges  triangles  grust-next@counted second iters    -  total    7.2953 ± 0.0087  per-iter -  build 11.41  minflt 455  steal 0
uniform-16384.edges  triangles  neo4j-graph               iters    -  total    1.2247 ± 0.0208  per-iter -  build 4.51  minflt 52  steal 0
uniform-16384.edges  wcc        grust              first  iters    -  total    1.5021 ± 0.0099  per-iter -  build 17.78  minflt 176  steal 0
uniform-16384.edges  wcc        grust              second iters    -  total    0.8123 ± 0.0200  per-iter -  build 17.78  minflt 69  steal 0
uniform-16384.edges  wcc        grust-next@counted first  iters    -  total    0.8647 ± 0.0043  per-iter -  build 10.29  minflt 68  steal 0
uniform-16384.edges  wcc        grust-next@counted second iters    -  total    0.7742 ± 0.0398  per-iter -  build 10.29  minflt 67  steal 0
uniform-16384.edges  wcc        grustcat                  iters    -  total    0.7450 ± 0.0042  per-iter -  build 79.28  minflt 1  steal 0
uniform-16384.edges  wcc        icebug                    iters    -  total    2.2892 ± 0.0325  per-iter -  build 9.09  minflt 69  steal 0
uniform-16384.edges  wcc        icecat                    iters    -  total    1.0726 ± 0.0061  per-iter -  build 6.46  minflt 67  steal 0
uniform-16384.edges  wcc        neo4j-graph               iters    -  total    1.2865 ± 0.0035  per-iter -  build 4.40  minflt 108  steal 0
uniform-65536.edges  bfs        grust              first  iters    -  total    4.7520 ± 0.0736  per-iter -  build 69.37  minflt 556  steal 0
uniform-65536.edges  bfs        grust              second iters    -  total    3.9363 ± 0.0653  per-iter -  build 69.37  minflt 398  steal 0
uniform-65536.edges  bfs        grust-next@counted first  iters    -  total    4.0274 ± 0.0358  per-iter -  build 36.70  minflt 453  steal 0
uniform-65536.edges  bfs        grust-next@counted second iters    -  total    3.6723 ± 0.0885  per-iter -  build 36.70  minflt 381  steal 0
uniform-65536.edges  bfs        grustcat                  iters    -  total    4.3801 ± 0.0531  per-iter -  build 366.18  minflt 0  steal 0
uniform-65536.edges  bfs        icebug                    iters    -  total    8.5813 ± 0.0510  per-iter -  build 42.43  minflt 216  steal 0
uniform-65536.edges  bfs        icecat                    iters    -  total    4.2603 ± 0.0228  per-iter -  build 17.67  minflt 386  steal 0
uniform-65536.edges  pagerank   grust              first  iters   16  total   16.7968 ± 0.1934  per-iter 1.0498  build 71.03  minflt 771  steal 0
uniform-65536.edges  pagerank   grust              second iters   16  total    8.7917 ± 0.0593  per-iter 0.5495  build 71.03  minflt 390  steal 0
uniform-65536.edges  pagerank   grust-next@counted first  iters   16  total    7.8534 ± 0.1249  per-iter 0.4908  build 42.37  minflt 531  steal 0
uniform-65536.edges  pagerank   grust-next@counted second iters   16  total    7.6509 ± 0.1853  per-iter 0.4782  build 42.37  minflt 519  steal 0
uniform-65536.edges  pagerank   grustcat                  iters   16  total   29.0173 ± 0.0649  per-iter 1.8136  build 366.89  minflt 0  steal 0
uniform-65536.edges  pagerank   icebug                    iters   11  total    7.1403 ± 0.1195  per-iter 0.6491  build 42.42  minflt 489  steal 0
uniform-65536.edges  pagerank   icecat                    iters   16  total   32.9013 ± 0.1140  per-iter 2.0563  build 17.87  minflt 902  steal 0
uniform-65536.edges  pagerank   neo4j-graph               iters   34  total   16.0925 ± 0.0992  per-iter 0.4733  build 14.45  minflt 173  steal 0
uniform-65536.edges  triangles  grust              first  iters    -  total   31.2708 ± 0.0469  per-iter -  build 88.12  minflt 882  steal 0
uniform-65536.edges  triangles  grust              second iters    -  total   29.2476 ± 0.0316  per-iter -  build 88.12  minflt 781  steal 0
uniform-65536.edges  triangles  grust-next@counted first  iters    -  total   29.7440 ± 0.0884  per-iter -  build 41.49  minflt 780  steal 0
uniform-65536.edges  triangles  grust-next@counted second iters    -  total   28.8242 ± 0.5345  per-iter -  build 41.49  minflt 780  steal 0
uniform-65536.edges  triangles  neo4j-graph               iters    -  total    3.7668 ± 0.0252  per-iter -  build 14.33  minflt 55  steal 0
uniform-65536.edges  wcc        grust              first  iters    -  total    2.9638 ± 0.0796  per-iter -  build 68.72  minflt 370  steal 0
uniform-65536.edges  wcc        grust              second iters    -  total    2.2342 ± 0.0845  per-iter -  build 68.72  minflt 262  steal 0
uniform-65536.edges  wcc        grust-next@counted first  iters    -  total    2.3685 ± 0.0799  per-iter -  build 37.17  minflt 262  steal 0
uniform-65536.edges  wcc        grust-next@counted second iters    -  total    2.2494 ± 0.0712  per-iter -  build 37.17  minflt 260  steal 0
uniform-65536.edges  wcc        grustcat                  iters    -  total    3.0681 ± 0.0057  per-iter -  build 371.46  minflt 0  steal 0
uniform-65536.edges  wcc        icebug                    iters    -  total   12.8211 ± 0.0737  per-iter -  build 42.63  minflt 243  steal 0
uniform-65536.edges  wcc        icecat                    iters    -  total    4.3491 ± 0.0061  per-iter -  build 17.73  minflt 258  steal 0
uniform-65536.edges  wcc        neo4j-graph               iters    -  total    3.8841 ± 0.0550  per-iter -  build 14.43  minflt 413  steal 0
pinned-full-width: clean, 76.2s, steal 0 ticks, 0 sightings
steal over the run: 7 ticks
120 timed samples in 1671.6s -> /work/timed/large-one-thread.json
hub-2097152.edges    pagerank   grust#1                         first  iters   16  total 4987.0812 ± 70.6507  per-iter 311.6926  build 3741.76  minflt 3142  steal 3
hub-2097152.edges    pagerank   grust#1                         second iters   16  total 4398.6004 ± 71.3133  per-iter 274.9125  build 3741.76  minflt 0  steal 3
hub-2097152.edges    pagerank   grust#unset                     first  iters   16  total 7810.2258 ± 196.8757  per-iter 488.1391  build 3780.73  minflt 2595  steal 3
hub-2097152.edges    pagerank   grust#unset                     second iters   16  total 7772.3837 ± 75.8640  per-iter 485.7740  build 3780.73  minflt 519  steal 3
hub-2097152.edges    pagerank   grust-next@counted#1            first  iters   16  total 2170.6950 ± 43.1346  per-iter 135.6684  build 1991.76  minflt 1559  steal 3
hub-2097152.edges    pagerank   grust-next@counted#1            second iters   16  total 1935.3253 ± 23.3869  per-iter 120.9578  build 1991.76  minflt 517  steal 3
hub-2097152.edges    pagerank   grust-next@counted#unset        first  iters   16  total 4025.0572 ± 132.5140  per-iter 251.5661  build 1756.67  minflt 2595  steal 3
hub-2097152.edges    pagerank   grust-next@counted#unset        second iters   16  total 4115.7689 ± 46.2954  per-iter 257.2356  build 1756.67  minflt 519  steal 3
hub-2097152.edges    pagerank   grust-next@unchecked#1          first  iters   16  total 1935.4626 ± 322.6601  per-iter 120.9664  build 1730.72  minflt 1559  steal 3
hub-2097152.edges    pagerank   grust-next@unchecked#1          second iters   16  total 1774.2199 ± 116.9918  per-iter 110.8887  build 1730.72  minflt 517  steal 3
hub-2097152.edges    pagerank   grust-next@unchecked#unset      first  iters   16  total 2917.4928 ± 44.5404  per-iter 182.3433  build 1263.90  minflt 2595  steal 3
hub-2097152.edges    pagerank   grust-next@unchecked#unset      second iters   16  total 3292.0958 ± 318.9725  per-iter 205.7560  build 1263.90  minflt 519  steal 3
hub-2097152.edges    pagerank   grust-next@work-uncounted#1     first  iters   16  total 2013.5918 ± 101.3820  per-iter 125.8495  build 1761.51  minflt 1559  steal 3
hub-2097152.edges    pagerank   grust-next@work-uncounted#1     second iters   16  total 1691.7443 ± 14.3408  per-iter 105.7340  build 1761.51  minflt 517  steal 3
hub-2097152.edges    pagerank   grust-next@work-uncounted#unset first  iters   16  total 3436.3138 ± 43.2928  per-iter 214.7696  build 1281.31  minflt 2595  steal 3
hub-2097152.edges    pagerank   grust-next@work-uncounted#unset second iters   16  total 3183.4348 ± 173.1076  per-iter 198.9647  build 1281.31  minflt 519  steal 3
hub-2097152.edges    pagerank   grustcat                               iters   16  total 1946.0846 ± 46.2284  per-iter 121.6303  build 17606.01  minflt 6625  steal 3
hub-2097152.edges    pagerank   icebug                                 iters   10  total 4305.7374 ± 358.3933  per-iter 430.5737  build 3316.26  minflt 1569  steal 3
hub-2097152.edges    pagerank   icecat                                 iters   16  total 1713.8100 ± 21.9466  per-iter 107.1131  build 580.99  minflt 10705  steal 3
hub-2097152.edges    pagerank   neo4j-graph                            iters   26  total 2091.5928 ± 5.8808  per-iter 80.4459  build 2616.87  minflt 1038  steal 3
uniform-2097152.edges pagerank   grust#1                         first  iters   16  total 5186.4978 ± 59.9591  per-iter 324.1561  build 3768.90  minflt 2659  steal 4
uniform-2097152.edges pagerank   grust#1                         second iters   16  total 4575.5746 ± 48.0210  per-iter 285.9734  build 3768.90  minflt 0  steal 4
uniform-2097152.edges pagerank   grust#unset                     first  iters   16  total 7639.6637 ± 159.3603  per-iter 477.4790  build 3742.21  minflt 2595  steal 4
uniform-2097152.edges pagerank   grust#unset                     second iters   16  total 7545.6277 ± 82.1246  per-iter 471.6017  build 3742.21  minflt 519  steal 4
uniform-2097152.edges pagerank   grust-next@counted#1            first  iters   16  total 2207.8030 ± 62.2635  per-iter 137.9877  build 1968.95  minflt 1559  steal 4
uniform-2097152.edges pagerank   grust-next@counted#1            second iters   16  total 2010.0872 ± 52.5475  per-iter 125.6305  build 1968.95  minflt 517  steal 4
uniform-2097152.edges pagerank   grust-next@counted#unset        first  iters   16  total 4023.1049 ± 11.1382  per-iter 251.4441  build 1769.40  minflt 2595  steal 4
uniform-2097152.edges pagerank   grust-next@counted#unset        second iters   16  total 4300.8067 ± 153.4759  per-iter 268.8004  build 1769.40  minflt 519  steal 4
uniform-2097152.edges pagerank   grust-next@unchecked#1          first  iters   16  total 1968.1061 ± 30.8599  per-iter 123.0066  build 1712.73  minflt 1559  steal 4
uniform-2097152.edges pagerank   grust-next@unchecked#1          second iters   16  total 1845.7290 ± 240.5913  per-iter 115.3581  build 1712.73  minflt 517  steal 4
uniform-2097152.edges pagerank   grust-next@unchecked#unset      first  iters   16  total 3133.0564 ± 182.9330  per-iter 195.8160  build 1259.97  minflt 2595  steal 4
uniform-2097152.edges pagerank   grust-next@unchecked#unset      second iters   16  total 3007.6134 ± 42.7307  per-iter 187.9758  build 1259.97  minflt 519  steal 4
uniform-2097152.edges pagerank   grust-next@work-uncounted#1     first  iters   16  total 1791.5784 ± 24.6492  per-iter 111.9737  build 1742.62  minflt 1559  steal 4
uniform-2097152.edges pagerank   grust-next@work-uncounted#1     second iters   16  total 1683.8081 ± 10.7990  per-iter 105.2380  build 1742.62  minflt 517  steal 4
uniform-2097152.edges pagerank   grust-next@work-uncounted#unset first  iters   16  total 3184.5051 ± 89.6681  per-iter 199.0316  build 1281.86  minflt 2595  steal 4
uniform-2097152.edges pagerank   grust-next@work-uncounted#unset second iters   16  total 3247.6383 ± 191.6051  per-iter 202.9774  build 1281.86  minflt 519  steal 4
uniform-2097152.edges pagerank   grustcat                               iters   16  total 2399.0543 ± 35.5681  per-iter 149.9409  build 19647.67  minflt 0  steal 4
uniform-2097152.edges pagerank   icebug                                 iters   10  total 4140.8877 ± 40.4013  per-iter 414.0888  build 3035.71  minflt 1573  steal 4
uniform-2097152.edges pagerank   icecat                                 iters   16  total 2063.8084 ± 324.6915  per-iter 128.9880  build 577.38  minflt 10705  steal 4
uniform-2097152.edges pagerank   neo4j-graph                            iters   26  total 2162.6122 ± 19.6851  per-iter 83.1774  build 2584.38  minflt 1037  steal 4
large-one-thread: clean, 1674.2s, steal 7 ticks, 0 sightings
steal over the run: 3 ticks
80 timed samples in 708.5s -> /work/timed/large-full-width.json
hub-2097152.edges    pagerank   grust                     first  iters   16  total 1084.3299 ± 7.6833  per-iter 67.7706  build 3779.21  minflt 3306  steal 1
hub-2097152.edges    pagerank   grust                     second iters   16  total  502.3734 ± 9.5497  per-iter 31.3983  build 3779.21  minflt 13  steal 1
hub-2097152.edges    pagerank   grust-next@counted        first  iters   16  total  274.7523 ± 15.1725  per-iter 17.1720  build 1523.44  minflt 1625  steal 1
hub-2097152.edges    pagerank   grust-next@counted        second iters   16  total  233.4388 ± 1.3656  per-iter 14.5899  build 1523.44  minflt 2056  steal 1
hub-2097152.edges    pagerank   grust-next@unchecked      first  iters   16  total  209.8298 ± 0.6369  per-iter 13.1144  build 1257.25  minflt 1623  steal 1
hub-2097152.edges    pagerank   grust-next@unchecked      second iters   16  total  216.3591 ± 4.1216  per-iter 13.5224  build 1257.25  minflt 2055  steal 1
hub-2097152.edges    pagerank   grust-next@work-uncounted first  iters   16  total  219.8713 ± 5.6856  per-iter 13.7420  build 1260.21  minflt 1624  steal 1
hub-2097152.edges    pagerank   grust-next@work-uncounted second iters   16  total  227.1229 ± 1.4676  per-iter 14.1952  build 1260.21  minflt 2054  steal 1
hub-2097152.edges    pagerank   grustcat                         iters   16  total 2161.9830 ± 199.8248  per-iter 135.1239  build 17404.62  minflt 6625  steal 1
hub-2097152.edges    pagerank   icebug                           iters   10  total  455.5739 ± 6.2321  per-iter 45.5574  build 3300.23  minflt 1676  steal 1
hub-2097152.edges    pagerank   icecat                           iters   16  total 1713.8914 ± 3.4652  per-iter 107.1182  build 585.76  minflt 10704  steal 1
hub-2097152.edges    pagerank   neo4j-graph                      iters   28  total  260.0440 ± 1.6772  per-iter 9.2873  build 409.29  minflt 1119  steal 1
uniform-2097152.edges pagerank   grust                     first  iters   16  total 1131.9400 ± 8.1837  per-iter 70.7463  build 3804.92  minflt 2827  steal 2
uniform-2097152.edges pagerank   grust                     second iters   16  total  548.0495 ± 17.2384  per-iter 34.2531  build 3804.92  minflt 12  steal 2
uniform-2097152.edges pagerank   grust-next@counted        first  iters   16  total  248.5894 ± 6.9824  per-iter 15.5368  build 1547.84  minflt 1622  steal 2
uniform-2097152.edges pagerank   grust-next@counted        second iters   16  total  253.4513 ± 9.7643  per-iter 15.8407  build 1547.84  minflt 2057  steal 2
uniform-2097152.edges pagerank   grust-next@unchecked      first  iters   16  total  226.0173 ± 1.6351  per-iter 14.1261  build 1281.28  minflt 1624  steal 2
uniform-2097152.edges pagerank   grust-next@unchecked      second iters   16  total  228.2624 ± 6.7326  per-iter 14.2664  build 1281.28  minflt 2057  steal 2
uniform-2097152.edges pagerank   grust-next@work-uncounted first  iters   16  total  228.1192 ± 3.9171  per-iter 14.2574  build 1279.23  minflt 1625  steal 2
uniform-2097152.edges pagerank   grust-next@work-uncounted second iters   16  total  228.7844 ± 5.4391  per-iter 14.2990  build 1279.23  minflt 2057  steal 2
uniform-2097152.edges pagerank   grustcat                         iters   16  total 2640.2730 ± 28.7425  per-iter 165.0171  build 19916.72  minflt 0  steal 2
uniform-2097152.edges pagerank   icebug                           iters   10  total  483.9018 ± 8.9121  per-iter 48.3902  build 3050.69  minflt 1676  steal 2
uniform-2097152.edges pagerank   icecat                           iters   16  total 2005.7224 ± 109.5633  per-iter 125.3577  build 585.81  minflt 10705  steal 2
uniform-2097152.edges pagerank   neo4j-graph                      iters   28  total  262.9370 ± 2.4978  per-iter 9.3906  build 410.61  minflt 1120  steal 2
large-full-width: clean, 711.1s, steal 3 ticks, 0 sightings
steal over the run: 129 ticks
120 timed samples in 4297.7s -> /work/timed/xlarge-one-thread.json
hub-4194304.edges    pagerank   grust#1                         first  iters   16  total 12663.2807 ± 36.7103  per-iter 791.4550  build 7687.17  minflt 3227  steal 121
hub-4194304.edges    pagerank   grust#1                         second iters   16  total 11300.5145 ± 50.5512  per-iter 706.2822  build 7687.17  minflt 1584  steal 121
hub-4194304.edges    pagerank   grust#unset                     first  iters   16  total 26184.6309 ± 328.7355  per-iter 1636.5394  build 7818.23  minflt 2640  steal 121
hub-4194304.edges    pagerank   grust#unset                     second iters   16  total 26010.0083 ± 279.4119  per-iter 1625.6255  build 7818.23  minflt 2640  steal 121
hub-4194304.edges    pagerank   grust-next@counted#1            first  iters   16  total 6941.3436 ± 23.3960  per-iter 433.8340  build 4173.53  minflt 2112  steal 121
hub-4194304.edges    pagerank   grust-next@counted#1            second iters   16  total 6969.3603 ± 27.7349  per-iter 435.5850  build 4173.53  minflt 2112  steal 121
hub-4194304.edges    pagerank   grust-next@counted#unset        first  iters   16  total 13050.8065 ± 144.2111  per-iter 815.6754  build 3595.17  minflt 2640  steal 121
hub-4194304.edges    pagerank   grust-next@counted#unset        second iters   16  total 12936.7376 ± 26.4117  per-iter 808.5461  build 3595.17  minflt 2640  steal 121
hub-4194304.edges    pagerank   grust-next@unchecked#1          first  iters   16  total 6493.1915 ± 37.5197  per-iter 405.8245  build 3642.73  minflt 2112  steal 121
hub-4194304.edges    pagerank   grust-next@unchecked#1          second iters   16  total 6435.5372 ± 47.9020  per-iter 402.2211  build 3642.73  minflt 2112  steal 121
hub-4194304.edges    pagerank   grust-next@unchecked#unset      first  iters   16  total 10623.6053 ± 256.9454  per-iter 663.9753  build 2620.30  minflt 2640  steal 121
hub-4194304.edges    pagerank   grust-next@unchecked#unset      second iters   16  total 10370.7887 ± 35.1424  per-iter 648.1743  build 2620.30  minflt 2640  steal 121
hub-4194304.edges    pagerank   grust-next@work-uncounted#1     first  iters   16  total 6696.5839 ± 21.5914  per-iter 418.5365  build 3626.40  minflt 2112  steal 121
hub-4194304.edges    pagerank   grust-next@work-uncounted#1     second iters   16  total 6744.0692 ± 101.7106  per-iter 421.5043  build 3626.40  minflt 2112  steal 121
hub-4194304.edges    pagerank   grust-next@work-uncounted#unset first  iters   16  total 10628.1283 ± 52.9896  per-iter 664.2580  build 2676.13  minflt 2640  steal 121
hub-4194304.edges    pagerank   grust-next@work-uncounted#unset second iters   16  total 10538.5117 ± 42.8927  per-iter 658.6570  build 2676.13  minflt 2640  steal 121
hub-4194304.edges    pagerank   grustcat                               iters   16  total 6040.2213 ± 40.6453  per-iter 377.5138  build 42001.96  minflt 10832  steal 121
hub-4194304.edges    pagerank   icebug                                 iters   10  total 9735.1246 ± 74.5435  per-iter 973.5125  build 6965.18  minflt 1598  steal 121
hub-4194304.edges    pagerank   icecat                                 iters   16  total 5627.6101 ± 16.7861  per-iter 351.7256  build 1150.46  minflt 19024  steal 121
hub-4194304.edges    pagerank   neo4j-graph                            iters   23  total 4610.1994 ± 513.8153  per-iter 200.4435  build 6594.12  minflt 1045  steal 121
uniform-4194304.edges pagerank   grust#1                         first  iters   16  total 13286.4537 ± 45.8673  per-iter 830.4034  build 7701.95  minflt 2261  steal 8
uniform-4194304.edges pagerank   grust#1                         second iters   16  total 11878.2563 ± 54.0102  per-iter 742.3910  build 7701.95  minflt 1073  steal 8
uniform-4194304.edges pagerank   grust#unset                     first  iters   16  total 24235.2336 ± 476.7779  per-iter 1514.7021  build 7698.39  minflt 2129  steal 8
uniform-4194304.edges pagerank   grust#unset                     second iters   16  total 24393.0935 ± 778.5032  per-iter 1524.5683  build 7698.39  minflt 2129  steal 8
uniform-4194304.edges pagerank   grust-next@counted#1            first  iters   16  total 7030.8338 ± 59.5700  per-iter 439.4271  build 4112.13  minflt 2112  steal 8
uniform-4194304.edges pagerank   grust-next@counted#1            second iters   16  total 7036.3902 ± 65.9615  per-iter 439.7744  build 4112.13  minflt 2112  steal 8
uniform-4194304.edges pagerank   grust-next@counted#unset        first  iters   16  total 12327.0028 ± 48.9693  per-iter 770.4377  build 3558.65  minflt 2129  steal 8
uniform-4194304.edges pagerank   grust-next@counted#unset        second iters   16  total 12394.9110 ± 269.4590  per-iter 774.6819  build 3558.65  minflt 2129  steal 8
uniform-4194304.edges pagerank   grust-next@unchecked#1          first  iters   16  total 6604.3343 ± 13.9930  per-iter 412.7709  build 3610.13  minflt 2112  steal 8
uniform-4194304.edges pagerank   grust-next@unchecked#1          second iters   16  total 6618.0040 ± 29.7227  per-iter 413.6253  build 3610.13  minflt 2112  steal 8
uniform-4194304.edges pagerank   grust-next@unchecked#unset      first  iters   16  total 10020.1084 ± 338.2336  per-iter 626.2568  build 2579.59  minflt 2129  steal 8
uniform-4194304.edges pagerank   grust-next@unchecked#unset      second iters   16  total 9926.5836 ± 207.5714  per-iter 620.4115  build 2579.59  minflt 2129  steal 8
uniform-4194304.edges pagerank   grust-next@work-uncounted#1     first  iters   16  total 6737.9389 ± 17.0165  per-iter 421.1212  build 3576.12  minflt 2112  steal 8
uniform-4194304.edges pagerank   grust-next@work-uncounted#1     second iters   16  total 6734.2835 ± 12.4617  per-iter 420.8927  build 3576.12  minflt 2112  steal 8
uniform-4194304.edges pagerank   grust-next@work-uncounted#unset first  iters   16  total 10187.5552 ± 121.8072  per-iter 636.7222  build 2631.62  minflt 2129  steal 8
uniform-4194304.edges pagerank   grust-next@work-uncounted#unset second iters   16  total 10042.7191 ± 136.6003  per-iter 627.6699  build 2631.62  minflt 2129  steal 8
uniform-4194304.edges pagerank   grustcat                               iters   16  total 7113.2424 ± 94.5579  per-iter 444.5776  build 42988.10  minflt 17  steal 8
uniform-4194304.edges pagerank   icebug                                 iters    9  total 9144.4452 ± 104.2497  per-iter 1016.0495  build 6368.66  minflt 1592  steal 8
uniform-4194304.edges pagerank   icecat                                 iters   16  total 5853.9072 ± 22.4361  per-iter 365.8692  build 1150.67  minflt 18513  steal 8
uniform-4194304.edges pagerank   neo4j-graph                            iters   29  total 5387.8732 ± 359.6285  per-iter 185.7887  build 6315.85  minflt 1046  steal 8
xlarge-one-thread: clean, 4300.3s, steal 129 ticks, 0 sightings
steal over the run: 7 ticks
80 timed samples in 1548.6s -> /work/timed/xlarge-full-width.json
hub-4194304.edges    pagerank   grust                     first  iters   16  total 2780.1168 ± 7.4932  per-iter 173.7573  build 7733.75  minflt 3450  steal 4
hub-4194304.edges    pagerank   grust                     second iters   16  total 1347.7912 ± 3.8182  per-iter 84.2370  build 7733.75  minflt 1604  steal 4
hub-4194304.edges    pagerank   grust-next@counted        first  iters   16  total  734.5369 ± 19.9596  per-iter 45.9086  build 3150.97  minflt 1707  steal 4
hub-4194304.edges    pagerank   grust-next@counted        second iters   16  total  710.5081 ± 15.5504  per-iter 44.4068  build 3150.97  minflt 1613  steal 4
hub-4194304.edges    pagerank   grust-next@unchecked      first  iters   16  total  685.8752 ± 10.2938  per-iter 42.8672  build 2640.82  minflt 1707  steal 4
hub-4194304.edges    pagerank   grust-next@unchecked      second iters   16  total  691.1428 ± 9.5474  per-iter 43.1964  build 2640.82  minflt 1623  steal 4
hub-4194304.edges    pagerank   grust-next@work-uncounted first  iters   16  total  714.5641 ± 8.5823  per-iter 44.6603  build 2651.23  minflt 1707  steal 4
hub-4194304.edges    pagerank   grust-next@work-uncounted second iters   16  total  690.5787 ± 2.4388  per-iter 43.1612  build 2651.23  minflt 1620  steal 4
hub-4194304.edges    pagerank   grustcat                         iters   16  total 5934.8130 ± 32.0544  per-iter 370.9258  build 41501.18  minflt 10832  steal 4
hub-4194304.edges    pagerank   icebug                           iters   10  total 1089.0246 ± 2.7624  per-iter 108.9025  build 6926.28  minflt 1686  steal 4
hub-4194304.edges    pagerank   icecat                           iters   16  total 5549.3678 ± 15.7191  per-iter 346.8355  build 1151.82  minflt 19025  steal 4
hub-4194304.edges    pagerank   neo4j-graph                      iters   18  total  388.1856 ± 36.4943  per-iter 21.5659  build 869.93  minflt 1125  steal 4
uniform-4194304.edges pagerank   grust                     first  iters   16  total 2833.4641 ± 22.8171  per-iter 177.0915  build 7818.53  minflt 2483  steal 3
uniform-4194304.edges pagerank   grust                     second iters   16  total 1446.1668 ± 3.8700  per-iter 90.3854  build 7818.53  minflt 1095  steal 3
uniform-4194304.edges pagerank   grust-next@counted        first  iters   16  total  747.7635 ± 13.2173  per-iter 46.7352  build 3219.84  minflt 1194  steal 3
uniform-4194304.edges pagerank   grust-next@counted        second iters   16  total  750.5602 ± 21.8516  per-iter 46.9100  build 3219.84  minflt 1103  steal 3
uniform-4194304.edges pagerank   grust-next@unchecked      first  iters   16  total  720.9422 ± 15.1350  per-iter 45.0589  build 2708.37  minflt 1200  steal 3
uniform-4194304.edges pagerank   grust-next@unchecked      second iters   16  total  719.2981 ± 9.3690  per-iter 44.9561  build 2708.37  minflt 1109  steal 3
uniform-4194304.edges pagerank   grust-next@work-uncounted first  iters   16  total  735.3900 ± 11.0189  per-iter 45.9619  build 2752.22  minflt 1199  steal 3
uniform-4194304.edges pagerank   grust-next@work-uncounted second iters   16  total  736.1450 ± 8.9930  per-iter 46.0091  build 2752.22  minflt 1115  steal 3
uniform-4194304.edges pagerank   grustcat                         iters   16  total 7109.0137 ± 114.6395  per-iter 444.3134  build 43605.91  minflt 17  steal 3
uniform-4194304.edges pagerank   icebug                           iters    9  total 1041.1350 ± 8.7555  per-iter 115.6817  build 6389.36  minflt 1688  steal 3
uniform-4194304.edges pagerank   icecat                           iters   16  total 5928.5738 ± 73.2054  per-iter 370.5359  build 1217.80  minflt 18513  steal 3
uniform-4194304.edges pagerank   neo4j-graph                      iters   29  total  578.2534 ± 1.8139  per-iter 19.9398  build 881.42  minflt 1120  steal 3
xlarge-full-width: clean, 1551.3s, steal 7 ticks, 0 sightings
CAMPAIGN-END 2026-09-22T09:59:10Z
