CAMPAIGN-START 2026-09-22T15:10:29Z
steal over the run: 1 ticks
2060 timed samples in 256.6s -> /work/timed/one-thread.json
not timed: layered-16384.edges pagerank neo4j-graph: no agreeing parity row at this concurrency
not timed: layered-65536.edges pagerank neo4j-graph: no agreeing parity row at this concurrency
not timed: path-16384.edges pagerank neo4j-graph: no agreeing parity row at this concurrency
not timed: path-65536.edges pagerank neo4j-graph: no agreeing parity row at this concurrency
hub-16384.edges      bfs        grust#1                         first  iters    -  total    1.5621 ± 0.0044  per-iter -  build 18.74  minflt 36  steal 0
hub-16384.edges      bfs        grust#1                         second iters    -  total    1.4417 ± 0.0037  per-iter -  build 18.74  minflt 0  steal 0
hub-16384.edges      bfs        grust#unset                     first  iters    -  total    1.5779 ± 0.0151  per-iter -  build 19.26  minflt 36  steal 0
hub-16384.edges      bfs        grust#unset                     second iters    -  total    1.4405 ± 0.0018  per-iter -  build 19.26  minflt 0  steal 0
hub-16384.edges      bfs        grust-next@counted#1            first  iters    -  total    1.5865 ± 0.0154  per-iter -  build 10.76  minflt 32  steal 0
hub-16384.edges      bfs        grust-next@counted#1            second iters    -  total    1.4644 ± 0.0032  per-iter -  build 10.76  minflt 0  steal 0
hub-16384.edges      bfs        grust-next@counted#unset        first  iters    -  total    1.5978 ± 0.0181  per-iter -  build 13.44  minflt 36  steal 0
hub-16384.edges      bfs        grust-next@counted#unset        second iters    -  total    1.4722 ± 0.0026  per-iter -  build 13.44  minflt 0  steal 0
hub-16384.edges      bfs        grust-next@counted+eager#1      first  iters    -  total    2.8160 ± 0.0013  per-iter -  build 12.43  minflt 32  steal 0
hub-16384.edges      bfs        grust-next@counted+eager#1      second iters    -  total    2.6807 ± 0.0182  per-iter -  build 12.43  minflt 0  steal 0
hub-16384.edges      bfs        grust-next@counted+eager#unset  first  iters    -  total    1.6130 ± 0.0067  per-iter -  build 14.91  minflt 64  steal 0
hub-16384.edges      bfs        grust-next@counted+eager#unset  second iters    -  total    1.4610 ± 0.0057  per-iter -  build 14.91  minflt 0  steal 0
hub-16384.edges      bfs        grust-next@unchecked#1          first  iters    -  total    0.8517 ± 0.0050  per-iter -  build 8.18  minflt 32  steal 0
hub-16384.edges      bfs        grust-next@unchecked#1          second iters    -  total    0.7241 ± 0.0058  per-iter -  build 8.18  minflt 0  steal 0
hub-16384.edges      bfs        grust-next@unchecked#unset      first  iters    -  total    0.8970 ± 0.0590  per-iter -  build 9.15  minflt 36  steal 0
hub-16384.edges      bfs        grust-next@unchecked#unset      second iters    -  total    0.7365 ± 0.0075  per-iter -  build 9.15  minflt 0  steal 0
hub-16384.edges      bfs        grust-next@work-uncounted#1     first  iters    -  total    1.0255 ± 0.0387  per-iter -  build 9.15  minflt 32  steal 0
hub-16384.edges      bfs        grust-next@work-uncounted#1     second iters    -  total    0.8692 ± 0.0120  per-iter -  build 9.15  minflt 0  steal 0
hub-16384.edges      bfs        grust-next@work-uncounted#unset first  iters    -  total    1.0808 ± 0.0726  per-iter -  build 9.54  minflt 36  steal 0
hub-16384.edges      bfs        grust-next@work-uncounted#unset second iters    -  total    0.8632 ± 0.0076  per-iter -  build 9.54  minflt 0  steal 0
hub-16384.edges      bfs        grustcat                               iters    -  total    0.6754 ± 0.0368  per-iter -  build 84.72  minflt 0  steal 0
hub-16384.edges      bfs        icebug                                 iters    -  total    1.6707 ± 0.1023  per-iter -  build 9.59  minflt 57  steal 0
hub-16384.edges      bfs        icecat                                 iters    -  total    0.8290 ± 0.0134  per-iter -  build 6.51  minflt 96  steal 0
hub-16384.edges      pagerank   grust#1                         first  iters   17  total   11.5917 ± 0.0166  per-iter 0.6819  build 18.76  minflt 384  steal 0
hub-16384.edges      pagerank   grust#1                         second iters   17  total    9.5985 ± 0.0089  per-iter 0.5646  build 18.76  minflt 0  steal 0
hub-16384.edges      pagerank   grust#unset                     first  iters   17  total   50.6878 ± 0.0246  per-iter 2.9816  build 19.92  minflt 128  steal 0
hub-16384.edges      pagerank   grust#unset                     second iters   17  total   50.5777 ± 0.0327  per-iter 2.9752  build 19.92  minflt 32  steal 0
hub-16384.edges      pagerank   grust-next@counted#1            first  iters   17  total    8.2007 ± 0.0200  per-iter 0.4824  build 11.41  minflt 96  steal 0
hub-16384.edges      pagerank   grust-next@counted#1            second iters   17  total    7.9721 ± 0.0048  per-iter 0.4689  build 11.41  minflt 0  steal 0
hub-16384.edges      pagerank   grust-next@counted#unset        first  iters   17  total   23.4022 ± 0.0461  per-iter 1.3766  build 13.41  minflt 128  steal 0
hub-16384.edges      pagerank   grust-next@counted#unset        second iters   17  total   23.1793 ± 0.0483  per-iter 1.3635  build 13.41  minflt 32  steal 0
hub-16384.edges      pagerank   grust-next@counted+eager#1      first  iters   17  total    8.2160 ± 0.0387  per-iter 0.4833  build 12.15  minflt 96  steal 0
hub-16384.edges      pagerank   grust-next@counted+eager#1      second iters   17  total    7.9896 ± 0.0043  per-iter 0.4700  build 12.15  minflt 0  steal 0
hub-16384.edges      pagerank   grust-next@counted+eager#unset  first  iters   17  total   23.4116 ± 0.0753  per-iter 1.3772  build 15.39  minflt 128  steal 0
hub-16384.edges      pagerank   grust-next@counted+eager#unset  second iters   17  total   23.2077 ± 0.0835  per-iter 1.3652  build 15.39  minflt 32  steal 0
hub-16384.edges      pagerank   grust-next@unchecked#1          first  iters   17  total    7.4622 ± 0.0088  per-iter 0.4390  build 10.04  minflt 96  steal 0
hub-16384.edges      pagerank   grust-next@unchecked#1          second iters   17  total    7.2576 ± 0.0093  per-iter 0.4269  build 10.04  minflt 0  steal 0
hub-16384.edges      pagerank   grust-next@unchecked#unset      first  iters   17  total   13.6667 ± 0.0190  per-iter 0.8039  build 8.47  minflt 128  steal 0
hub-16384.edges      pagerank   grust-next@unchecked#unset      second iters   17  total   13.4381 ± 0.0143  per-iter 0.7905  build 8.47  minflt 32  steal 0
hub-16384.edges      pagerank   grust-next@work-uncounted#1     first  iters   17  total    7.6797 ± 0.0174  per-iter 0.4517  build 9.64  minflt 96  steal 0
hub-16384.edges      pagerank   grust-next@work-uncounted#1     second iters   17  total    7.4732 ± 0.0232  per-iter 0.4396  build 9.64  minflt 0  steal 0
hub-16384.edges      pagerank   grust-next@work-uncounted#unset first  iters   17  total   14.1535 ± 0.0102  per-iter 0.8326  build 8.89  minflt 128  steal 0
hub-16384.edges      pagerank   grust-next@work-uncounted#unset second iters   17  total   13.9439 ± 0.0200  per-iter 0.8202  build 8.89  minflt 32  steal 0
hub-16384.edges      pagerank   grustcat                               iters   17  total    7.2945 ± 0.0079  per-iter 0.4291  build 88.55  minflt 0  steal 0
hub-16384.edges      pagerank   icebug                                 iters   12  total    7.7414 ± 0.0471  per-iter 0.6451  build 9.70  minflt 107  steal 0
hub-16384.edges      pagerank   icecat                                 iters   17  total    8.5492 ± 0.0396  per-iter 0.5029  build 6.74  minflt 130  steal 0
hub-16384.edges      pagerank   neo4j-graph                            iters   36  total   13.3738 ± 0.1003  per-iter 0.3715  build 7.83  minflt 24  steal 0
hub-16384.edges      triangles  grust#1                         first  iters    -  total   17.8080 ± 0.0483  per-iter -  build 23.12  minflt 927  steal 0
hub-16384.edges      triangles  grust#1                         second iters    -  total   15.7301 ± 0.0300  per-iter -  build 23.12  minflt 32  steal 0
hub-16384.edges      triangles  grust#unset                     first  iters    -  total   17.6421 ± 0.0578  per-iter -  build 23.07  minflt 927  steal 0
hub-16384.edges      triangles  grust#unset                     second iters    -  total   15.6932 ± 0.0241  per-iter -  build 23.07  minflt 32  steal 0
hub-16384.edges      triangles  grust-next@counted#1            first  iters    -  total   16.7079 ± 0.0642  per-iter -  build 13.24  minflt 417  steal 0
hub-16384.edges      triangles  grust-next@counted#1            second iters    -  total   16.4375 ± 0.0591  per-iter -  build 13.24  minflt 511  steal 0
hub-16384.edges      triangles  grust-next@counted#unset        first  iters    -  total   16.6918 ± 0.0048  per-iter -  build 17.08  minflt 417  steal 0
hub-16384.edges      triangles  grust-next@counted#unset        second iters    -  total   16.3316 ± 0.0651  per-iter -  build 17.08  minflt 543  steal 0
hub-16384.edges      triangles  grust-next@counted+eager#1      first  iters    -  total   16.6564 ± 0.0009  per-iter -  build 13.70  minflt 417  steal 0
hub-16384.edges      triangles  grust-next@counted+eager#1      second iters    -  total   16.4498 ± 0.1157  per-iter -  build 13.70  minflt 511  steal 0
hub-16384.edges      triangles  grust-next@counted+eager#unset  first  iters    -  total   16.6098 ± 0.0778  per-iter -  build 17.42  minflt 417  steal 0
hub-16384.edges      triangles  grust-next@counted+eager#unset  second iters    -  total   16.3023 ± 0.0648  per-iter -  build 17.42  minflt 543  steal 0
hub-16384.edges      triangles  grust-next@unchecked#1          first  iters    -  total   16.3108 ± 0.0182  per-iter -  build 11.36  minflt 417  steal 0
hub-16384.edges      triangles  grust-next@unchecked#1          second iters    -  total   15.9811 ± 0.1405  per-iter -  build 11.36  minflt 511  steal 0
hub-16384.edges      triangles  grust-next@unchecked#unset      first  iters    -  total   16.3266 ± 0.0980  per-iter -  build 13.09  minflt 417  steal 0
hub-16384.edges      triangles  grust-next@unchecked#unset      second iters    -  total   15.8989 ± 0.0129  per-iter -  build 13.09  minflt 543  steal 0
hub-16384.edges      triangles  grust-next@work-uncounted#1     first  iters    -  total   16.4753 ± 0.0630  per-iter -  build 11.81  minflt 417  steal 0
hub-16384.edges      triangles  grust-next@work-uncounted#1     second iters    -  total   16.1341 ± 0.0422  per-iter -  build 11.81  minflt 511  steal 0
hub-16384.edges      triangles  grust-next@work-uncounted#unset first  iters    -  total   16.4402 ± 0.0274  per-iter -  build 12.82  minflt 417  steal 0
hub-16384.edges      triangles  grust-next@work-uncounted#unset second iters    -  total   16.0648 ± 0.0176  per-iter -  build 12.82  minflt 543  steal 0
hub-16384.edges      triangles  neo4j-graph                            iters    -  total    8.0835 ± 0.0440  per-iter -  build 7.91  minflt 3  steal 0
hub-16384.edges      wcc        grust#1                         first  iters    -  total    1.5630 ± 0.0083  per-iter -  build 18.81  minflt 32  steal 0
hub-16384.edges      wcc        grust#1                         second iters    -  total    1.7127 ± 0.0077  per-iter -  build 18.81  minflt 32  steal 0
hub-16384.edges      wcc        grust#unset                     first  iters    -  total    4.1601 ± 0.0057  per-iter -  build 19.16  minflt 32  steal 0
hub-16384.edges      wcc        grust#unset                     second iters    -  total    4.1481 ± 0.0019  per-iter -  build 19.16  minflt 31  steal 0
hub-16384.edges      wcc        grust-next@counted#1            first  iters    -  total    1.5046 ± 0.0018  per-iter -  build 10.19  minflt 32  steal 0
hub-16384.edges      wcc        grust-next@counted#1            second iters    -  total    1.4611 ± 0.0103  per-iter -  build 10.19  minflt 16  steal 0
hub-16384.edges      wcc        grust-next@counted#unset        first  iters    -  total    4.1095 ± 0.0057  per-iter -  build 13.55  minflt 32  steal 0
hub-16384.edges      wcc        grust-next@counted#unset        second iters    -  total    4.0335 ± 0.0019  per-iter -  build 13.55  minflt 0  steal 0
hub-16384.edges      wcc        grust-next@counted+eager#1      first  iters    -  total    1.4955 ± 0.0090  per-iter -  build 12.03  minflt 32  steal 0
hub-16384.edges      wcc        grust-next@counted+eager#1      second iters    -  total    1.4929 ± 0.0094  per-iter -  build 12.03  minflt 32  steal 0
hub-16384.edges      wcc        grust-next@counted+eager#unset  first  iters    -  total    4.1015 ± 0.0039  per-iter -  build 15.26  minflt 32  steal 0
hub-16384.edges      wcc        grust-next@counted+eager#unset  second iters    -  total    4.0367 ± 0.0053  per-iter -  build 15.26  minflt 0  steal 0
hub-16384.edges      wcc        grust-next@unchecked#1          first  iters    -  total    0.6011 ± 0.0029  per-iter -  build 8.55  minflt 32  steal 0
hub-16384.edges      wcc        grust-next@unchecked#1          second iters    -  total    0.5576 ± 0.0020  per-iter -  build 8.55  minflt 16  steal 0
hub-16384.edges      wcc        grust-next@unchecked#unset      first  iters    -  total    1.2808 ± 0.0086  per-iter -  build 9.18  minflt 32  steal 0
hub-16384.edges      wcc        grust-next@unchecked#unset      second iters    -  total    1.2046 ± 0.0086  per-iter -  build 9.18  minflt 0  steal 0
hub-16384.edges      wcc        grust-next@work-uncounted#1     first  iters    -  total    0.8284 ± 0.0092  per-iter -  build 8.84  minflt 32  steal 0
hub-16384.edges      wcc        grust-next@work-uncounted#1     second iters    -  total    0.7712 ± 0.0009  per-iter -  build 8.84  minflt 16  steal 0
hub-16384.edges      wcc        grust-next@work-uncounted#unset first  iters    -  total    1.5208 ± 0.0043  per-iter -  build 9.49  minflt 32  steal 0
hub-16384.edges      wcc        grust-next@work-uncounted#unset second iters    -  total    1.4503 ± 0.0083  per-iter -  build 9.49  minflt 0  steal 0
hub-16384.edges      wcc        grustcat                               iters    -  total    0.6063 ± 0.0012  per-iter -  build 87.18  minflt 0  steal 0
hub-16384.edges      wcc        icebug                                 iters    -  total    2.4032 ± 0.0568  per-iter -  build 9.59  minflt 68  steal 0
hub-16384.edges      wcc        icecat                                 iters    -  total    0.9224 ± 0.0047  per-iter -  build 6.62  minflt 66  steal 0
hub-16384.edges      wcc        neo4j-graph                            iters    -  total    1.0205 ± 0.0087  per-iter -  build 7.90  minflt 0  steal 0
hub-65536.edges      bfs        grust#1                         first  iters    -  total    7.7347 ± 0.1380  per-iter -  build 106.46  minflt 146  steal 0
hub-65536.edges      bfs        grust#1                         second iters    -  total    5.9003 ± 0.1140  per-iter -  build 106.46  minflt 0  steal 0
hub-65536.edges      bfs        grust#unset                     first  iters    -  total    9.6019 ± 0.2470  per-iter -  build 107.44  minflt 144  steal 0
hub-65536.edges      bfs        grust#unset                     second iters    -  total    7.3663 ± 0.2613  per-iter -  build 107.44  minflt 0  steal 0
hub-65536.edges      bfs        grust-next@counted#1            first  iters    -  total    7.5805 ± 0.3860  per-iter -  build 43.98  minflt 130  steal 0
hub-65536.edges      bfs        grust-next@counted#1            second iters    -  total    6.1956 ± 0.1930  per-iter -  build 43.98  minflt 0  steal 0
hub-65536.edges      bfs        grust-next@counted#unset        first  iters    -  total   10.6402 ± 0.5823  per-iter -  build 54.36  minflt 144  steal 0
hub-65536.edges      bfs        grust-next@counted#unset        second iters    -  total    8.0778 ± 0.7694  per-iter -  build 54.36  minflt 0  steal 0
hub-65536.edges      bfs        grust-next@counted+eager#1      first  iters    -  total    7.7460 ± 0.1780  per-iter -  build 51.90  minflt 194  steal 0
hub-65536.edges      bfs        grust-next@counted+eager#1      second iters    -  total    6.1458 ± 0.1583  per-iter -  build 51.90  minflt 0  steal 0
hub-65536.edges      bfs        grust-next@counted+eager#unset  first  iters    -  total    9.8672 ± 0.4404  per-iter -  build 62.59  minflt 256  steal 0
hub-65536.edges      bfs        grust-next@counted+eager#unset  second iters    -  total    7.8677 ± 0.2544  per-iter -  build 62.59  minflt 0  steal 0
hub-65536.edges      bfs        grust-next@unchecked#1          first  iters    -  total    7.2486 ± 0.2364  per-iter -  build 39.16  minflt 130  steal 0
hub-65536.edges      bfs        grust-next@unchecked#1          second iters    -  total    6.0622 ± 0.1596  per-iter -  build 39.16  minflt 0  steal 0
hub-65536.edges      bfs        grust-next@unchecked#unset      first  iters    -  total    6.7006 ± 0.3679  per-iter -  build 38.13  minflt 144  steal 0
hub-65536.edges      bfs        grust-next@unchecked#unset      second iters    -  total    4.9039 ± 0.1893  per-iter -  build 38.13  minflt 0  steal 0
hub-65536.edges      bfs        grust-next@work-uncounted#1     first  iters    -  total    7.1646 ± 0.2234  per-iter -  build 38.53  minflt 130  steal 0
hub-65536.edges      bfs        grust-next@work-uncounted#1     second iters    -  total    6.0738 ± 0.1289  per-iter -  build 38.53  minflt 0  steal 0
hub-65536.edges      bfs        grust-next@work-uncounted#unset first  iters    -  total    7.8443 ± 0.3750  per-iter -  build 39.91  minflt 144  steal 0
hub-65536.edges      bfs        grust-next@work-uncounted#unset second iters    -  total    6.1015 ± 0.4411  per-iter -  build 39.91  minflt 0  steal 0
hub-65536.edges      bfs        grustcat                               iters    -  total    5.7237 ± 0.0125  per-iter -  build 468.90  minflt 0  steal 0
hub-65536.edges      bfs        icebug                                 iters    -  total   15.4280 ± 0.3661  per-iter -  build 67.46  minflt 217  steal 0
hub-65536.edges      bfs        icecat                                 iters    -  total    4.5701 ± 0.3463  per-iter -  build 21.60  minflt 172  steal 0
hub-65536.edges      pagerank   grust#1                         first  iters   17  total   68.1142 ± 2.5256  per-iter 4.0067  build 110.04  minflt 1024  steal 0
hub-65536.edges      pagerank   grust#1                         second iters   17  total   57.3832 ± 1.8490  per-iter 3.3755  build 110.04  minflt 0  steal 0
hub-65536.edges      pagerank   grust#unset                     first  iters   17  total  205.2864 ± 0.3067  per-iter 12.0757  build 109.71  minflt 512  steal 0
hub-65536.edges      pagerank   grust#unset                     second iters   17  total  204.5559 ± 0.3213  per-iter 12.0327  build 109.71  minflt 128  steal 0
hub-65536.edges      pagerank   grust-next@counted#1            first  iters   17  total   35.2089 ± 0.2258  per-iter 2.0711  build 51.66  minflt 384  steal 0
hub-65536.edges      pagerank   grust-next@counted#1            second iters   17  total   34.5930 ± 0.0357  per-iter 2.0349  build 51.66  minflt 0  steal 0
hub-65536.edges      pagerank   grust-next@counted#unset        first  iters   17  total   96.4033 ± 0.3903  per-iter 5.6708  build 54.40  minflt 512  steal 0
hub-65536.edges      pagerank   grust-next@counted#unset        second iters   17  total   95.0121 ± 0.1994  per-iter 5.5889  build 54.40  minflt 128  steal 0
hub-65536.edges      pagerank   grust-next@counted+eager#1      first  iters   17  total   35.1994 ± 0.4808  per-iter 2.0706  build 50.98  minflt 384  steal 0
hub-65536.edges      pagerank   grust-next@counted+eager#1      second iters   17  total   34.1875 ± 0.1846  per-iter 2.0110  build 50.98  minflt 0  steal 0
hub-65536.edges      pagerank   grust-next@counted+eager#unset  first  iters   17  total   95.7457 ± 0.1071  per-iter 5.6321  build 63.69  minflt 512  steal 0
hub-65536.edges      pagerank   grust-next@counted+eager#unset  second iters   17  total   96.4765 ± 1.3532  per-iter 5.6751  build 63.69  minflt 128  steal 0
hub-65536.edges      pagerank   grust-next@unchecked#1          first  iters   17  total   32.4052 ± 0.2711  per-iter 1.9062  build 45.35  minflt 384  steal 0
hub-65536.edges      pagerank   grust-next@unchecked#1          second iters   17  total   31.2743 ± 0.4212  per-iter 1.8397  build 45.35  minflt 0  steal 0
hub-65536.edges      pagerank   grust-next@unchecked#unset      first  iters   17  total   57.3944 ± 1.0584  per-iter 3.3761  build 39.00  minflt 512  steal 0
hub-65536.edges      pagerank   grust-next@unchecked#unset      second iters   17  total   56.4385 ± 0.6834  per-iter 3.3199  build 39.00  minflt 128  steal 0
hub-65536.edges      pagerank   grust-next@work-uncounted#1     first  iters   17  total   33.1414 ± 0.0997  per-iter 1.9495  build 44.95  minflt 384  steal 0
hub-65536.edges      pagerank   grust-next@work-uncounted#1     second iters   17  total   32.3370 ± 0.3428  per-iter 1.9022  build 44.95  minflt 0  steal 0
hub-65536.edges      pagerank   grust-next@work-uncounted#unset first  iters   17  total   58.9386 ± 0.1571  per-iter 3.4670  build 39.90  minflt 512  steal 0
hub-65536.edges      pagerank   grust-next@work-uncounted#unset second iters   17  total   58.8224 ± 0.5224  per-iter 3.4601  build 39.90  minflt 128  steal 0
hub-65536.edges      pagerank   grustcat                               iters   17  total   32.5867 ± 0.3798  per-iter 1.9169  build 471.21  minflt 0  steal 0
hub-65536.edges      pagerank   icebug                                 iters   12  total   73.6577 ± 4.0502  per-iter 6.1381  build 69.71  minflt 400  steal 0
hub-65536.edges      pagerank   icecat                                 iters   17  total   35.0233 ± 0.0420  per-iter 2.0602  build 21.92  minflt 607  steal 0
hub-65536.edges      pagerank   neo4j-graph                            iters   28  total   37.6471 ± 0.1258  per-iter 1.3445  build 54.25  minflt 72  steal 0
hub-65536.edges      triangles  grust#1                         first  iters    -  total   82.1108 ± 1.4635  per-iter -  build 137.70  minflt 1665  steal 0
hub-65536.edges      triangles  grust#1                         second iters    -  total   77.9284 ± 1.0412  per-iter -  build 137.70  minflt 128  steal 0
hub-65536.edges      triangles  grust#unset                     first  iters    -  total   80.1524 ± 0.3996  per-iter -  build 133.77  minflt 1665  steal 0
hub-65536.edges      triangles  grust#unset                     second iters    -  total   76.0418 ± 0.8045  per-iter -  build 133.77  minflt 128  steal 0
hub-65536.edges      triangles  grust-next@counted#1            first  iters    -  total   78.0786 ± 2.2489  per-iter -  build 59.57  minflt 1666  steal 0
hub-65536.edges      triangles  grust-next@counted#1            second iters    -  total   75.8296 ± 1.4189  per-iter -  build 59.57  minflt 1535  steal 0
hub-65536.edges      triangles  grust-next@counted#unset        first  iters    -  total   78.8002 ± 1.2560  per-iter -  build 88.47  minflt 1666  steal 0
hub-65536.edges      triangles  grust-next@counted#unset        second iters    -  total   76.5789 ± 1.9416  per-iter -  build 88.47  minflt 641  steal 0
hub-65536.edges      triangles  grust-next@counted+eager#1      first  iters    -  total   80.3214 ± 0.0386  per-iter -  build 58.52  minflt 1666  steal 0
hub-65536.edges      triangles  grust-next@counted+eager#1      second iters    -  total   78.5230 ± 2.2285  per-iter -  build 58.52  minflt 1535  steal 0
hub-65536.edges      triangles  grust-next@counted+eager#unset  first  iters    -  total   78.2932 ± 0.2734  per-iter -  build 89.79  minflt 1666  steal 0
hub-65536.edges      triangles  grust-next@counted+eager#unset  second iters    -  total   75.5623 ± 0.5982  per-iter -  build 89.79  minflt 641  steal 0
hub-65536.edges      triangles  grust-next@unchecked#1          first  iters    -  total   78.2190 ± 1.2106  per-iter -  build 52.54  minflt 1666  steal 0
hub-65536.edges      triangles  grust-next@unchecked#1          second iters    -  total   77.2810 ± 1.8401  per-iter -  build 52.54  minflt 1535  steal 0
hub-65536.edges      triangles  grust-next@unchecked#unset      first  iters    -  total   78.1433 ± 0.8556  per-iter -  build 65.83  minflt 1666  steal 0
hub-65536.edges      triangles  grust-next@unchecked#unset      second iters    -  total   74.3216 ± 0.5546  per-iter -  build 65.83  minflt 641  steal 0
hub-65536.edges      triangles  grust-next@work-uncounted#1     first  iters    -  total   78.7478 ± 2.6066  per-iter -  build 52.87  minflt 1666  steal 0
hub-65536.edges      triangles  grust-next@work-uncounted#1     second iters    -  total   76.1678 ± 0.6942  per-iter -  build 52.87  minflt 1535  steal 0
hub-65536.edges      triangles  grust-next@work-uncounted#unset first  iters    -  total   77.5986 ± 0.1749  per-iter -  build 65.73  minflt 1666  steal 0
hub-65536.edges      triangles  grust-next@work-uncounted#unset second iters    -  total   74.6024 ± 1.0049  per-iter -  build 65.73  minflt 641  steal 0
hub-65536.edges      triangles  neo4j-graph                            iters    -  total   38.7434 ± 1.0036  per-iter -  build 43.92  minflt 4  steal 0
hub-65536.edges      wcc        grust#1                         first  iters    -  total    7.1201 ± 0.0126  per-iter -  build 109.99  minflt 128  steal 0
hub-65536.edges      wcc        grust#1                         second iters    -  total    7.5334 ± 0.0046  per-iter -  build 109.99  minflt 127  steal 0
hub-65536.edges      wcc        grust#unset                     first  iters    -  total   17.1918 ± 0.0084  per-iter -  build 107.62  minflt 128  steal 0
hub-65536.edges      wcc        grust#unset                     second iters    -  total   17.1371 ± 0.0184  per-iter -  build 107.62  minflt 126  steal 0
hub-65536.edges      wcc        grust-next@counted#1            first  iters    -  total    6.9928 ± 0.0664  per-iter -  build 43.43  minflt 128  steal 0
hub-65536.edges      wcc        grust-next@counted#1            second iters    -  total    6.7620 ± 0.0043  per-iter -  build 43.43  minflt 64  steal 0
hub-65536.edges      wcc        grust-next@counted#unset        first  iters    -  total   16.9987 ± 0.0039  per-iter -  build 54.46  minflt 128  steal 0
hub-65536.edges      wcc        grust-next@counted#unset        second iters    -  total   16.7980 ± 0.0315  per-iter -  build 54.46  minflt 0  steal 0
hub-65536.edges      wcc        grust-next@counted+eager#1      first  iters    -  total    6.9607 ± 0.0084  per-iter -  build 51.25  minflt 128  steal 0
hub-65536.edges      wcc        grust-next@counted+eager#1      second iters    -  total    6.9800 ± 0.0040  per-iter -  build 51.25  minflt 127  steal 0
hub-65536.edges      wcc        grust-next@counted+eager#unset  first  iters    -  total   16.9475 ± 0.0648  per-iter -  build 62.96  minflt 128  steal 0
hub-65536.edges      wcc        grust-next@counted+eager#unset  second iters    -  total   16.7007 ± 0.0554  per-iter -  build 62.96  minflt 0  steal 0
hub-65536.edges      wcc        grust-next@unchecked#1          first  iters    -  total    4.6415 ± 0.0319  per-iter -  build 37.33  minflt 128  steal 0
hub-65536.edges      wcc        grust-next@unchecked#1          second iters    -  total    4.4169 ± 0.0331  per-iter -  build 37.33  minflt 64  steal 0
hub-65536.edges      wcc        grust-next@unchecked#unset      first  iters    -  total    6.8318 ± 0.0896  per-iter -  build 38.80  minflt 128  steal 0
hub-65536.edges      wcc        grust-next@unchecked#unset      second iters    -  total    6.5507 ± 0.0239  per-iter -  build 38.80  minflt 0  steal 0
hub-65536.edges      wcc        grust-next@work-uncounted#1     first  iters    -  total    5.0276 ± 0.0410  per-iter -  build 37.02  minflt 128  steal 0
hub-65536.edges      wcc        grust-next@work-uncounted#1     second iters    -  total    4.8694 ± 0.0231  per-iter -  build 37.02  minflt 64  steal 0
hub-65536.edges      wcc        grust-next@work-uncounted#unset first  iters    -  total    7.9580 ± 0.0722  per-iter -  build 39.86  minflt 128  steal 0
hub-65536.edges      wcc        grust-next@work-uncounted#unset second iters    -  total    7.6773 ± 0.0602  per-iter -  build 39.86  minflt 0  steal 0
hub-65536.edges      wcc        grustcat                               iters    -  total    2.5180 ± 0.0265  per-iter -  build 474.16  minflt 0  steal 0
hub-65536.edges      wcc        icebug                                 iters    -  total   21.5809 ± 0.3910  per-iter -  build 69.25  minflt 240  steal 0
hub-65536.edges      wcc        icecat                                 iters    -  total    3.3020 ± 0.0118  per-iter -  build 22.29  minflt 1  steal 0
hub-65536.edges      wcc        neo4j-graph                            iters    -  total    3.8173 ± 0.0061  per-iter -  build 53.08  minflt 32  steal 0
layered-16384.edges  bfs        grust#1                         first  iters    -  total    0.4583 ± 0.0009  per-iter -  build 7.02  minflt 30  steal 0
layered-16384.edges  bfs        grust#1                         second iters    -  total    0.3867 ± 0.0010  per-iter -  build 7.02  minflt 0  steal 0
layered-16384.edges  bfs        grust#unset                     first  iters    -  total    0.4603 ± 0.0044  per-iter -  build 7.07  minflt 30  steal 0
layered-16384.edges  bfs        grust#unset                     second iters    -  total    0.3863 ± 0.0006  per-iter -  build 7.07  minflt 0  steal 0
layered-16384.edges  bfs        grust-next@counted#1            first  iters    -  total    0.4452 ± 0.0012  per-iter -  build 5.57  minflt 26  steal 0
layered-16384.edges  bfs        grust-next@counted#1            second iters    -  total    0.3815 ± 0.0007  per-iter -  build 5.57  minflt 0  steal 0
layered-16384.edges  bfs        grust-next@counted#unset        first  iters    -  total    0.4514 ± 0.0014  per-iter -  build 6.11  minflt 30  steal 0
layered-16384.edges  bfs        grust-next@counted#unset        second iters    -  total    0.3812 ± 0.0013  per-iter -  build 6.11  minflt 0  steal 0
layered-16384.edges  bfs        grust-next@counted+eager#1      first  iters    -  total    0.5103 ± 0.0013  per-iter -  build 5.99  minflt 26  steal 0
layered-16384.edges  bfs        grust-next@counted+eager#1      second iters    -  total    0.4520 ± 0.0010  per-iter -  build 5.99  minflt 0  steal 0
layered-16384.edges  bfs        grust-next@counted+eager#unset  first  iters    -  total    0.5094 ± 0.0006  per-iter -  build 6.78  minflt 58  steal 0
layered-16384.edges  bfs        grust-next@counted+eager#unset  second iters    -  total    0.3816 ± 0.0009  per-iter -  build 6.78  minflt 0  steal 0
layered-16384.edges  bfs        grust-next@unchecked#1          first  iters    -  total    0.3172 ± 0.0009  per-iter -  build 4.57  minflt 26  steal 0
layered-16384.edges  bfs        grust-next@unchecked#1          second iters    -  total    0.2501 ± 0.0006  per-iter -  build 4.57  minflt 0  steal 0
layered-16384.edges  bfs        grust-next@unchecked#unset      first  iters    -  total    0.3319 ± 0.0074  per-iter -  build 4.64  minflt 30  steal 0
layered-16384.edges  bfs        grust-next@unchecked#unset      second iters    -  total    0.2495 ± 0.0017  per-iter -  build 4.64  minflt 0  steal 0
layered-16384.edges  bfs        grust-next@work-uncounted#1     first  iters    -  total    0.3570 ± 0.0026  per-iter -  build 4.64  minflt 26  steal 0
layered-16384.edges  bfs        grust-next@work-uncounted#1     second iters    -  total    0.2896 ± 0.0013  per-iter -  build 4.64  minflt 0  steal 0
layered-16384.edges  bfs        grust-next@work-uncounted#unset first  iters    -  total    0.3628 ± 0.0028  per-iter -  build 4.74  minflt 30  steal 0
layered-16384.edges  bfs        grust-next@work-uncounted#unset second iters    -  total    0.2874 ± 0.0014  per-iter -  build 4.74  minflt 0  steal 0
layered-16384.edges  bfs        grustcat                               iters    -  total    0.2529 ± 0.0006  per-iter -  build 32.92  minflt 0  steal 0
layered-16384.edges  bfs        icebug                                 iters    -  total    0.5305 ± 0.0105  per-iter -  build 2.83  minflt 36  steal 0
layered-16384.edges  bfs        icecat                                 iters    -  total    0.3954 ± 0.0031  per-iter -  build 1.69  minflt 66  steal 0
layered-16384.edges  pagerank   grust#1                         first  iters   84  total   30.2346 ± 0.0062  per-iter 0.3599  build 7.08  minflt 192  steal 0
layered-16384.edges  pagerank   grust#1                         second iters   84  total   29.3526 ± 0.0147  per-iter 0.3494  build 7.08  minflt 0  steal 0
layered-16384.edges  pagerank   grust#unset                     first  iters   84  total  115.7321 ± 0.0535  per-iter 1.3778  build 7.02  minflt 128  steal 0
layered-16384.edges  pagerank   grust#unset                     second iters   84  total  115.9419 ± 0.5025  per-iter 1.3803  build 7.02  minflt 32  steal 0
layered-16384.edges  pagerank   grust-next@counted#1            first  iters   84  total   30.8605 ± 0.0253  per-iter 0.3674  build 6.04  minflt 96  steal 0
layered-16384.edges  pagerank   grust-next@counted#1            second iters   84  total   30.6477 ± 0.0091  per-iter 0.3649  build 6.04  minflt 0  steal 0
layered-16384.edges  pagerank   grust-next@counted#unset        first  iters   84  total   89.6116 ± 0.1313  per-iter 1.0668  build 6.20  minflt 128  steal 0
layered-16384.edges  pagerank   grust-next@counted#unset        second iters   84  total   88.6838 ± 0.0930  per-iter 1.0558  build 6.20  minflt 32  steal 0
layered-16384.edges  pagerank   grust-next@counted+eager#1      first  iters   84  total   30.9258 ± 0.0401  per-iter 0.3682  build 5.97  minflt 96  steal 0
layered-16384.edges  pagerank   grust-next@counted+eager#1      second iters   84  total   30.6563 ± 0.0132  per-iter 0.3650  build 5.97  minflt 0  steal 0
layered-16384.edges  pagerank   grust-next@counted+eager#unset  first  iters   84  total   88.9099 ± 0.0339  per-iter 1.0585  build 6.90  minflt 128  steal 0
layered-16384.edges  pagerank   grust-next@counted+eager#unset  second iters   84  total   88.6595 ± 0.0260  per-iter 1.0555  build 6.90  minflt 32  steal 0
layered-16384.edges  pagerank   grust-next@unchecked#1          first  iters   84  total   27.8815 ± 0.0451  per-iter 0.3319  build 4.94  minflt 96  steal 0
layered-16384.edges  pagerank   grust-next@unchecked#1          second iters   84  total   27.7347 ± 0.0070  per-iter 0.3302  build 4.94  minflt 0  steal 0
layered-16384.edges  pagerank   grust-next@unchecked#unset      first  iters   84  total   42.0320 ± 0.0426  per-iter 0.5004  build 4.65  minflt 128  steal 0
layered-16384.edges  pagerank   grust-next@unchecked#unset      second iters   84  total   41.7858 ± 0.0112  per-iter 0.4974  build 4.65  minflt 32  steal 0
layered-16384.edges  pagerank   grust-next@work-uncounted#1     first  iters   84  total   28.5577 ± 0.0125  per-iter 0.3400  build 5.05  minflt 96  steal 0
layered-16384.edges  pagerank   grust-next@work-uncounted#1     second iters   84  total   28.3086 ± 0.0263  per-iter 0.3370  build 5.05  minflt 0  steal 0
layered-16384.edges  pagerank   grust-next@work-uncounted#unset first  iters   84  total   44.9543 ± 0.3599  per-iter 0.5352  build 4.74  minflt 128  steal 0
layered-16384.edges  pagerank   grust-next@work-uncounted#unset second iters   84  total   45.0702 ± 0.2648  per-iter 0.5366  build 4.74  minflt 32  steal 0
layered-16384.edges  pagerank   grustcat                               iters   84  total   26.2751 ± 0.0058  per-iter 0.3128  build 33.80  minflt 1  steal 0
layered-16384.edges  pagerank   icebug                                 iters   69  total   26.4205 ± 0.0496  per-iter 0.3829  build 2.81  minflt 113  steal 0
layered-16384.edges  pagerank   icecat                                 iters   84  total   27.8106 ± 0.0578  per-iter 0.3311  build 1.75  minflt 128  steal 0
layered-16384.edges  triangles  grust#1                         first  iters    -  total    2.9146 ± 0.0164  per-iter -  build 7.46  minflt 350  steal 0
layered-16384.edges  triangles  grust#1                         second iters    -  total    2.2127 ± 0.0078  per-iter -  build 7.46  minflt 32  steal 0
layered-16384.edges  triangles  grust#unset                     first  iters    -  total    2.8870 ± 0.0076  per-iter -  build 7.38  minflt 350  steal 0
layered-16384.edges  triangles  grust#unset                     second iters    -  total    2.2210 ± 0.0041  per-iter -  build 7.38  minflt 32  steal 0
layered-16384.edges  triangles  grust-next@counted#1            first  iters    -  total    2.8190 ± 0.0098  per-iter -  build 5.90  minflt 350  steal 0
layered-16384.edges  triangles  grust-next@counted#1            second iters    -  total    2.5894 ± 0.0048  per-iter -  build 5.90  minflt 350  steal 0
layered-16384.edges  triangles  grust-next@counted#unset        first  iters    -  total    2.8275 ± 0.0047  per-iter -  build 6.51  minflt 350  steal 0
layered-16384.edges  triangles  grust-next@counted#unset        second iters    -  total    2.3198 ± 0.0091  per-iter -  build 6.51  minflt 159  steal 0
layered-16384.edges  triangles  grust-next@counted+eager#1      first  iters    -  total    2.8471 ± 0.0133  per-iter -  build 5.88  minflt 350  steal 0
layered-16384.edges  triangles  grust-next@counted+eager#1      second iters    -  total    2.6088 ± 0.0253  per-iter -  build 5.88  minflt 350  steal 0
layered-16384.edges  triangles  grust-next@counted+eager#unset  first  iters    -  total    2.8112 ± 0.0067  per-iter -  build 6.51  minflt 350  steal 0
layered-16384.edges  triangles  grust-next@counted+eager#unset  second iters    -  total    2.3057 ± 0.0017  per-iter -  build 6.51  minflt 159  steal 0
layered-16384.edges  triangles  grust-next@unchecked#1          first  iters    -  total    2.5753 ± 0.0029  per-iter -  build 4.96  minflt 350  steal 0
layered-16384.edges  triangles  grust-next@unchecked#1          second iters    -  total    2.3550 ± 0.0094  per-iter -  build 4.96  minflt 350  steal 0
layered-16384.edges  triangles  grust-next@unchecked#unset      first  iters    -  total    2.5733 ± 0.0133  per-iter -  build 5.12  minflt 350  steal 0
layered-16384.edges  triangles  grust-next@unchecked#unset      second iters    -  total    2.0667 ± 0.0063  per-iter -  build 5.12  minflt 159  steal 0
layered-16384.edges  triangles  grust-next@work-uncounted#1     first  iters    -  total    2.6880 ± 0.0218  per-iter -  build 4.99  minflt 350  steal 0
layered-16384.edges  triangles  grust-next@work-uncounted#1     second iters    -  total    2.4496 ± 0.0059  per-iter -  build 4.99  minflt 350  steal 0
layered-16384.edges  triangles  grust-next@work-uncounted#unset first  iters    -  total    2.6958 ± 0.0341  per-iter -  build 5.18  minflt 350  steal 0
layered-16384.edges  triangles  grust-next@work-uncounted#unset second iters    -  total    2.1703 ± 0.0017  per-iter -  build 5.18  minflt 159  steal 0
layered-16384.edges  triangles  neo4j-graph                            iters    -  total    0.8230 ± 0.0072  per-iter -  build 2.24  minflt 3  steal 0
layered-16384.edges  wcc        grust#1                         first  iters    -  total    0.6314 ± 0.0027  per-iter -  build 7.02  minflt 32  steal 0
layered-16384.edges  wcc        grust#1                         second iters    -  total    0.6516 ± 0.0025  per-iter -  build 7.02  minflt 27  steal 0
layered-16384.edges  wcc        grust#unset                     first  iters    -  total    1.4452 ± 0.0060  per-iter -  build 6.97  minflt 32  steal 0
layered-16384.edges  wcc        grust#unset                     second iters    -  total    1.4327 ± 0.0096  per-iter -  build 6.97  minflt 25  steal 0
layered-16384.edges  wcc        grust-next@counted#1            first  iters    -  total    0.6916 ± 0.0001  per-iter -  build 5.47  minflt 32  steal 0
layered-16384.edges  wcc        grust-next@counted#1            second iters    -  total    0.6540 ± 0.0070  per-iter -  build 5.47  minflt 15  steal 0
layered-16384.edges  wcc        grust-next@counted#unset        first  iters    -  total    1.4347 ± 0.0072  per-iter -  build 6.10  minflt 32  steal 0
layered-16384.edges  wcc        grust-next@counted#unset        second iters    -  total    1.3736 ± 0.0159  per-iter -  build 6.10  minflt 0  steal 0
layered-16384.edges  wcc        grust-next@counted+eager#1      first  iters    -  total    0.6858 ± 0.0007  per-iter -  build 5.96  minflt 32  steal 0
layered-16384.edges  wcc        grust-next@counted+eager#1      second iters    -  total    0.6887 ± 0.0025  per-iter -  build 5.96  minflt 28  steal 0
layered-16384.edges  wcc        grust-next@counted+eager#unset  first  iters    -  total    1.4300 ± 0.0062  per-iter -  build 6.83  minflt 32  steal 0
layered-16384.edges  wcc        grust-next@counted+eager#unset  second iters    -  total    1.3678 ± 0.0069  per-iter -  build 6.83  minflt 0  steal 0
layered-16384.edges  wcc        grust-next@unchecked#1          first  iters    -  total    0.5156 ± 0.0034  per-iter -  build 4.58  minflt 32  steal 0
layered-16384.edges  wcc        grust-next@unchecked#1          second iters    -  total    0.4739 ± 0.0021  per-iter -  build 4.58  minflt 14  steal 0
layered-16384.edges  wcc        grust-next@unchecked#unset      first  iters    -  total    0.6352 ± 0.0008  per-iter -  build 4.64  minflt 32  steal 0
layered-16384.edges  wcc        grust-next@unchecked#unset      second iters    -  total    0.5713 ± 0.0080  per-iter -  build 4.64  minflt 0  steal 0
layered-16384.edges  wcc        grust-next@work-uncounted#1     first  iters    -  total    0.5799 ± 0.0010  per-iter -  build 4.62  minflt 32  steal 0
layered-16384.edges  wcc        grust-next@work-uncounted#1     second iters    -  total    0.5382 ± 0.0046  per-iter -  build 4.62  minflt 15  steal 0
layered-16384.edges  wcc        grust-next@work-uncounted#unset first  iters    -  total    0.6985 ± 0.0008  per-iter -  build 4.68  minflt 32  steal 0
layered-16384.edges  wcc        grust-next@work-uncounted#unset second iters    -  total    0.6312 ± 0.0016  per-iter -  build 4.68  minflt 0  steal 0
layered-16384.edges  wcc        grustcat                               iters    -  total    0.3538 ± 0.0007  per-iter -  build 33.01  minflt 0  steal 0
layered-16384.edges  wcc        icebug                                 iters    -  total    1.0144 ± 0.0209  per-iter -  build 2.82  minflt 42  steal 0
layered-16384.edges  wcc        icecat                                 iters    -  total    0.5011 ± 0.0006  per-iter -  build 1.68  minflt 65  steal 0
layered-16384.edges  wcc        neo4j-graph                            iters    -  total    0.9333 ± 0.0045  per-iter -  build 2.23  minflt 0  steal 0
layered-65536.edges  bfs        grust#1                         first  iters    -  total    1.8842 ± 0.0008  per-iter -  build 31.01  minflt 119  steal 0
layered-65536.edges  bfs        grust#1                         second iters    -  total    1.5854 ± 0.0046  per-iter -  build 31.01  minflt 0  steal 0
layered-65536.edges  bfs        grust#unset                     first  iters    -  total    1.8750 ± 0.0032  per-iter -  build 32.45  minflt 119  steal 0
layered-65536.edges  bfs        grust#unset                     second iters    -  total    1.5854 ± 0.0047  per-iter -  build 32.45  minflt 0  steal 0
layered-65536.edges  bfs        grust-next@counted#1            first  iters    -  total    1.8442 ± 0.0064  per-iter -  build 23.85  minflt 103  steal 0
layered-65536.edges  bfs        grust-next@counted#1            second iters    -  total    1.5709 ± 0.0080  per-iter -  build 23.85  minflt 0  steal 0
layered-65536.edges  bfs        grust-next@counted#unset        first  iters    -  total    1.8839 ± 0.0254  per-iter -  build 26.57  minflt 119  steal 0
layered-65536.edges  bfs        grust-next@counted#unset        second iters    -  total    1.5915 ± 0.0115  per-iter -  build 26.57  minflt 0  steal 0
layered-65536.edges  bfs        grust-next@counted+eager#1      first  iters    -  total    2.1015 ± 0.0052  per-iter -  build 25.31  minflt 103  steal 0
layered-65536.edges  bfs        grust-next@counted+eager#1      second iters    -  total    1.8723 ± 0.0127  per-iter -  build 25.31  minflt 0  steal 0
layered-65536.edges  bfs        grust-next@counted+eager#unset  first  iters    -  total    2.0654 ± 0.0112  per-iter -  build 28.70  minflt 231  steal 0
layered-65536.edges  bfs        grust-next@counted+eager#unset  second iters    -  total    1.5836 ± 0.0137  per-iter -  build 28.70  minflt 0  steal 0
layered-65536.edges  bfs        grust-next@unchecked#1          first  iters    -  total    1.3056 ± 0.0091  per-iter -  build 19.57  minflt 103  steal 0
layered-65536.edges  bfs        grust-next@unchecked#1          second iters    -  total    1.0404 ± 0.0019  per-iter -  build 19.57  minflt 0  steal 0
layered-65536.edges  bfs        grust-next@unchecked#unset      first  iters    -  total    1.3369 ± 0.0056  per-iter -  build 20.81  minflt 119  steal 0
layered-65536.edges  bfs        grust-next@unchecked#unset      second iters    -  total    1.0373 ± 0.0100  per-iter -  build 20.81  minflt 0  steal 0
layered-65536.edges  bfs        grust-next@work-uncounted#1     first  iters    -  total    1.4803 ± 0.0232  per-iter -  build 19.49  minflt 103  steal 0
layered-65536.edges  bfs        grust-next@work-uncounted#1     second iters    -  total    1.2097 ± 0.0071  per-iter -  build 19.49  minflt 0  steal 0
layered-65536.edges  bfs        grust-next@work-uncounted#unset first  iters    -  total    1.5043 ± 0.0097  per-iter -  build 20.50  minflt 119  steal 0
layered-65536.edges  bfs        grust-next@work-uncounted#unset second iters    -  total    1.2075 ± 0.0141  per-iter -  build 20.50  minflt 0  steal 0
layered-65536.edges  bfs        grustcat                               iters    -  total    1.0492 ± 0.0182  per-iter -  build 138.62  minflt 0  steal 0
layered-65536.edges  bfs        icebug                                 iters    -  total    2.6615 ± 0.0695  per-iter -  build 11.32  minflt 132  steal 0
layered-65536.edges  bfs        icecat                                 iters    -  total    1.6433 ± 0.0315  per-iter -  build 6.73  minflt 258  steal 0
layered-65536.edges  pagerank   grust#1                         first  iters   75  total  108.9343 ± 0.1476  per-iter 1.4525  build 31.44  minflt 766  steal 0
layered-65536.edges  pagerank   grust#1                         second iters   75  total  105.2049 ± 0.0928  per-iter 1.4027  build 31.44  minflt 0  steal 0
layered-65536.edges  pagerank   grust#unset                     first  iters   75  total  415.6538 ± 0.7330  per-iter 5.5421  build 32.03  minflt 512  steal 0
layered-65536.edges  pagerank   grust#unset                     second iters   75  total  414.6156 ± 0.0473  per-iter 5.5282  build 32.03  minflt 128  steal 0
layered-65536.edges  pagerank   grust-next@counted#1            first  iters   75  total  112.2965 ± 0.1967  per-iter 1.4973  build 26.47  minflt 384  steal 0
layered-65536.edges  pagerank   grust-next@counted#1            second iters   75  total  110.9047 ± 0.1408  per-iter 1.4787  build 26.47  minflt 0  steal 0
layered-65536.edges  pagerank   grust-next@counted#unset        first  iters   75  total  319.2315 ± 0.4380  per-iter 4.2564  build 25.88  minflt 512  steal 0
layered-65536.edges  pagerank   grust-next@counted#unset        second iters   75  total  318.2359 ± 0.1917  per-iter 4.2431  build 25.88  minflt 128  steal 0
layered-65536.edges  pagerank   grust-next@counted+eager#1      first  iters   75  total  111.7290 ± 0.5082  per-iter 1.4897  build 25.93  minflt 384  steal 0
layered-65536.edges  pagerank   grust-next@counted+eager#1      second iters   75  total  110.6457 ± 0.0613  per-iter 1.4753  build 25.93  minflt 0  steal 0
layered-65536.edges  pagerank   grust-next@counted+eager#unset  first  iters   75  total  319.6775 ± 0.1090  per-iter 4.2624  build 30.17  minflt 512  steal 0
layered-65536.edges  pagerank   grust-next@counted+eager#unset  second iters   75  total  318.1561 ± 0.5418  per-iter 4.2421  build 30.17  minflt 128  steal 0
layered-65536.edges  pagerank   grust-next@unchecked#1          first  iters   75  total  101.2300 ± 0.4319  per-iter 1.3497  build 20.89  minflt 384  steal 0
layered-65536.edges  pagerank   grust-next@unchecked#1          second iters   75  total  100.3309 ± 0.2171  per-iter 1.3377  build 20.89  minflt 0  steal 0
layered-65536.edges  pagerank   grust-next@unchecked#unset      first  iters   75  total  151.9532 ± 0.4705  per-iter 2.0260  build 19.91  minflt 512  steal 0
layered-65536.edges  pagerank   grust-next@unchecked#unset      second iters   75  total  150.9492 ± 0.4635  per-iter 2.0127  build 19.91  minflt 128  steal 0
layered-65536.edges  pagerank   grust-next@work-uncounted#1     first  iters   75  total  102.9993 ± 0.1614  per-iter 1.3733  build 21.16  minflt 384  steal 0
layered-65536.edges  pagerank   grust-next@work-uncounted#1     second iters   75  total  102.3445 ± 0.2367  per-iter 1.3646  build 21.16  minflt 0  steal 0
layered-65536.edges  pagerank   grust-next@work-uncounted#unset first  iters   75  total  159.2861 ± 0.1533  per-iter 2.1238  build 19.79  minflt 512  steal 0
layered-65536.edges  pagerank   grust-next@work-uncounted#unset second iters   75  total  158.3846 ± 0.1503  per-iter 2.1118  build 19.79  minflt 128  steal 0
layered-65536.edges  pagerank   grustcat                               iters   75  total   94.4801 ± 0.0540  per-iter 1.2597  build 139.70  minflt 0  steal 0
layered-65536.edges  pagerank   icebug                                 iters   60  total   95.3500 ± 0.7757  per-iter 1.5892  build 11.34  minflt 401  steal 0
layered-65536.edges  pagerank   icecat                                 iters   75  total  102.2888 ± 0.0546  per-iter 1.3639  build 7.07  minflt 608  steal 0
layered-65536.edges  triangles  grust#1                         first  iters    -  total   11.5494 ± 0.1117  per-iter -  build 32.11  minflt 1401  steal 0
layered-65536.edges  triangles  grust#1                         second iters    -  total    8.9848 ± 0.0503  per-iter -  build 32.11  minflt 128  steal 0
layered-65536.edges  triangles  grust#unset                     first  iters    -  total   11.5326 ± 0.0263  per-iter -  build 32.66  minflt 1401  steal 0
layered-65536.edges  triangles  grust#unset                     second iters    -  total    8.9613 ± 0.0159  per-iter -  build 32.66  minflt 128  steal 0
layered-65536.edges  triangles  grust-next@counted#1            first  iters    -  total   11.3438 ± 0.0153  per-iter -  build 25.68  minflt 1402  steal 0
layered-65536.edges  triangles  grust-next@counted#1            second iters    -  total   11.0223 ± 0.3066  per-iter -  build 25.68  minflt 1497  steal 0
layered-65536.edges  triangles  grust-next@counted#unset        first  iters    -  total   11.3572 ± 0.0413  per-iter -  build 27.69  minflt 1402  steal 0
layered-65536.edges  triangles  grust-next@counted#unset        second iters    -  total   10.2607 ± 0.1394  per-iter -  build 27.69  minflt 635  steal 0
layered-65536.edges  triangles  grust-next@counted+eager#1      first  iters    -  total   11.3960 ± 0.0141  per-iter -  build 25.46  minflt 1402  steal 0
layered-65536.edges  triangles  grust-next@counted+eager#1      second iters    -  total   11.2955 ± 0.3063  per-iter -  build 25.46  minflt 1497  steal 0
layered-65536.edges  triangles  grust-next@counted+eager#unset  first  iters    -  total   11.3144 ± 0.0245  per-iter -  build 27.78  minflt 1402  steal 0
layered-65536.edges  triangles  grust-next@counted+eager#unset  second iters    -  total    9.6230 ± 0.0657  per-iter -  build 27.78  minflt 635  steal 0
layered-65536.edges  triangles  grust-next@unchecked#1          first  iters    -  total   10.3421 ± 0.0088  per-iter -  build 21.54  minflt 1402  steal 0
layered-65536.edges  triangles  grust-next@unchecked#1          second iters    -  total   10.0729 ± 0.0310  per-iter -  build 21.54  minflt 1497  steal 0
layered-65536.edges  triangles  grust-next@unchecked#unset      first  iters    -  total   10.3901 ± 0.0043  per-iter -  build 22.10  minflt 1402  steal 0
layered-65536.edges  triangles  grust-next@unchecked#unset      second iters    -  total    8.5912 ± 0.0330  per-iter -  build 22.10  minflt 635  steal 0
layered-65536.edges  triangles  grust-next@work-uncounted#1     first  iters    -  total   10.7815 ± 0.0281  per-iter -  build 20.85  minflt 1402  steal 0
layered-65536.edges  triangles  grust-next@work-uncounted#1     second iters    -  total   10.4951 ± 0.0590  per-iter -  build 20.85  minflt 1497  steal 0
layered-65536.edges  triangles  grust-next@work-uncounted#unset first  iters    -  total   10.7870 ± 0.0344  per-iter -  build 22.14  minflt 1402  steal 0
layered-65536.edges  triangles  grust-next@work-uncounted#unset second iters    -  total    9.0170 ± 0.0747  per-iter -  build 22.14  minflt 635  steal 0
layered-65536.edges  triangles  neo4j-graph                            iters    -  total    2.8378 ± 0.0173  per-iter -  build 8.52  minflt 4  steal 0
layered-65536.edges  wcc        grust#1                         first  iters    -  total    2.5622 ± 0.0137  per-iter -  build 33.15  minflt 128  steal 0
layered-65536.edges  wcc        grust#1                         second iters    -  total    2.6872 ± 0.0187  per-iter -  build 33.15  minflt 122  steal 0
layered-65536.edges  wcc        grust#unset                     first  iters    -  total    5.8225 ± 0.0257  per-iter -  build 32.66  minflt 128  steal 0
layered-65536.edges  wcc        grust#unset                     second iters    -  total    5.7854 ± 0.0047  per-iter -  build 32.66  minflt 122  steal 0
layered-65536.edges  wcc        grust-next@counted#1            first  iters    -  total    2.8116 ± 0.0077  per-iter -  build 24.40  minflt 128  steal 0
layered-65536.edges  wcc        grust-next@counted#1            second iters    -  total    2.6542 ± 0.0104  per-iter -  build 24.40  minflt 61  steal 0
layered-65536.edges  wcc        grust-next@counted#unset        first  iters    -  total    5.7771 ± 0.0075  per-iter -  build 26.64  minflt 128  steal 0
layered-65536.edges  wcc        grust-next@counted#unset        second iters    -  total    5.5281 ± 0.0101  per-iter -  build 26.64  minflt 0  steal 0
layered-65536.edges  wcc        grust-next@counted+eager#1      first  iters    -  total    2.8076 ± 0.0250  per-iter -  build 26.08  minflt 128  steal 0
layered-65536.edges  wcc        grust-next@counted+eager#1      second iters    -  total    2.8018 ± 0.0090  per-iter -  build 26.08  minflt 122  steal 0
layered-65536.edges  wcc        grust-next@counted+eager#unset  first  iters    -  total    5.7606 ± 0.0083  per-iter -  build 28.24  minflt 128  steal 0
layered-65536.edges  wcc        grust-next@counted+eager#unset  second iters    -  total    5.5069 ± 0.0039  per-iter -  build 28.24  minflt 0  steal 0
layered-65536.edges  wcc        grust-next@unchecked#1          first  iters    -  total    2.1028 ± 0.0049  per-iter -  build 19.98  minflt 128  steal 0
layered-65536.edges  wcc        grust-next@unchecked#1          second iters    -  total    1.9700 ± 0.0042  per-iter -  build 19.98  minflt 61  steal 0
layered-65536.edges  wcc        grust-next@unchecked#unset      first  iters    -  total    2.5789 ± 0.0159  per-iter -  build 20.47  minflt 128  steal 0
layered-65536.edges  wcc        grust-next@unchecked#unset      second iters    -  total    2.3147 ± 0.0106  per-iter -  build 20.47  minflt 0  steal 0
layered-65536.edges  wcc        grust-next@work-uncounted#1     first  iters    -  total    2.3801 ± 0.0098  per-iter -  build 20.47  minflt 128  steal 0
layered-65536.edges  wcc        grust-next@work-uncounted#1     second iters    -  total    2.1963 ± 0.0071  per-iter -  build 20.47  minflt 60  steal 0
layered-65536.edges  wcc        grust-next@work-uncounted#unset first  iters    -  total    2.8336 ± 0.0038  per-iter -  build 21.37  minflt 128  steal 0
layered-65536.edges  wcc        grust-next@work-uncounted#unset second iters    -  total    2.6043 ± 0.0280  per-iter -  build 21.37  minflt 0  steal 0
layered-65536.edges  wcc        grustcat                               iters    -  total    1.4472 ± 0.0095  per-iter -  build 140.05  minflt 0  steal 0
layered-65536.edges  wcc        icebug                                 iters    -  total    4.7329 ± 0.0143  per-iter -  build 11.38  minflt 138  steal 0
layered-65536.edges  wcc        icecat                                 iters    -  total    2.1174 ± 0.0099  per-iter -  build 7.40  minflt 255  steal 0
layered-65536.edges  wcc        neo4j-graph                            iters    -  total    3.5120 ± 0.0085  per-iter -  build 8.64  minflt 32  steal 0
path-16384.edges     bfs        grust#1                         first  iters    -  total    0.4264 ± 0.0076  per-iter -  build 5.21  minflt 36  steal 0
path-16384.edges     bfs        grust#1                         second iters    -  total    0.3403 ± 0.0010  per-iter -  build 5.21  minflt 0  steal 0
path-16384.edges     bfs        grust#unset                     first  iters    -  total    0.4219 ± 0.0007  per-iter -  build 5.16  minflt 36  steal 0
path-16384.edges     bfs        grust#unset                     second iters    -  total    0.3402 ± 0.0010  per-iter -  build 5.16  minflt 0  steal 0
path-16384.edges     bfs        grust-next@counted#1            first  iters    -  total    0.3957 ± 0.0020  per-iter -  build 4.44  minflt 32  steal 0
path-16384.edges     bfs        grust-next@counted#1            second iters    -  total    0.3259 ± 0.0003  per-iter -  build 4.44  minflt 0  steal 0
path-16384.edges     bfs        grust-next@counted#unset        first  iters    -  total    0.4067 ± 0.0003  per-iter -  build 4.76  minflt 36  steal 0
path-16384.edges     bfs        grust-next@counted#unset        second iters    -  total    0.3257 ± 0.0002  per-iter -  build 4.76  minflt 0  steal 0
path-16384.edges     bfs        grust-next@counted+eager#1      first  iters    -  total    0.3951 ± 0.0001  per-iter -  build 4.97  minflt 32  steal 0
path-16384.edges     bfs        grust-next@counted+eager#1      second iters    -  total    0.3263 ± 0.0003  per-iter -  build 4.97  minflt 0  steal 0
path-16384.edges     bfs        grust-next@counted+eager#unset  first  iters    -  total    0.4639 ± 0.0003  per-iter -  build 5.43  minflt 64  steal 0
path-16384.edges     bfs        grust-next@counted+eager#unset  second iters    -  total    0.3270 ± 0.0003  per-iter -  build 5.43  minflt 0  steal 0
path-16384.edges     bfs        grust-next@unchecked#1          first  iters    -  total    0.1890 ± 0.0019  per-iter -  build 3.78  minflt 32  steal 0
path-16384.edges     bfs        grust-next@unchecked#1          second iters    -  total    0.1177 ± 0.0007  per-iter -  build 3.78  minflt 0  steal 0
path-16384.edges     bfs        grust-next@unchecked#unset      first  iters    -  total    0.1904 ± 0.0001  per-iter -  build 3.71  minflt 36  steal 0
path-16384.edges     bfs        grust-next@unchecked#unset      second iters    -  total    0.1115 ± 0.0003  per-iter -  build 3.71  minflt 0  steal 0
path-16384.edges     bfs        grust-next@work-uncounted#1     first  iters    -  total    0.2211 ± 0.0003  per-iter -  build 3.77  minflt 32  steal 0
path-16384.edges     bfs        grust-next@work-uncounted#1     second iters    -  total    0.1511 ± 0.0003  per-iter -  build 3.77  minflt 0  steal 0
path-16384.edges     bfs        grust-next@work-uncounted#unset first  iters    -  total    0.2310 ± 0.0006  per-iter -  build 3.85  minflt 36  steal 0
path-16384.edges     bfs        grust-next@work-uncounted#unset second iters    -  total    0.1503 ± 0.0003  per-iter -  build 3.85  minflt 0  steal 0
path-16384.edges     bfs        grustcat                               iters    -  total    0.1433 ± 0.0003  per-iter -  build 26.89  minflt 0  steal 0
path-16384.edges     bfs        icebug                                 iters    -  total    0.2678 ± 0.0051  per-iter -  build 1.79  minflt 36  steal 0
path-16384.edges     bfs        icecat                                 iters    -  total    0.2900 ± 0.0032  per-iter -  build 0.91  minflt 65  steal 0
path-16384.edges     pagerank   grust#1                         first  iters   58  total   15.5101 ± 0.0257  per-iter 0.2674  build 5.18  minflt 160  steal 0
path-16384.edges     pagerank   grust#1                         second iters   58  total   14.7079 ± 0.0239  per-iter 0.2536  build 5.18  minflt 0  steal 0
path-16384.edges     pagerank   grust#unset                     first  iters   58  total   66.7205 ± 0.0498  per-iter 1.1504  build 5.16  minflt 128  steal 0
path-16384.edges     pagerank   grust#unset                     second iters   58  total   66.4419 ± 0.0352  per-iter 1.1456  build 5.16  minflt 32  steal 0
path-16384.edges     pagerank   grust-next@counted#1            first  iters   58  total   14.7636 ± 0.0243  per-iter 0.2545  build 5.02  minflt 96  steal 0
path-16384.edges     pagerank   grust-next@counted#1            second iters   58  total   14.6527 ± 0.0124  per-iter 0.2526  build 5.02  minflt 64  steal 0
path-16384.edges     pagerank   grust-next@counted#unset        first  iters   58  total   60.5474 ± 0.0987  per-iter 1.0439  build 4.78  minflt 128  steal 0
path-16384.edges     pagerank   grust-next@counted#unset        second iters   58  total   60.3530 ± 0.1219  per-iter 1.0406  build 4.78  minflt 32  steal 0
path-16384.edges     pagerank   grust-next@counted+eager#1      first  iters   58  total   14.7527 ± 0.0173  per-iter 0.2544  build 4.90  minflt 96  steal 0
path-16384.edges     pagerank   grust-next@counted+eager#1      second iters   58  total   14.6543 ± 0.0348  per-iter 0.2527  build 4.90  minflt 64  steal 0
path-16384.edges     pagerank   grust-next@counted+eager#unset  first  iters   58  total   60.6057 ± 0.0507  per-iter 1.0449  build 5.43  minflt 128  steal 0
path-16384.edges     pagerank   grust-next@counted+eager#unset  second iters   58  total   60.4087 ± 0.0645  per-iter 1.0415  build 5.43  minflt 32  steal 0
path-16384.edges     pagerank   grust-next@unchecked#1          first  iters   58  total   11.5085 ± 0.0024  per-iter 0.1984  build 4.02  minflt 96  steal 0
path-16384.edges     pagerank   grust-next@unchecked#1          second iters   58  total   11.3990 ± 0.0109  per-iter 0.1965  build 4.02  minflt 64  steal 0
path-16384.edges     pagerank   grust-next@unchecked#unset      first  iters   58  total   27.1781 ± 0.0548  per-iter 0.4686  build 3.80  minflt 128  steal 0
path-16384.edges     pagerank   grust-next@unchecked#unset      second iters   58  total   27.0622 ± 0.0759  per-iter 0.4666  build 3.80  minflt 32  steal 0
path-16384.edges     pagerank   grust-next@work-uncounted#1     first  iters   58  total   12.1296 ± 0.0220  per-iter 0.2091  build 4.12  minflt 96  steal 0
path-16384.edges     pagerank   grust-next@work-uncounted#1     second iters   58  total   12.0484 ± 0.0831  per-iter 0.2077  build 4.12  minflt 64  steal 0
path-16384.edges     pagerank   grust-next@work-uncounted#unset first  iters   58  total   29.0985 ± 0.0672  per-iter 0.5017  build 3.89  minflt 128  steal 0
path-16384.edges     pagerank   grust-next@work-uncounted#unset second iters   58  total   28.9378 ± 0.1041  per-iter 0.4989  build 3.89  minflt 32  steal 0
path-16384.edges     pagerank   grustcat                               iters   58  total    9.8642 ± 0.0511  per-iter 0.1701  build 27.02  minflt 0  steal 0
path-16384.edges     pagerank   icebug                                 iters   54  total   12.8508 ± 0.0577  per-iter 0.2380  build 1.79  minflt 113  steal 0
path-16384.edges     pagerank   icecat                                 iters   58  total   11.3824 ± 0.2025  per-iter 0.1962  build 0.94  minflt 128  steal 0
path-16384.edges     triangles  grust#1                         first  iters    -  total    1.5427 ± 0.0076  per-iter -  build 5.33  minflt 256  steal 0
path-16384.edges     triangles  grust#1                         second iters    -  total    1.0931 ± 0.0047  per-iter -  build 5.33  minflt 32  steal 0
path-16384.edges     triangles  grust#unset                     first  iters    -  total    1.5621 ± 0.0144  per-iter -  build 5.31  minflt 256  steal 0
path-16384.edges     triangles  grust#unset                     second iters    -  total    1.2611 ± 0.0204  per-iter -  build 5.31  minflt 32  steal 0
path-16384.edges     triangles  grust-next@counted#1            first  iters    -  total    1.5773 ± 0.0087  per-iter -  build 4.72  minflt 256  steal 0
path-16384.edges     triangles  grust-next@counted#1            second iters    -  total    1.4243 ± 0.0115  per-iter -  build 4.72  minflt 256  steal 0
path-16384.edges     triangles  grust-next@counted#unset        first  iters    -  total    1.5772 ± 0.0059  per-iter -  build 5.03  minflt 256  steal 0
path-16384.edges     triangles  grust-next@counted#unset        second iters    -  total    1.1999 ± 0.0197  per-iter -  build 5.03  minflt 96  steal 0
path-16384.edges     triangles  grust-next@counted+eager#1      first  iters    -  total    1.5728 ± 0.0017  per-iter -  build 4.68  minflt 256  steal 0
path-16384.edges     triangles  grust-next@counted+eager#1      second iters    -  total    1.4062 ± 0.0065  per-iter -  build 4.68  minflt 256  steal 0
path-16384.edges     triangles  grust-next@counted+eager#unset  first  iters    -  total    1.5686 ± 0.0136  per-iter -  build 4.99  minflt 256  steal 0
path-16384.edges     triangles  grust-next@counted+eager#unset  second iters    -  total    1.1955 ± 0.0140  per-iter -  build 4.99  minflt 96  steal 0
path-16384.edges     triangles  grust-next@unchecked#1          first  iters    -  total    1.3012 ± 0.0214  per-iter -  build 3.97  minflt 256  steal 0
path-16384.edges     triangles  grust-next@unchecked#1          second iters    -  total    1.1356 ± 0.0202  per-iter -  build 3.97  minflt 256  steal 0
path-16384.edges     triangles  grust-next@unchecked#unset      first  iters    -  total    1.3132 ± 0.0174  per-iter -  build 3.96  minflt 256  steal 0
path-16384.edges     triangles  grust-next@unchecked#unset      second iters    -  total    0.9171 ± 0.0052  per-iter -  build 3.96  minflt 96  steal 0
path-16384.edges     triangles  grust-next@work-uncounted#1     first  iters    -  total    1.3776 ± 0.0128  per-iter -  build 3.99  minflt 256  steal 0
path-16384.edges     triangles  grust-next@work-uncounted#1     second iters    -  total    1.2009 ± 0.0059  per-iter -  build 3.99  minflt 256  steal 0
path-16384.edges     triangles  grust-next@work-uncounted#unset first  iters    -  total    1.3726 ± 0.0013  per-iter -  build 4.04  minflt 256  steal 0
path-16384.edges     triangles  grust-next@work-uncounted#unset second iters    -  total    0.9715 ± 0.0068  per-iter -  build 4.04  minflt 96  steal 0
path-16384.edges     triangles  neo4j-graph                            iters    -  total    0.2747 ± 0.0067  per-iter -  build 1.48  minflt 4  steal 0
path-16384.edges     wcc        grust#1                         first  iters    -  total    0.4462 ± 0.0030  per-iter -  build 5.23  minflt 32  steal 0
path-16384.edges     wcc        grust#1                         second iters    -  total    0.4485 ± 0.0020  per-iter -  build 5.23  minflt 31  steal 0
path-16384.edges     wcc        grust#unset                     first  iters    -  total    1.0005 ± 0.0047  per-iter -  build 5.19  minflt 32  steal 0
path-16384.edges     wcc        grust#unset                     second iters    -  total    1.0006 ± 0.0059  per-iter -  build 5.19  minflt 31  steal 0
path-16384.edges     wcc        grust-next@counted#1            first  iters    -  total    0.4486 ± 0.0018  per-iter -  build 4.43  minflt 32  steal 0
path-16384.edges     wcc        grust-next@counted#1            second iters    -  total    0.4096 ± 0.0033  per-iter -  build 4.43  minflt 16  steal 0
path-16384.edges     wcc        grust-next@counted#unset        first  iters    -  total    0.9885 ± 0.0024  per-iter -  build 4.74  minflt 32  steal 0
path-16384.edges     wcc        grust-next@counted#unset        second iters    -  total    0.9459 ± 0.0029  per-iter -  build 4.74  minflt 16  steal 0
path-16384.edges     wcc        grust-next@counted+eager#1      first  iters    -  total    0.4508 ± 0.0026  per-iter -  build 4.92  minflt 32  steal 0
path-16384.edges     wcc        grust-next@counted+eager#1      second iters    -  total    0.4539 ± 0.0086  per-iter -  build 4.92  minflt 32  steal 0
path-16384.edges     wcc        grust-next@counted+eager#unset  first  iters    -  total    0.9898 ± 0.0029  per-iter -  build 5.39  minflt 32  steal 0
path-16384.edges     wcc        grust-next@counted+eager#unset  second iters    -  total    0.9470 ± 0.0020  per-iter -  build 5.39  minflt 16  steal 0
path-16384.edges     wcc        grust-next@unchecked#1          first  iters    -  total    0.3058 ± 0.0025  per-iter -  build 3.77  minflt 32  steal 0
path-16384.edges     wcc        grust-next@unchecked#1          second iters    -  total    0.2644 ± 0.0007  per-iter -  build 3.77  minflt 16  steal 0
path-16384.edges     wcc        grust-next@unchecked#unset      first  iters    -  total    0.3499 ± 0.0017  per-iter -  build 3.76  minflt 32  steal 0
path-16384.edges     wcc        grust-next@unchecked#unset      second iters    -  total    0.3033 ± 0.0005  per-iter -  build 3.76  minflt 16  steal 0
path-16384.edges     wcc        grust-next@work-uncounted#1     first  iters    -  total    0.3168 ± 0.0024  per-iter -  build 3.73  minflt 32  steal 0
path-16384.edges     wcc        grust-next@work-uncounted#1     second iters    -  total    0.2743 ± 0.0004  per-iter -  build 3.73  minflt 16  steal 0
path-16384.edges     wcc        grust-next@work-uncounted#unset first  iters    -  total    0.3861 ± 0.0149  per-iter -  build 3.81  minflt 32  steal 0
path-16384.edges     wcc        grust-next@work-uncounted#unset second iters    -  total    0.3435 ± 0.0024  per-iter -  build 3.81  minflt 16  steal 0
path-16384.edges     wcc        grustcat                               iters    -  total    0.1646 ± 0.0053  per-iter -  build 26.72  minflt 1  steal 0
path-16384.edges     wcc        icebug                                 iters    -  total    0.3520 ± 0.0079  per-iter -  build 1.79  minflt 42  steal 0
path-16384.edges     wcc        icecat                                 iters    -  total    0.2819 ± 0.0039  per-iter -  build 0.87  minflt 64  steal 0
path-16384.edges     wcc        neo4j-graph                            iters    -  total    0.7754 ± 0.0023  per-iter -  build 1.48  minflt 31  steal 0
path-65536.edges     bfs        grust#1                         first  iters    -  total    1.6884 ± 0.0079  per-iter -  build 23.51  minflt 144  steal 0
path-65536.edges     bfs        grust#1                         second iters    -  total    1.3752 ± 0.0086  per-iter -  build 23.51  minflt 0  steal 0
path-65536.edges     bfs        grust#unset                     first  iters    -  total    1.6905 ± 0.0054  per-iter -  build 23.56  minflt 144  steal 0
path-65536.edges     bfs        grust#unset                     second iters    -  total    1.3723 ± 0.0104  per-iter -  build 23.56  minflt 0  steal 0
path-65536.edges     bfs        grust-next@counted#1            first  iters    -  total    1.5973 ± 0.0051  per-iter -  build 19.68  minflt 128  steal 0
path-65536.edges     bfs        grust-next@counted#1            second iters    -  total    1.3197 ± 0.0036  per-iter -  build 19.68  minflt 0  steal 0
path-65536.edges     bfs        grust-next@counted#unset        first  iters    -  total    1.6320 ± 0.0066  per-iter -  build 21.52  minflt 144  steal 0
path-65536.edges     bfs        grust-next@counted#unset        second iters    -  total    1.3128 ± 0.0080  per-iter -  build 21.52  minflt 0  steal 0
path-65536.edges     bfs        grust-next@counted+eager#1      first  iters    -  total    1.6007 ± 0.0118  per-iter -  build 21.88  minflt 128  steal 0
path-65536.edges     bfs        grust-next@counted+eager#1      second iters    -  total    1.3158 ± 0.0034  per-iter -  build 21.88  minflt 0  steal 0
path-65536.edges     bfs        grust-next@counted+eager#unset  first  iters    -  total    1.8654 ± 0.0040  per-iter -  build 24.59  minflt 256  steal 0
path-65536.edges     bfs        grust-next@counted+eager#unset  second iters    -  total    1.3155 ± 0.0008  per-iter -  build 24.59  minflt 0  steal 0
path-65536.edges     bfs        grust-next@unchecked#1          first  iters    -  total    0.7570 ± 0.0057  per-iter -  build 17.57  minflt 128  steal 0
path-65536.edges     bfs        grust-next@unchecked#1          second iters    -  total    0.4702 ± 0.0026  per-iter -  build 17.57  minflt 0  steal 0
path-65536.edges     bfs        grust-next@unchecked#unset      first  iters    -  total    0.7855 ± 0.0139  per-iter -  build 17.24  minflt 144  steal 0
path-65536.edges     bfs        grust-next@unchecked#unset      second iters    -  total    0.4548 ± 0.0005  per-iter -  build 17.24  minflt 0  steal 0
path-65536.edges     bfs        grust-next@work-uncounted#1     first  iters    -  total    0.8865 ± 0.0048  per-iter -  build 17.05  minflt 128  steal 0
path-65536.edges     bfs        grust-next@work-uncounted#1     second iters    -  total    0.6037 ± 0.0003  per-iter -  build 17.05  minflt 0  steal 0
path-65536.edges     bfs        grust-next@work-uncounted#unset first  iters    -  total    0.9298 ± 0.0030  per-iter -  build 17.13  minflt 144  steal 0
path-65536.edges     bfs        grust-next@work-uncounted#unset second iters    -  total    0.6012 ± 0.0015  per-iter -  build 17.13  minflt 0  steal 0
path-65536.edges     bfs        grustcat                               iters    -  total    0.5887 ± 0.0026  per-iter -  build 115.01  minflt 0  steal 0
path-65536.edges     bfs        icebug                                 iters    -  total    1.0574 ± 0.0059  per-iter -  build 7.16  minflt 132  steal 0
path-65536.edges     bfs        icecat                                 iters    -  total    1.1912 ± 0.0168  per-iter -  build 4.51  minflt 257  steal 0
path-65536.edges     pagerank   grust#1                         first  iters   50  total   54.4814 ± 0.0016  per-iter 1.0896  build 23.16  minflt 640  steal 0
path-65536.edges     pagerank   grust#1                         second iters   50  total   51.1397 ± 0.1225  per-iter 1.0228  build 23.16  minflt 0  steal 0
path-65536.edges     pagerank   grust#unset                     first  iters   50  total  231.8252 ± 0.2992  per-iter 4.6365  build 25.04  minflt 512  steal 0
path-65536.edges     pagerank   grust#unset                     second iters   50  total  230.7170 ± 0.1857  per-iter 4.6143  build 25.04  minflt 128  steal 0
path-65536.edges     pagerank   grust-next@counted#1            first  iters   50  total   52.8414 ± 0.4394  per-iter 1.0568  build 20.87  minflt 384  steal 0
path-65536.edges     pagerank   grust-next@counted#1            second iters   50  total   52.0386 ± 0.0652  per-iter 1.0408  build 20.87  minflt 352  steal 0
path-65536.edges     pagerank   grust-next@counted#unset        first  iters   50  total  210.6392 ± 0.6504  per-iter 4.2128  build 21.69  minflt 512  steal 0
path-65536.edges     pagerank   grust-next@counted#unset        second iters   50  total  209.7115 ± 0.4624  per-iter 4.1942  build 21.69  minflt 128  steal 0
path-65536.edges     pagerank   grust-next@counted+eager#1      first  iters   50  total   52.1996 ± 0.0644  per-iter 1.0440  build 22.30  minflt 384  steal 0
path-65536.edges     pagerank   grust-next@counted+eager#1      second iters   50  total   51.8962 ± 0.0518  per-iter 1.0379  build 22.30  minflt 352  steal 0
path-65536.edges     pagerank   grust-next@counted+eager#unset  first  iters   50  total  210.1164 ± 0.2938  per-iter 4.2023  build 23.86  minflt 512  steal 0
path-65536.edges     pagerank   grust-next@counted+eager#unset  second iters   50  total  209.8677 ± 0.2523  per-iter 4.1974  build 23.86  minflt 128  steal 0
path-65536.edges     pagerank   grust-next@unchecked#1          first  iters   50  total   40.8583 ± 0.0335  per-iter 0.8172  build 18.92  minflt 384  steal 0
path-65536.edges     pagerank   grust-next@unchecked#1          second iters   50  total   40.5644 ± 0.0464  per-iter 0.8113  build 18.92  minflt 352  steal 0
path-65536.edges     pagerank   grust-next@unchecked#unset      first  iters   50  total   94.3237 ± 0.1180  per-iter 1.8865  build 17.73  minflt 512  steal 0
path-65536.edges     pagerank   grust-next@unchecked#unset      second iters   50  total   93.5996 ± 0.1430  per-iter 1.8720  build 17.73  minflt 128  steal 0
path-65536.edges     pagerank   grust-next@work-uncounted#1     first  iters   50  total   42.9673 ± 0.1397  per-iter 0.8593  build 19.57  minflt 384  steal 0
path-65536.edges     pagerank   grust-next@work-uncounted#1     second iters   50  total   42.7076 ± 0.1928  per-iter 0.8542  build 19.57  minflt 352  steal 0
path-65536.edges     pagerank   grust-next@work-uncounted#unset first  iters   50  total  101.3472 ± 0.1340  per-iter 2.0269  build 18.76  minflt 512  steal 0
path-65536.edges     pagerank   grust-next@work-uncounted#unset second iters   50  total   99.6696 ± 0.3089  per-iter 1.9934  build 18.76  minflt 128  steal 0
path-65536.edges     pagerank   grustcat                               iters   50  total   34.1994 ± 0.0774  per-iter 0.6840  build 114.04  minflt 0  steal 0
path-65536.edges     pagerank   icebug                                 iters   46  total   43.7129 ± 0.2449  per-iter 0.9503  build 7.15  minflt 401  steal 0
path-65536.edges     pagerank   icecat                                 iters   50  total   39.3424 ± 0.1292  per-iter 0.7868  build 4.55  minflt 607  steal 0
path-65536.edges     triangles  grust#1                         first  iters    -  total    6.2256 ± 0.0673  per-iter -  build 24.51  minflt 1024  steal 0
path-65536.edges     triangles  grust#1                         second iters    -  total    4.3853 ± 0.0138  per-iter -  build 24.51  minflt 128  steal 0
path-65536.edges     triangles  grust#unset                     first  iters    -  total    6.2352 ± 0.0256  per-iter -  build 24.55  minflt 1025  steal 0
path-65536.edges     triangles  grust#unset                     second iters    -  total    5.0999 ± 0.0027  per-iter -  build 24.55  minflt 128  steal 0
path-65536.edges     triangles  grust-next@counted#1            first  iters    -  total    6.3391 ± 0.0291  per-iter -  build 20.95  minflt 1024  steal 0
path-65536.edges     triangles  grust-next@counted#1            second iters    -  total    6.1031 ± 0.0881  per-iter -  build 20.95  minflt 1120  steal 0
path-65536.edges     triangles  grust-next@counted#unset        first  iters    -  total    6.2958 ± 0.0168  per-iter -  build 22.47  minflt 1024  steal 0
path-65536.edges     triangles  grust-next@counted#unset        second iters    -  total    4.8362 ± 0.0319  per-iter -  build 22.47  minflt 384  steal 0
path-65536.edges     triangles  grust-next@counted+eager#1      first  iters    -  total    6.2907 ± 0.0109  per-iter -  build 22.47  minflt 1024  steal 0
path-65536.edges     triangles  grust-next@counted+eager#1      second iters    -  total    6.0529 ± 0.0416  per-iter -  build 22.47  minflt 1120  steal 0
path-65536.edges     triangles  grust-next@counted+eager#unset  first  iters    -  total    6.3046 ± 0.0226  per-iter -  build 22.85  minflt 1024  steal 0
path-65536.edges     triangles  grust-next@counted+eager#unset  second iters    -  total    4.8298 ± 0.0100  per-iter -  build 22.85  minflt 384  steal 0
path-65536.edges     triangles  grust-next@unchecked#1          first  iters    -  total    5.1970 ± 0.0288  per-iter -  build 18.85  minflt 1024  steal 0
path-65536.edges     triangles  grust-next@unchecked#1          second iters    -  total    4.8488 ± 0.0853  per-iter -  build 18.85  minflt 1120  steal 0
path-65536.edges     triangles  grust-next@unchecked#unset      first  iters    -  total    5.1743 ± 0.0088  per-iter -  build 18.17  minflt 1024  steal 0
path-65536.edges     triangles  grust-next@unchecked#unset      second iters    -  total    3.6890 ± 0.0132  per-iter -  build 18.17  minflt 384  steal 0
path-65536.edges     triangles  grust-next@work-uncounted#1     first  iters    -  total    5.4588 ± 0.0177  per-iter -  build 18.77  minflt 1024  steal 0
path-65536.edges     triangles  grust-next@work-uncounted#1     second iters    -  total    5.2376 ± 0.0459  per-iter -  build 18.77  minflt 1120  steal 0
path-65536.edges     triangles  grust-next@work-uncounted#unset first  iters    -  total    5.4563 ± 0.0072  per-iter -  build 18.27  minflt 1024  steal 0
path-65536.edges     triangles  grust-next@work-uncounted#unset second iters    -  total    3.9969 ± 0.0230  per-iter -  build 18.27  minflt 384  steal 0
path-65536.edges     triangles  neo4j-graph                            iters    -  total    0.6969 ± 0.0072  per-iter -  build 5.38  minflt 3  steal 0
path-65536.edges     wcc        grust#1                         first  iters    -  total    1.7961 ± 0.0024  per-iter -  build 23.10  minflt 128  steal 0
path-65536.edges     wcc        grust#1                         second iters    -  total    1.8146 ± 0.0028  per-iter -  build 23.10  minflt 128  steal 0
path-65536.edges     wcc        grust#unset                     first  iters    -  total    4.0183 ± 0.0011  per-iter -  build 23.62  minflt 128  steal 0
path-65536.edges     wcc        grust#unset                     second iters    -  total    4.0288 ± 0.0162  per-iter -  build 23.62  minflt 126  steal 0
path-65536.edges     wcc        grust-next@counted#1            first  iters    -  total    1.8297 ± 0.0080  per-iter -  build 19.77  minflt 128  steal 0
path-65536.edges     wcc        grust-next@counted#1            second iters    -  total    1.6834 ± 0.0179  per-iter -  build 19.77  minflt 64  steal 0
path-65536.edges     wcc        grust-next@counted#unset        first  iters    -  total    4.0098 ± 0.0020  per-iter -  build 22.19  minflt 128  steal 0
path-65536.edges     wcc        grust-next@counted#unset        second iters    -  total    3.8777 ± 0.0190  per-iter -  build 22.19  minflt 64  steal 0
path-65536.edges     wcc        grust-next@counted+eager#1      first  iters    -  total    1.8132 ± 0.0084  per-iter -  build 22.17  minflt 128  steal 0
path-65536.edges     wcc        grust-next@counted+eager#1      second iters    -  total    1.8055 ± 0.0089  per-iter -  build 22.17  minflt 128  steal 0
path-65536.edges     wcc        grust-next@counted+eager#unset  first  iters    -  total    3.9950 ± 0.0074  per-iter -  build 24.25  minflt 128  steal 0
path-65536.edges     wcc        grust-next@counted+eager#unset  second iters    -  total    3.8730 ± 0.0167  per-iter -  build 24.25  minflt 64  steal 0
path-65536.edges     wcc        grust-next@unchecked#1          first  iters    -  total    1.2440 ± 0.0030  per-iter -  build 17.17  minflt 128  steal 0
path-65536.edges     wcc        grust-next@unchecked#1          second iters    -  total    1.0902 ± 0.0091  per-iter -  build 17.17  minflt 64  steal 0
path-65536.edges     wcc        grust-next@unchecked#unset      first  iters    -  total    1.3903 ± 0.0073  per-iter -  build 17.48  minflt 128  steal 0
path-65536.edges     wcc        grust-next@unchecked#unset      second iters    -  total    1.2892 ± 0.0161  per-iter -  build 17.48  minflt 64  steal 0
path-65536.edges     wcc        grust-next@work-uncounted#1     first  iters    -  total    1.2945 ± 0.0037  per-iter -  build 17.94  minflt 128  steal 0
path-65536.edges     wcc        grust-next@work-uncounted#1     second iters    -  total    1.1346 ± 0.0056  per-iter -  build 17.94  minflt 64  steal 0
path-65536.edges     wcc        grust-next@work-uncounted#unset first  iters    -  total    1.5508 ± 0.0094  per-iter -  build 17.96  minflt 128  steal 0
path-65536.edges     wcc        grust-next@work-uncounted#unset second iters    -  total    1.4373 ± 0.0219  per-iter -  build 17.96  minflt 64  steal 0
path-65536.edges     wcc        grustcat                               iters    -  total    0.6346 ± 0.0016  per-iter -  build 113.25  minflt 0  steal 0
path-65536.edges     wcc        icebug                                 iters    -  total    1.2982 ± 0.0160  per-iter -  build 7.17  minflt 138  steal 0
path-65536.edges     wcc        icecat                                 iters    -  total    1.1402 ± 0.0116  per-iter -  build 4.42  minflt 256  steal 0
path-65536.edges     wcc        neo4j-graph                            iters    -  total    2.5976 ± 0.0041  per-iter -  build 5.31  minflt 32  steal 0
uniform-16384.edges  bfs        grust#1                         first  iters    -  total    1.6343 ± 0.0230  per-iter -  build 19.48  minflt 36  steal 0
uniform-16384.edges  bfs        grust#1                         second iters    -  total    1.4601 ± 0.0030  per-iter -  build 19.48  minflt 0  steal 0
uniform-16384.edges  bfs        grust#unset                     first  iters    -  total    1.6678 ± 0.0376  per-iter -  build 18.86  minflt 36  steal 0
uniform-16384.edges  bfs        grust#unset                     second iters    -  total    1.4668 ± 0.0018  per-iter -  build 18.86  minflt 0  steal 0
uniform-16384.edges  bfs        grust-next@counted#1            first  iters    -  total    1.6633 ± 0.0336  per-iter -  build 10.15  minflt 32  steal 0
uniform-16384.edges  bfs        grust-next@counted#1            second iters    -  total    1.4863 ± 0.0155  per-iter -  build 10.15  minflt 0  steal 0
uniform-16384.edges  bfs        grust-next@counted#unset        first  iters    -  total    1.7509 ± 0.0468  per-iter -  build 13.61  minflt 36  steal 0
uniform-16384.edges  bfs        grust-next@counted#unset        second iters    -  total    1.4882 ± 0.0016  per-iter -  build 13.61  minflt 0  steal 0
uniform-16384.edges  bfs        grust-next@counted+eager#1      first  iters    -  total    2.8475 ± 0.0167  per-iter -  build 12.21  minflt 32  steal 0
uniform-16384.edges  bfs        grust-next@counted+eager#1      second iters    -  total    2.7468 ± 0.0137  per-iter -  build 12.21  minflt 0  steal 0
uniform-16384.edges  bfs        grust-next@counted+eager#unset  first  iters    -  total    1.6921 ± 0.0221  per-iter -  build 15.46  minflt 64  steal 0
uniform-16384.edges  bfs        grust-next@counted+eager#unset  second iters    -  total    1.4786 ± 0.0080  per-iter -  build 15.46  minflt 0  steal 0
uniform-16384.edges  bfs        grust-next@unchecked#1          first  iters    -  total    1.0150 ± 0.0153  per-iter -  build 8.33  minflt 32  steal 0
uniform-16384.edges  bfs        grust-next@unchecked#1          second iters    -  total    0.8141 ± 0.0079  per-iter -  build 8.33  minflt 0  steal 0
uniform-16384.edges  bfs        grust-next@unchecked#unset      first  iters    -  total    1.0448 ± 0.0631  per-iter -  build 9.30  minflt 36  steal 0
uniform-16384.edges  bfs        grust-next@unchecked#unset      second iters    -  total    0.7890 ± 0.0073  per-iter -  build 9.30  minflt 0  steal 0
uniform-16384.edges  bfs        grust-next@work-uncounted#1     first  iters    -  total    1.1144 ± 0.0402  per-iter -  build 8.35  minflt 32  steal 0
uniform-16384.edges  bfs        grust-next@work-uncounted#1     second iters    -  total    0.8970 ± 0.0107  per-iter -  build 8.35  minflt 0  steal 0
uniform-16384.edges  bfs        grust-next@work-uncounted#unset first  iters    -  total    1.1692 ± 0.0494  per-iter -  build 9.51  minflt 36  steal 0
uniform-16384.edges  bfs        grust-next@work-uncounted#unset second iters    -  total    0.8841 ± 0.0016  per-iter -  build 9.51  minflt 0  steal 0
uniform-16384.edges  bfs        grustcat                               iters    -  total    0.7930 ± 0.0616  per-iter -  build 88.30  minflt 0  steal 0
uniform-16384.edges  bfs        icebug                                 iters    -  total    2.1229 ± 0.0748  per-iter -  build 9.83  minflt 57  steal 0
uniform-16384.edges  bfs        icecat                                 iters    -  total    0.9116 ± 0.0089  per-iter -  build 7.08  minflt 97  steal 0
uniform-16384.edges  pagerank   grust#1                         first  iters   16  total   11.2655 ± 0.0486  per-iter 0.7041  build 19.81  minflt 384  steal 0
uniform-16384.edges  pagerank   grust#1                         second iters   16  total    9.2301 ± 0.0235  per-iter 0.5769  build 19.81  minflt 0  steal 0
uniform-16384.edges  pagerank   grust#unset                     first  iters   16  total   48.0268 ± 0.0339  per-iter 3.0017  build 20.81  minflt 128  steal 0
uniform-16384.edges  pagerank   grust#unset                     second iters   16  total   48.5310 ± 0.7398  per-iter 3.0332  build 20.81  minflt 32  steal 0
uniform-16384.edges  pagerank   grust-next@counted#1            first  iters   16  total    7.7762 ± 0.0066  per-iter 0.4860  build 11.90  minflt 96  steal 0
uniform-16384.edges  pagerank   grust-next@counted#1            second iters   16  total    7.5415 ± 0.0114  per-iter 0.4713  build 11.90  minflt 0  steal 0
uniform-16384.edges  pagerank   grust-next@counted#unset        first  iters   16  total   21.8439 ± 0.1127  per-iter 1.3652  build 13.28  minflt 128  steal 0
uniform-16384.edges  pagerank   grust-next@counted#unset        second iters   16  total   21.6598 ± 0.1067  per-iter 1.3537  build 13.28  minflt 32  steal 0
uniform-16384.edges  pagerank   grust-next@counted+eager#1      first  iters   16  total    7.7793 ± 0.0166  per-iter 0.4862  build 12.07  minflt 96  steal 0
uniform-16384.edges  pagerank   grust-next@counted+eager#1      second iters   16  total    7.5444 ± 0.0099  per-iter 0.4715  build 12.07  minflt 0  steal 0
uniform-16384.edges  pagerank   grust-next@counted+eager#unset  first  iters   16  total   21.7259 ± 0.0268  per-iter 1.3579  build 14.83  minflt 128  steal 0
uniform-16384.edges  pagerank   grust-next@counted+eager#unset  second iters   16  total   21.5655 ± 0.0284  per-iter 1.3478  build 14.83  minflt 32  steal 0
uniform-16384.edges  pagerank   grust-next@unchecked#1          first  iters   16  total    7.1056 ± 0.0141  per-iter 0.4441  build 9.76  minflt 96  steal 0
uniform-16384.edges  pagerank   grust-next@unchecked#1          second iters   16  total    6.8611 ± 0.0046  per-iter 0.4288  build 9.76  minflt 0  steal 0
uniform-16384.edges  pagerank   grust-next@unchecked#unset      first  iters   16  total   12.7920 ± 0.0023  per-iter 0.7995  build 8.75  minflt 128  steal 0
uniform-16384.edges  pagerank   grust-next@unchecked#unset      second iters   16  total   12.6116 ± 0.0292  per-iter 0.7882  build 8.75  minflt 32  steal 0
uniform-16384.edges  pagerank   grust-next@work-uncounted#1     first  iters   16  total    7.2943 ± 0.0080  per-iter 0.4559  build 9.75  minflt 96  steal 0
uniform-16384.edges  pagerank   grust-next@work-uncounted#1     second iters   16  total    7.0647 ± 0.0092  per-iter 0.4415  build 9.75  minflt 0  steal 0
uniform-16384.edges  pagerank   grust-next@work-uncounted#unset first  iters   16  total   13.2777 ± 0.0348  per-iter 0.8299  build 9.62  minflt 128  steal 0
uniform-16384.edges  pagerank   grust-next@work-uncounted#unset second iters   16  total   13.0830 ± 0.0167  per-iter 0.8177  build 9.62  minflt 32  steal 0
uniform-16384.edges  pagerank   grustcat                               iters   16  total    6.8338 ± 0.0137  per-iter 0.4271  build 87.45  minflt 0  steal 0
uniform-16384.edges  pagerank   icebug                                 iters   12  total    8.1654 ± 0.0140  per-iter 0.6805  build 9.63  minflt 111  steal 0
uniform-16384.edges  pagerank   icecat                                 iters   16  total    8.1156 ± 0.0137  per-iter 0.5072  build 7.19  minflt 129  steal 0
uniform-16384.edges  pagerank   neo4j-graph                            iters   28  total   10.5422 ± 0.0210  per-iter 0.3765  build 8.07  minflt 24  steal 0
uniform-16384.edges  triangles  grust#1                         first  iters    -  total   19.1939 ± 0.1284  per-iter -  build 24.02  minflt 928  steal 1
uniform-16384.edges  triangles  grust#1                         second iters    -  total   17.1856 ± 0.0526  per-iter -  build 24.02  minflt 32  steal 1
uniform-16384.edges  triangles  grust#unset                     first  iters    -  total   19.2351 ± 0.1040  per-iter -  build 25.09  minflt 928  steal 1
uniform-16384.edges  triangles  grust#unset                     second iters    -  total   17.1659 ± 0.0163  per-iter -  build 25.09  minflt 32  steal 1
uniform-16384.edges  triangles  grust-next@counted#1            first  iters    -  total   18.1274 ± 0.0030  per-iter -  build 13.11  minflt 417  steal 1
uniform-16384.edges  triangles  grust-next@counted#1            second iters    -  total   17.8195 ± 0.1289  per-iter -  build 13.11  minflt 512  steal 1
uniform-16384.edges  triangles  grust-next@counted#unset        first  iters    -  total   18.1005 ± 0.1191  per-iter -  build 16.49  minflt 417  steal 1
uniform-16384.edges  triangles  grust-next@counted#unset        second iters    -  total   17.8182 ± 0.0360  per-iter -  build 16.49  minflt 544  steal 1
uniform-16384.edges  triangles  grust-next@counted+eager#1      first  iters    -  total   18.0782 ± 0.0383  per-iter -  build 12.90  minflt 417  steal 1
uniform-16384.edges  triangles  grust-next@counted+eager#1      second iters    -  total   17.7888 ± 0.0072  per-iter -  build 12.90  minflt 512  steal 1
uniform-16384.edges  triangles  grust-next@counted+eager#unset  first  iters    -  total   18.0705 ± 0.0307  per-iter -  build 17.12  minflt 417  steal 1
uniform-16384.edges  triangles  grust-next@counted+eager#unset  second iters    -  total   17.9207 ± 0.2059  per-iter -  build 17.12  minflt 544  steal 1
uniform-16384.edges  triangles  grust-next@unchecked#1          first  iters    -  total   18.2129 ± 0.1328  per-iter -  build 10.86  minflt 417  steal 1
uniform-16384.edges  triangles  grust-next@unchecked#1          second iters    -  total   17.3537 ± 0.0569  per-iter -  build 10.86  minflt 512  steal 1
uniform-16384.edges  triangles  grust-next@unchecked#unset      first  iters    -  total   17.6988 ± 0.0729  per-iter -  build 12.20  minflt 417  steal 1
uniform-16384.edges  triangles  grust-next@unchecked#unset      second iters    -  total   17.4092 ± 0.0910  per-iter -  build 12.20  minflt 544  steal 1
uniform-16384.edges  triangles  grust-next@work-uncounted#1     first  iters    -  total   17.7740 ± 0.0274  per-iter -  build 11.53  minflt 417  steal 1
uniform-16384.edges  triangles  grust-next@work-uncounted#1     second iters    -  total   17.5217 ± 0.0919  per-iter -  build 11.53  minflt 512  steal 1
uniform-16384.edges  triangles  grust-next@work-uncounted#unset first  iters    -  total   17.8179 ± 0.0940  per-iter -  build 12.63  minflt 417  steal 1
uniform-16384.edges  triangles  grust-next@work-uncounted#unset second iters    -  total   17.5065 ± 0.0489  per-iter -  build 12.63  minflt 544  steal 1
uniform-16384.edges  triangles  neo4j-graph                            iters    -  total    9.1063 ± 0.0160  per-iter -  build 8.05  minflt 3  steal 1
uniform-16384.edges  wcc        grust#1                         first  iters    -  total    2.0652 ± 0.0080  per-iter -  build 19.79  minflt 32  steal 0
uniform-16384.edges  wcc        grust#1                         second iters    -  total    2.2856 ± 0.0027  per-iter -  build 19.79  minflt 31  steal 0
uniform-16384.edges  wcc        grust#unset                     first  iters    -  total    4.1746 ± 0.0101  per-iter -  build 19.67  minflt 32  steal 0
uniform-16384.edges  wcc        grust#unset                     second iters    -  total    4.1728 ± 0.0159  per-iter -  build 19.67  minflt 31  steal 0
uniform-16384.edges  wcc        grust-next@counted#1            first  iters    -  total    2.3472 ± 0.0092  per-iter -  build 10.96  minflt 32  steal 0
uniform-16384.edges  wcc        grust-next@counted#1            second iters    -  total    2.3016 ± 0.0046  per-iter -  build 10.96  minflt 16  steal 0
uniform-16384.edges  wcc        grust-next@counted#unset        first  iters    -  total    4.2658 ± 0.0104  per-iter -  build 13.13  minflt 32  steal 0
uniform-16384.edges  wcc        grust-next@counted#unset        second iters    -  total    4.1838 ± 0.0048  per-iter -  build 13.13  minflt 0  steal 0
uniform-16384.edges  wcc        grust-next@counted+eager#1      first  iters    -  total    2.3449 ± 0.0095  per-iter -  build 11.90  minflt 32  steal 0
uniform-16384.edges  wcc        grust-next@counted+eager#1      second iters    -  total    2.3484 ± 0.0051  per-iter -  build 11.90  minflt 32  steal 0
uniform-16384.edges  wcc        grust-next@counted+eager#unset  first  iters    -  total    4.9346 ± 0.0134  per-iter -  build 14.94  minflt 32  steal 0
uniform-16384.edges  wcc        grust-next@counted+eager#unset  second iters    -  total    4.8485 ± 0.0063  per-iter -  build 14.94  minflt 0  steal 0
uniform-16384.edges  wcc        grust-next@unchecked#1          first  iters    -  total    1.8859 ± 0.0003  per-iter -  build 9.09  minflt 32  steal 0
uniform-16384.edges  wcc        grust-next@unchecked#1          second iters    -  total    1.8619 ± 0.0043  per-iter -  build 9.09  minflt 16  steal 0
uniform-16384.edges  wcc        grust-next@unchecked#unset      first  iters    -  total    1.4396 ± 0.0085  per-iter -  build 9.47  minflt 32  steal 0
uniform-16384.edges  wcc        grust-next@unchecked#unset      second iters    -  total    1.3864 ± 0.0221  per-iter -  build 9.47  minflt 0  steal 0
uniform-16384.edges  wcc        grust-next@work-uncounted#1     first  iters    -  total    2.0596 ± 0.0300  per-iter -  build 8.91  minflt 32  steal 0
uniform-16384.edges  wcc        grust-next@work-uncounted#1     second iters    -  total    2.0091 ± 0.0009  per-iter -  build 8.91  minflt 16  steal 0
uniform-16384.edges  wcc        grust-next@work-uncounted#unset first  iters    -  total    1.6925 ± 0.0094  per-iter -  build 9.69  minflt 32  steal 0
uniform-16384.edges  wcc        grust-next@work-uncounted#unset second iters    -  total    1.6366 ± 0.0116  per-iter -  build 9.69  minflt 0  steal 0
uniform-16384.edges  wcc        grustcat                               iters    -  total    0.7663 ± 0.0065  per-iter -  build 90.44  minflt 0  steal 0
uniform-16384.edges  wcc        icebug                                 iters    -  total    3.1534 ± 0.1509  per-iter -  build 9.91  minflt 69  steal 0
uniform-16384.edges  wcc        icecat                                 iters    -  total    1.0921 ± 0.0047  per-iter -  build 6.95  minflt 64  steal 0
uniform-16384.edges  wcc        neo4j-graph                            iters    -  total    1.0387 ± 0.0077  per-iter -  build 7.96  minflt 1  steal 0
uniform-65536.edges  bfs        grust#1                         first  iters    -  total    8.6018 ± 0.1700  per-iter -  build 106.96  minflt 209  steal 0
uniform-65536.edges  bfs        grust#1                         second iters    -  total    6.6326 ± 0.1935  per-iter -  build 106.96  minflt 0  steal 0
uniform-65536.edges  bfs        grust#unset                     first  iters    -  total    9.7211 ± 0.3036  per-iter -  build 107.88  minflt 144  steal 0
uniform-65536.edges  bfs        grust#unset                     second iters    -  total    7.5863 ± 0.4844  per-iter -  build 107.88  minflt 0  steal 0
uniform-65536.edges  bfs        grust-next@counted#1            first  iters    -  total    8.2758 ± 0.5454  per-iter -  build 43.56  minflt 134  steal 0
uniform-65536.edges  bfs        grust-next@counted#1            second iters    -  total    7.1764 ± 0.2654  per-iter -  build 43.56  minflt 0  steal 0
uniform-65536.edges  bfs        grust-next@counted#unset        first  iters    -  total   10.3156 ± 0.1920  per-iter -  build 53.55  minflt 144  steal 0
uniform-65536.edges  bfs        grust-next@counted#unset        second iters    -  total    8.0549 ± 0.4225  per-iter -  build 53.55  minflt 0  steal 0
uniform-65536.edges  bfs        grust-next@counted+eager#1      first  iters    -  total    8.0963 ± 0.4469  per-iter -  build 50.72  minflt 198  steal 0
uniform-65536.edges  bfs        grust-next@counted+eager#1      second iters    -  total    6.3950 ± 0.3672  per-iter -  build 50.72  minflt 0  steal 0
uniform-65536.edges  bfs        grust-next@counted+eager#unset  first  iters    -  total   10.8640 ± 0.2826  per-iter -  build 62.74  minflt 256  steal 0
uniform-65536.edges  bfs        grust-next@counted+eager#unset  second iters    -  total    8.2923 ± 0.5239  per-iter -  build 62.74  minflt 0  steal 0
uniform-65536.edges  bfs        grust-next@unchecked#1          first  iters    -  total    7.5297 ± 0.5093  per-iter -  build 35.97  minflt 134  steal 0
uniform-65536.edges  bfs        grust-next@unchecked#1          second iters    -  total    5.9362 ± 0.0496  per-iter -  build 35.97  minflt 0  steal 0
uniform-65536.edges  bfs        grust-next@unchecked#unset      first  iters    -  total    6.9614 ± 0.6797  per-iter -  build 37.40  minflt 144  steal 0
uniform-65536.edges  bfs        grust-next@unchecked#unset      second iters    -  total    5.4310 ± 0.5490  per-iter -  build 37.40  minflt 0  steal 0
uniform-65536.edges  bfs        grust-next@work-uncounted#1     first  iters    -  total    7.6155 ± 0.0618  per-iter -  build 37.52  minflt 134  steal 0
uniform-65536.edges  bfs        grust-next@work-uncounted#1     second iters    -  total    6.1380 ± 0.2238  per-iter -  build 37.52  minflt 0  steal 0
uniform-65536.edges  bfs        grust-next@work-uncounted#unset first  iters    -  total    7.7120 ± 0.1608  per-iter -  build 38.67  minflt 144  steal 0
uniform-65536.edges  bfs        grust-next@work-uncounted#unset second iters    -  total    5.7744 ± 0.0965  per-iter -  build 38.67  minflt 0  steal 0
uniform-65536.edges  bfs        grustcat                               iters    -  total    5.8918 ± 0.0555  per-iter -  build 465.61  minflt 0  steal 0
uniform-65536.edges  bfs        icebug                                 iters    -  total   15.9176 ± 0.0815  per-iter -  build 63.64  minflt 216  steal 0
uniform-65536.edges  bfs        icecat                                 iters    -  total    4.8952 ± 0.4865  per-iter -  build 20.87  minflt 194  steal 0
uniform-65536.edges  pagerank   grust#1                         first  iters   16  total   60.8156 ± 3.6009  per-iter 3.8010  build 106.46  minflt 1025  steal 0
uniform-65536.edges  pagerank   grust#1                         second iters   16  total   48.7007 ± 3.0114  per-iter 3.0438  build 106.46  minflt 0  steal 0
uniform-65536.edges  pagerank   grust#unset                     first  iters   16  total  194.7102 ± 0.5209  per-iter 12.1694  build 106.26  minflt 512  steal 0
uniform-65536.edges  pagerank   grust#unset                     second iters   16  total  194.2261 ± 0.4981  per-iter 12.1391  build 106.26  minflt 128  steal 0
uniform-65536.edges  pagerank   grust-next@counted#1            first  iters   16  total   32.8570 ± 0.3740  per-iter 2.0536  build 51.82  minflt 384  steal 0
uniform-65536.edges  pagerank   grust-next@counted#1            second iters   16  total   31.8962 ± 0.3485  per-iter 1.9935  build 51.82  minflt 0  steal 0
uniform-65536.edges  pagerank   grust-next@counted#unset        first  iters   16  total   89.7565 ± 0.3485  per-iter 5.6098  build 52.02  minflt 512  steal 0
uniform-65536.edges  pagerank   grust-next@counted#unset        second iters   16  total   88.5234 ± 0.4952  per-iter 5.5327  build 52.02  minflt 128  steal 0
uniform-65536.edges  pagerank   grust-next@counted+eager#1      first  iters   16  total   32.7256 ± 0.0637  per-iter 2.0454  build 50.34  minflt 384  steal 0
uniform-65536.edges  pagerank   grust-next@counted+eager#1      second iters   16  total   32.1216 ± 0.1204  per-iter 2.0076  build 50.34  minflt 0  steal 0
uniform-65536.edges  pagerank   grust-next@counted+eager#unset  first  iters   16  total   89.9733 ± 0.9126  per-iter 5.6233  build 61.03  minflt 512  steal 0
uniform-65536.edges  pagerank   grust-next@counted+eager#unset  second iters   16  total   89.4758 ± 1.0601  per-iter 5.5922  build 61.03  minflt 128  steal 0
uniform-65536.edges  pagerank   grust-next@unchecked#1          first  iters   16  total   30.1159 ± 0.2205  per-iter 1.8822  build 41.36  minflt 384  steal 0
uniform-65536.edges  pagerank   grust-next@unchecked#1          second iters   16  total   29.2396 ± 0.1300  per-iter 1.8275  build 41.36  minflt 0  steal 0
uniform-65536.edges  pagerank   grust-next@unchecked#unset      first  iters   16  total   54.6963 ± 0.5196  per-iter 3.4185  build 38.01  minflt 512  steal 0
uniform-65536.edges  pagerank   grust-next@unchecked#unset      second iters   16  total   53.0489 ± 0.3823  per-iter 3.3156  build 38.01  minflt 128  steal 0
uniform-65536.edges  pagerank   grust-next@work-uncounted#1     first  iters   16  total   31.0579 ± 0.4331  per-iter 1.9411  build 42.56  minflt 384  steal 0
uniform-65536.edges  pagerank   grust-next@work-uncounted#1     second iters   16  total   30.2091 ± 0.5272  per-iter 1.8881  build 42.56  minflt 0  steal 0
uniform-65536.edges  pagerank   grust-next@work-uncounted#unset first  iters   16  total   55.6833 ± 1.2038  per-iter 3.4802  build 39.35  minflt 512  steal 0
uniform-65536.edges  pagerank   grust-next@work-uncounted#unset second iters   16  total   54.0488 ± 0.4539  per-iter 3.3781  build 39.35  minflt 128  steal 0
uniform-65536.edges  pagerank   grustcat                               iters   16  total   30.8842 ± 0.2794  per-iter 1.9303  build 471.34  minflt 0  steal 0
uniform-65536.edges  pagerank   icebug                                 iters   11  total   63.3788 ± 5.2351  per-iter 5.7617  build 59.24  minflt 398  steal 0
uniform-65536.edges  pagerank   icecat                                 iters   16  total   33.5368 ± 0.6127  per-iter 2.0961  build 21.43  minflt 606  steal 0
uniform-65536.edges  pagerank   neo4j-graph                            iters   34  total   45.6569 ± 0.3099  per-iter 1.3428  build 46.73  minflt 71  steal 0
uniform-65536.edges  triangles  grust#1                         first  iters    -  total   87.2493 ± 0.4564  per-iter -  build 132.55  minflt 1668  steal 0
uniform-65536.edges  triangles  grust#1                         second iters    -  total   82.2212 ± 0.9834  per-iter -  build 132.55  minflt 128  steal 0
uniform-65536.edges  triangles  grust#unset                     first  iters    -  total   86.0186 ± 0.5743  per-iter -  build 131.63  minflt 1668  steal 0
uniform-65536.edges  triangles  grust#unset                     second iters    -  total   79.8010 ± 0.2403  per-iter -  build 131.63  minflt 128  steal 0
uniform-65536.edges  triangles  grust-next@counted#1            first  iters    -  total   87.9010 ± 0.2380  per-iter -  build 93.51  minflt 1157  steal 0
uniform-65536.edges  triangles  grust-next@counted#1            second iters    -  total   86.4733 ± 1.2547  per-iter -  build 93.51  minflt 1537  steal 0
uniform-65536.edges  triangles  grust-next@counted#unset        first  iters    -  total   84.6643 ± 0.6781  per-iter -  build 113.11  minflt 1157  steal 0
uniform-65536.edges  triangles  grust-next@counted#unset        second iters    -  total   83.8840 ± 0.6371  per-iter -  build 113.11  minflt 1154  steal 0
uniform-65536.edges  triangles  grust-next@counted+eager#1      first  iters    -  total   83.3830 ± 1.0487  per-iter -  build 75.25  minflt 1157  steal 0
uniform-65536.edges  triangles  grust-next@counted+eager#1      second iters    -  total   82.7020 ± 1.2981  per-iter -  build 75.25  minflt 1537  steal 0
uniform-65536.edges  triangles  grust-next@counted+eager#unset  first  iters    -  total   87.1709 ± 0.1406  per-iter -  build 112.52  minflt 1157  steal 0
uniform-65536.edges  triangles  grust-next@counted+eager#unset  second iters    -  total   83.8548 ± 0.4798  per-iter -  build 112.52  minflt 1154  steal 0
uniform-65536.edges  triangles  grust-next@unchecked#1          first  iters    -  total   81.8115 ± 2.1049  per-iter -  build 79.59  minflt 1157  steal 0
uniform-65536.edges  triangles  grust-next@unchecked#1          second iters    -  total   79.8567 ± 0.6472  per-iter -  build 79.59  minflt 1537  steal 0
uniform-65536.edges  triangles  grust-next@unchecked#unset      first  iters    -  total   82.9827 ± 1.2809  per-iter -  build 89.70  minflt 1157  steal 0
uniform-65536.edges  triangles  grust-next@unchecked#unset      second iters    -  total   81.6266 ± 1.1087  per-iter -  build 89.70  minflt 643  steal 0
uniform-65536.edges  triangles  grust-next@work-uncounted#1     first  iters    -  total   84.5147 ± 0.3940  per-iter -  build 79.51  minflt 1157  steal 0
uniform-65536.edges  triangles  grust-next@work-uncounted#1     second iters    -  total   84.5587 ± 0.9003  per-iter -  build 79.51  minflt 1537  steal 0
uniform-65536.edges  triangles  grust-next@work-uncounted#unset first  iters    -  total   85.1169 ± 0.8368  per-iter -  build 93.47  minflt 1157  steal 0
uniform-65536.edges  triangles  grust-next@work-uncounted#unset second iters    -  total   83.0371 ± 0.7301  per-iter -  build 93.47  minflt 1154  steal 0
uniform-65536.edges  triangles  neo4j-graph                            iters    -  total   43.2170 ± 0.8509  per-iter -  build 47.97  minflt 4  steal 0
uniform-65536.edges  wcc        grust#1                         first  iters    -  total    9.3618 ± 0.0512  per-iter -  build 108.70  minflt 128  steal 0
uniform-65536.edges  wcc        grust#1                         second iters    -  total    9.8292 ± 0.0677  per-iter -  build 108.70  minflt 128  steal 0
uniform-65536.edges  wcc        grust#unset                     first  iters    -  total   17.4448 ± 0.0279  per-iter -  build 108.36  minflt 128  steal 0
uniform-65536.edges  wcc        grust#unset                     second iters    -  total   17.4374 ± 0.0620  per-iter -  build 108.36  minflt 126  steal 0
uniform-65536.edges  wcc        grust-next@counted#1            first  iters    -  total   10.3904 ± 0.0231  per-iter -  build 42.75  minflt 128  steal 0
uniform-65536.edges  wcc        grust-next@counted#1            second iters    -  total   10.2483 ± 0.0949  per-iter -  build 42.75  minflt 64  steal 0
uniform-65536.edges  wcc        grust-next@counted#unset        first  iters    -  total   17.3914 ± 0.0193  per-iter -  build 52.23  minflt 128  steal 0
uniform-65536.edges  wcc        grust-next@counted#unset        second iters    -  total   17.1252 ± 0.0451  per-iter -  build 52.23  minflt 0  steal 0
uniform-65536.edges  wcc        grust-next@counted+eager#1      first  iters    -  total   10.2933 ± 0.0184  per-iter -  build 49.67  minflt 128  steal 0
uniform-65536.edges  wcc        grust-next@counted+eager#1      second iters    -  total   10.2856 ± 0.0685  per-iter -  build 49.67  minflt 128  steal 0
uniform-65536.edges  wcc        grust-next@counted+eager#unset  first  iters    -  total   17.3000 ± 0.0185  per-iter -  build 61.19  minflt 128  steal 0
uniform-65536.edges  wcc        grust-next@counted+eager#unset  second iters    -  total   17.1101 ± 0.0721  per-iter -  build 61.19  minflt 0  steal 0
uniform-65536.edges  wcc        grust-next@unchecked#1          first  iters    -  total    8.5293 ± 0.0381  per-iter -  build 36.56  minflt 128  steal 0
uniform-65536.edges  wcc        grust-next@unchecked#1          second iters    -  total    8.3233 ± 0.0233  per-iter -  build 36.56  minflt 64  steal 0
uniform-65536.edges  wcc        grust-next@unchecked#unset      first  iters    -  total    7.5879 ± 0.1883  per-iter -  build 37.43  minflt 128  steal 0
uniform-65536.edges  wcc        grust-next@unchecked#unset      second iters    -  total    7.3465 ± 0.0296  per-iter -  build 37.43  minflt 0  steal 0
uniform-65536.edges  wcc        grust-next@work-uncounted#1     first  iters    -  total    9.0998 ± 0.0589  per-iter -  build 36.65  minflt 128  steal 0
uniform-65536.edges  wcc        grust-next@work-uncounted#1     second iters    -  total    8.9094 ± 0.0759  per-iter -  build 36.65  minflt 64  steal 0
uniform-65536.edges  wcc        grust-next@work-uncounted#unset first  iters    -  total    8.8108 ± 0.1362  per-iter -  build 38.76  minflt 128  steal 0
uniform-65536.edges  wcc        grust-next@work-uncounted#unset second iters    -  total    8.5579 ± 0.0134  per-iter -  build 38.76  minflt 0  steal 0
uniform-65536.edges  wcc        grustcat                               iters    -  total    3.1078 ± 0.0029  per-iter -  build 467.71  minflt 0  steal 0
uniform-65536.edges  wcc        icebug                                 iters    -  total   25.9829 ± 0.2048  per-iter -  build 60.34  minflt 243  steal 0
uniform-65536.edges  wcc        icecat                                 iters    -  total    4.4546 ± 0.0664  per-iter -  build 20.71  minflt 256  steal 0
uniform-65536.edges  wcc        neo4j-graph                            iters    -  total    3.8137 ± 0.0058  per-iter -  build 44.81  minflt 32  steal 0
one-thread: clean, 260.1s, steal 1 ticks, 0 sightings
steal over the run: 0 ticks
1260 timed samples in 113.9s -> /work/timed/full-width.json
not timed: layered-16384.edges pagerank neo4j-graph: no agreeing parity row at this concurrency
not timed: layered-65536.edges pagerank neo4j-graph: no agreeing parity row at this concurrency
not timed: path-16384.edges pagerank neo4j-graph: no agreeing parity row at this concurrency
not timed: path-65536.edges pagerank neo4j-graph: no agreeing parity row at this concurrency
hub-16384.edges      bfs        grust                     first  iters    -  total    1.5687 ± 0.0265  per-iter -  build 19.15  minflt 36  steal 0
hub-16384.edges      bfs        grust                     second iters    -  total    1.4471 ± 0.0070  per-iter -  build 19.15  minflt 0  steal 0
hub-16384.edges      bfs        grust-next@counted        first  iters    -  total    1.5792 ± 0.0427  per-iter -  build 10.87  minflt 0  steal 0
hub-16384.edges      bfs        grust-next@counted        second iters    -  total    1.4809 ± 0.0078  per-iter -  build 10.87  minflt 0  steal 0
hub-16384.edges      bfs        grust-next@counted+eager  first  iters    -  total    1.5024 ± 0.0029  per-iter -  build 12.33  minflt 0  steal 0
hub-16384.edges      bfs        grust-next@counted+eager  second iters    -  total    1.4634 ± 0.0118  per-iter -  build 12.33  minflt 0  steal 0
hub-16384.edges      bfs        grust-next@unchecked      first  iters    -  total    0.8619 ± 0.0481  per-iter -  build 9.27  minflt 0  steal 0
hub-16384.edges      bfs        grust-next@unchecked      second iters    -  total    0.7332 ± 0.0070  per-iter -  build 9.27  minflt 0  steal 0
hub-16384.edges      bfs        grust-next@work-uncounted first  iters    -  total    1.0047 ± 0.0291  per-iter -  build 9.46  minflt 0  steal 0
hub-16384.edges      bfs        grust-next@work-uncounted second iters    -  total    0.8790 ± 0.0088  per-iter -  build 9.46  minflt 0  steal 0
hub-16384.edges      bfs        grustcat                         iters    -  total    0.6720 ± 0.0102  per-iter -  build 88.68  minflt 0  steal 0
hub-16384.edges      bfs        icebug                           iters    -  total    2.0177 ± 0.1083  per-iter -  build 9.78  minflt 57  steal 0
hub-16384.edges      bfs        icecat                           iters    -  total    0.8608 ± 0.0094  per-iter -  build 6.21  minflt 96  steal 0
hub-16384.edges      pagerank   grust                     first  iters   17  total    6.4617 ± 0.0580  per-iter 0.3801  build 19.61  minflt 485  steal 0
hub-16384.edges      pagerank   grust                     second iters   17  total    3.4204 ± 0.0318  per-iter 0.2012  build 19.61  minflt 0  steal 0
hub-16384.edges      pagerank   grust-next@counted        first  iters   17  total    3.4713 ± 0.0118  per-iter 0.2042  build 12.84  minflt 5  steal 0
hub-16384.edges      pagerank   grust-next@counted        second iters   17  total    3.4357 ± 0.0318  per-iter 0.2021  build 12.84  minflt 0  steal 0
hub-16384.edges      pagerank   grust-next@counted+eager  first  iters   17  total    3.4431 ± 0.0497  per-iter 0.2025  build 12.97  minflt 5  steal 0
hub-16384.edges      pagerank   grust-next@counted+eager  second iters   17  total    3.3948 ± 0.0298  per-iter 0.1997  build 12.97  minflt 0  steal 0
hub-16384.edges      pagerank   grust-next@unchecked      first  iters   17  total    2.9311 ± 0.0280  per-iter 0.1724  build 10.78  minflt 4  steal 0
hub-16384.edges      pagerank   grust-next@unchecked      second iters   17  total    2.8515 ± 0.0740  per-iter 0.1677  build 10.78  minflt 1  steal 0
hub-16384.edges      pagerank   grust-next@work-uncounted first  iters   17  total    2.9083 ± 0.0192  per-iter 0.1711  build 10.71  minflt 5  steal 0
hub-16384.edges      pagerank   grust-next@work-uncounted second iters   17  total    2.8047 ± 0.0367  per-iter 0.1650  build 10.71  minflt 1  steal 0
hub-16384.edges      pagerank   grustcat                         iters   17  total    7.3512 ± 0.0085  per-iter 0.4324  build 88.62  minflt 0  steal 0
hub-16384.edges      pagerank   icebug                           iters   12  total    3.0030 ± 0.0759  per-iter 0.2503  build 10.10  minflt 201  steal 0
hub-16384.edges      pagerank   icecat                           iters   17  total    8.6039 ± 0.0476  per-iter 0.5061  build 6.63  minflt 130  steal 0
hub-16384.edges      pagerank   neo4j-graph                      iters   36  total   13.5728 ± 0.1026  per-iter 0.3770  build 4.61  minflt 34  steal 0
hub-16384.edges      triangles  grust                     first  iters    -  total    8.9387 ± 0.0531  per-iter -  build 23.45  minflt 1029  steal 0
hub-16384.edges      triangles  grust                     second iters    -  total    6.2754 ± 0.0128  per-iter -  build 23.45  minflt 1  steal 0
hub-16384.edges      triangles  grust-next@counted        first  iters    -  total    7.1928 ± 0.0081  per-iter -  build 11.16  minflt 257  steal 0
hub-16384.edges      triangles  grust-next@counted        second iters    -  total    7.2314 ± 0.0533  per-iter -  build 11.16  minflt 512  steal 0
hub-16384.edges      triangles  grust-next@counted+eager  first  iters    -  total    7.1757 ± 0.0496  per-iter -  build 11.74  minflt 257  steal 0
hub-16384.edges      triangles  grust-next@counted+eager  second iters    -  total    7.1987 ± 0.0680  per-iter -  build 11.74  minflt 511  steal 0
hub-16384.edges      triangles  grust-next@unchecked      first  iters    -  total    6.9040 ± 0.0621  per-iter -  build 10.05  minflt 257  steal 0
hub-16384.edges      triangles  grust-next@unchecked      second iters    -  total    6.8747 ± 0.0132  per-iter -  build 10.05  minflt 512  steal 0
hub-16384.edges      triangles  grust-next@work-uncounted first  iters    -  total    7.0320 ± 0.0361  per-iter -  build 9.33  minflt 257  steal 0
hub-16384.edges      triangles  grust-next@work-uncounted second iters    -  total    7.0256 ± 0.0429  per-iter -  build 9.33  minflt 512  steal 0
hub-16384.edges      triangles  neo4j-graph                      iters    -  total    1.2570 ± 0.0157  per-iter -  build 4.70  minflt 53  steal 0
hub-16384.edges      wcc        grust                     first  iters    -  total    1.3101 ± 0.0247  per-iter -  build 19.75  minflt 142  steal 0
hub-16384.edges      wcc        grust                     second iters    -  total    0.5984 ± 0.0319  per-iter -  build 19.75  minflt 36  steal 0
hub-16384.edges      wcc        grust-next@counted        first  iters    -  total    0.4880 ± 0.0281  per-iter -  build 11.63  minflt 3  steal 0
hub-16384.edges      wcc        grust-next@counted        second iters    -  total    0.5016 ± 0.0348  per-iter -  build 11.63  minflt 0  steal 0
hub-16384.edges      wcc        grust-next@counted+eager  first  iters    -  total    0.4853 ± 0.0148  per-iter -  build 13.13  minflt 3  steal 0
hub-16384.edges      wcc        grust-next@counted+eager  second iters    -  total    0.5123 ± 0.0347  per-iter -  build 13.13  minflt 2  steal 0
hub-16384.edges      wcc        grust-next@unchecked      first  iters    -  total    0.4502 ± 0.0469  per-iter -  build 8.89  minflt 4  steal 0
hub-16384.edges      wcc        grust-next@unchecked      second iters    -  total    0.4277 ± 0.0585  per-iter -  build 8.89  minflt 1  steal 0
hub-16384.edges      wcc        grust-next@work-uncounted first  iters    -  total    0.3991 ± 0.0065  per-iter -  build 9.07  minflt 1  steal 0
hub-16384.edges      wcc        grust-next@work-uncounted second iters    -  total    0.4039 ± 0.0153  per-iter -  build 9.07  minflt 2  steal 0
hub-16384.edges      wcc        grustcat                         iters    -  total    0.6108 ± 0.0058  per-iter -  build 92.45  minflt 0  steal 0
hub-16384.edges      wcc        icebug                           iters    -  total    2.7527 ± 0.1378  per-iter -  build 10.10  minflt 69  steal 0
hub-16384.edges      wcc        icecat                           iters    -  total    0.9301 ± 0.0093  per-iter -  build 6.36  minflt 65  steal 0
hub-16384.edges      wcc        neo4j-graph                      iters    -  total    1.1376 ± 0.0149  per-iter -  build 4.63  minflt 1  steal 0
hub-65536.edges      bfs        grust                     first  iters    -  total    4.3012 ± 0.2257  per-iter -  build 105.11  minflt 396  steal 0
hub-65536.edges      bfs        grust                     second iters    -  total    3.2812 ± 0.0272  per-iter -  build 105.11  minflt 201  steal 0
hub-65536.edges      bfs        grust-next@counted        first  iters    -  total    3.3302 ± 0.0347  per-iter -  build 39.49  minflt 118  steal 0
hub-65536.edges      bfs        grust-next@counted        second iters    -  total    3.1057 ± 0.0310  per-iter -  build 39.49  minflt 77  steal 0
hub-65536.edges      bfs        grust-next@counted+eager  first  iters    -  total    3.0883 ± 0.0413  per-iter -  build 46.68  minflt 119  steal 0
hub-65536.edges      bfs        grust-next@counted+eager  second iters    -  total    3.0934 ± 0.0311  per-iter -  build 46.68  minflt 78  steal 0
hub-65536.edges      bfs        grust-next@unchecked      first  iters    -  total    3.2619 ± 0.0667  per-iter -  build 33.17  minflt 131  steal 0
hub-65536.edges      bfs        grust-next@unchecked      second iters    -  total    2.9831 ± 0.0487  per-iter -  build 33.17  minflt 86  steal 0
hub-65536.edges      bfs        grust-next@work-uncounted first  iters    -  total    3.1831 ± 0.0602  per-iter -  build 34.06  minflt 116  steal 0
hub-65536.edges      bfs        grust-next@work-uncounted second iters    -  total    2.9277 ± 0.0264  per-iter -  build 34.06  minflt 93  steal 0
hub-65536.edges      bfs        grustcat                         iters    -  total    5.4839 ± 0.2109  per-iter -  build 468.13  minflt 1  steal 0
hub-65536.edges      bfs        icebug                           iters    -  total   15.8488 ± 0.5030  per-iter -  build 63.49  minflt 216  steal 0
hub-65536.edges      bfs        icecat                           iters    -  total    4.9276 ± 0.1449  per-iter -  build 21.95  minflt 195  steal 0
hub-65536.edges      pagerank   grust                     first  iters   17  total   19.6790 ± 0.3945  per-iter 1.1576  build 111.76  minflt 1133  steal 0
hub-65536.edges      pagerank   grust                     second iters   17  total    8.9016 ± 0.1861  per-iter 0.5236  build 111.76  minflt 5  steal 0
hub-65536.edges      pagerank   grust-next@counted        first  iters   17  total    7.2681 ± 0.1400  per-iter 0.4275  build 45.97  minflt 15  steal 0
hub-65536.edges      pagerank   grust-next@counted        second iters   17  total    7.5765 ± 0.2417  per-iter 0.4457  build 45.97  minflt 2  steal 0
hub-65536.edges      pagerank   grust-next@counted+eager  first  iters   17  total    6.9927 ± 0.0836  per-iter 0.4113  build 47.01  minflt 15  steal 0
hub-65536.edges      pagerank   grust-next@counted+eager  second iters   17  total    6.9745 ± 0.1976  per-iter 0.4103  build 47.01  minflt 6  steal 0
hub-65536.edges      pagerank   grust-next@unchecked      first  iters   17  total    4.8709 ± 0.0962  per-iter 0.2865  build 39.64  minflt 15  steal 0
hub-65536.edges      pagerank   grust-next@unchecked      second iters   17  total    4.8178 ± 0.0777  per-iter 0.2834  build 39.64  minflt 4  steal 0
hub-65536.edges      pagerank   grust-next@work-uncounted first  iters   17  total    5.0155 ± 0.1071  per-iter 0.2950  build 38.74  minflt 14  steal 0
hub-65536.edges      pagerank   grust-next@work-uncounted second iters   17  total    4.8265 ± 0.0360  per-iter 0.2839  build 38.74  minflt 3  steal 0
hub-65536.edges      pagerank   grustcat                         iters   17  total   33.6031 ± 0.4552  per-iter 1.9767  build 473.35  minflt 0  steal 0
hub-65536.edges      pagerank   icebug                           iters   12  total    8.7247 ± 0.0689  per-iter 0.7271  build 66.34  minflt 502  steal 0
hub-65536.edges      pagerank   icecat                           iters   17  total   34.8784 ± 0.0684  per-iter 2.0517  build 22.52  minflt 607  steal 0
hub-65536.edges      pagerank   neo4j-graph                      iters   29  total   15.1783 ± 0.8985  per-iter 0.5234  build 15.33  minflt 96  steal 0
hub-65536.edges      triangles  grust                     first  iters    -  total   31.9924 ± 0.4678  per-iter -  build 128.02  minflt 1768  steal 0
hub-65536.edges      triangles  grust                     second iters    -  total   25.6629 ± 0.0433  per-iter -  build 128.02  minflt 1  steal 0
hub-65536.edges      triangles  grust-next@counted        first  iters    -  total   29.3753 ± 0.1657  per-iter -  build 45.37  minflt 1026  steal 0
hub-65536.edges      triangles  grust-next@counted        second iters    -  total   28.0008 ± 0.5559  per-iter -  build 45.37  minflt 1025  steal 0
hub-65536.edges      triangles  grust-next@counted+eager  first  iters    -  total   29.0196 ± 0.2544  per-iter -  build 43.82  minflt 1026  steal 0
hub-65536.edges      triangles  grust-next@counted+eager  second iters    -  total   27.4826 ± 0.0332  per-iter -  build 43.82  minflt 1024  steal 0
hub-65536.edges      triangles  grust-next@unchecked      first  iters    -  total   28.0312 ± 0.1962  per-iter -  build 36.37  minflt 1026  steal 0
hub-65536.edges      triangles  grust-next@unchecked      second iters    -  total   26.8648 ± 0.0735  per-iter -  build 36.37  minflt 1025  steal 0
hub-65536.edges      triangles  grust-next@work-uncounted first  iters    -  total   28.2122 ± 0.2155  per-iter -  build 39.18  minflt 1026  steal 0
hub-65536.edges      triangles  grust-next@work-uncounted second iters    -  total   27.2256 ± 0.1465  per-iter -  build 39.18  minflt 1025  steal 0
hub-65536.edges      triangles  neo4j-graph                      iters    -  total    3.6478 ± 0.0278  per-iter -  build 15.19  minflt 51  steal 0
hub-65536.edges      wcc        grust                     first  iters    -  total    2.5254 ± 0.0115  per-iter -  build 108.97  minflt 241  steal 0
hub-65536.edges      wcc        grust                     second iters    -  total    1.8130 ± 0.0949  per-iter -  build 108.97  minflt 132  steal 0
hub-65536.edges      wcc        grust-next@counted        first  iters    -  total    1.6204 ± 0.0466  per-iter -  build 40.79  minflt 3  steal 0
hub-65536.edges      wcc        grust-next@counted        second iters    -  total    1.5674 ± 0.0847  per-iter -  build 40.79  minflt 2  steal 0
hub-65536.edges      wcc        grust-next@counted+eager  first  iters    -  total    1.5964 ± 0.0559  per-iter -  build 45.34  minflt 4  steal 0
hub-65536.edges      wcc        grust-next@counted+eager  second iters    -  total    1.5866 ± 0.0247  per-iter -  build 45.34  minflt 1  steal 0
hub-65536.edges      wcc        grust-next@unchecked      first  iters    -  total    1.3105 ± 0.1478  per-iter -  build 32.62  minflt 2  steal 0
hub-65536.edges      wcc        grust-next@unchecked      second iters    -  total    1.4034 ± 0.0853  per-iter -  build 32.62  minflt 2  steal 0
hub-65536.edges      wcc        grust-next@work-uncounted first  iters    -  total    1.3266 ± 0.0248  per-iter -  build 32.72  minflt 4  steal 0
hub-65536.edges      wcc        grust-next@work-uncounted second iters    -  total    1.3193 ± 0.0331  per-iter -  build 32.72  minflt 2  steal 0
hub-65536.edges      wcc        grustcat                         iters    -  total    2.5014 ± 0.0149  per-iter -  build 463.81  minflt 0  steal 0
hub-65536.edges      wcc        icebug                           iters    -  total   21.8675 ± 0.4254  per-iter -  build 67.59  minflt 240  steal 0
hub-65536.edges      wcc        icecat                           iters    -  total    3.4890 ± 0.0589  per-iter -  build 21.53  minflt 102  steal 0
hub-65536.edges      wcc        neo4j-graph                      iters    -  total    3.1212 ± 0.0419  per-iter -  build 15.11  minflt 227  steal 0
layered-16384.edges  bfs        grust                     first  iters    -  total    0.4603 ± 0.0057  per-iter -  build 6.96  minflt 30  steal 0
layered-16384.edges  bfs        grust                     second iters    -  total    0.3862 ± 0.0002  per-iter -  build 6.96  minflt 0  steal 0
layered-16384.edges  bfs        grust-next@counted        first  iters    -  total    0.4601 ± 0.0048  per-iter -  build 6.26  minflt 26  steal 0
layered-16384.edges  bfs        grust-next@counted        second iters    -  total    0.3831 ± 0.0028  per-iter -  build 6.26  minflt 0  steal 0
layered-16384.edges  bfs        grust-next@counted+eager  first  iters    -  total    0.4556 ± 0.0018  per-iter -  build 7.18  minflt 26  steal 0
layered-16384.edges  bfs        grust-next@counted+eager  second iters    -  total    0.3806 ± 0.0002  per-iter -  build 7.18  minflt 0  steal 0
layered-16384.edges  bfs        grust-next@unchecked      first  iters    -  total    0.3366 ± 0.0081  per-iter -  build 5.41  minflt 26  steal 0
layered-16384.edges  bfs        grust-next@unchecked      second iters    -  total    0.2544 ± 0.0016  per-iter -  build 5.41  minflt 0  steal 0
layered-16384.edges  bfs        grust-next@work-uncounted first  iters    -  total    0.3739 ± 0.0023  per-iter -  build 5.41  minflt 26  steal 0
layered-16384.edges  bfs        grust-next@work-uncounted second iters    -  total    0.2921 ± 0.0021  per-iter -  build 5.41  minflt 0  steal 0
layered-16384.edges  bfs        grustcat                         iters    -  total    0.2596 ± 0.0029  per-iter -  build 32.83  minflt 1  steal 0
layered-16384.edges  bfs        icebug                           iters    -  total    0.5318 ± 0.0213  per-iter -  build 2.84  minflt 36  steal 0
layered-16384.edges  bfs        icecat                           iters    -  total    0.3971 ± 0.0098  per-iter -  build 1.76  minflt 66  steal 0
layered-16384.edges  pagerank   grust                     first  iters   84  total   15.6625 ± 0.0518  per-iter 0.1865  build 7.06  minflt 293  steal 0
layered-16384.edges  pagerank   grust                     second iters   84  total   13.8326 ± 0.3228  per-iter 0.1647  build 7.06  minflt 0  steal 0
layered-16384.edges  pagerank   grust-next@counted        first  iters   84  total   14.7518 ± 0.1361  per-iter 0.1756  build 7.25  minflt 105  steal 0
layered-16384.edges  pagerank   grust-next@counted        second iters   84  total   14.4227 ± 0.1671  per-iter 0.1717  build 7.25  minflt 0  steal 0
layered-16384.edges  pagerank   grust-next@counted+eager  first  iters   84  total   14.9072 ± 0.0613  per-iter 0.1775  build 7.18  minflt 103  steal 0
layered-16384.edges  pagerank   grust-next@counted+eager  second iters   84  total   14.6169 ± 0.3524  per-iter 0.1740  build 7.18  minflt 0  steal 0
layered-16384.edges  pagerank   grust-next@unchecked      first  iters   84  total   12.8132 ± 0.2924  per-iter 0.1525  build 6.12  minflt 103  steal 0
layered-16384.edges  pagerank   grust-next@unchecked      second iters   84  total   12.3122 ± 0.0580  per-iter 0.1466  build 6.12  minflt 1  steal 0
layered-16384.edges  pagerank   grust-next@work-uncounted first  iters   84  total   12.7973 ± 0.0170  per-iter 0.1523  build 6.18  minflt 105  steal 0
layered-16384.edges  pagerank   grust-next@work-uncounted second iters   84  total   12.2457 ± 0.0131  per-iter 0.1458  build 6.18  minflt 0  steal 0
layered-16384.edges  pagerank   grustcat                         iters   84  total   26.2701 ± 0.0301  per-iter 0.3127  build 33.16  minflt 0  steal 0
layered-16384.edges  pagerank   icebug                           iters   69  total    8.9203 ± 0.1160  per-iter 0.1293  build 2.83  minflt 200  steal 0
layered-16384.edges  pagerank   icecat                           iters   84  total   27.7258 ± 0.0412  per-iter 0.3301  build 1.77  minflt 128  steal 0
layered-16384.edges  triangles  grust                     first  iters    -  total    3.1382 ± 0.0296  per-iter -  build 7.44  minflt 452  steal 0
layered-16384.edges  triangles  grust                     second iters    -  total    1.7026 ± 0.0082  per-iter -  build 7.44  minflt 1  steal 0
layered-16384.edges  triangles  grust-next@counted        first  iters    -  total    2.4038 ± 0.0147  per-iter -  build 6.86  minflt 351  steal 0
layered-16384.edges  triangles  grust-next@counted        second iters    -  total    2.1693 ± 0.0491  per-iter -  build 6.86  minflt 318  steal 0
layered-16384.edges  triangles  grust-next@counted+eager  first  iters    -  total    2.4725 ± 0.0082  per-iter -  build 6.85  minflt 351  steal 0
layered-16384.edges  triangles  grust-next@counted+eager  second iters    -  total    2.1735 ± 0.0286  per-iter -  build 6.85  minflt 318  steal 0
layered-16384.edges  triangles  grust-next@unchecked      first  iters    -  total    2.2199 ± 0.0130  per-iter -  build 5.92  minflt 350  steal 0
layered-16384.edges  triangles  grust-next@unchecked      second iters    -  total    1.9848 ± 0.0375  per-iter -  build 5.92  minflt 318  steal 0
layered-16384.edges  triangles  grust-next@work-uncounted first  iters    -  total    2.2836 ± 0.0309  per-iter -  build 5.96  minflt 350  steal 0
layered-16384.edges  triangles  grust-next@work-uncounted second iters    -  total    2.0316 ± 0.0329  per-iter -  build 5.96  minflt 318  steal 0
layered-16384.edges  triangles  neo4j-graph                      iters    -  total    0.7409 ± 0.0361  per-iter -  build 2.27  minflt 31  steal 0
layered-16384.edges  wcc        grust                     first  iters    -  total    1.0649 ± 0.0135  per-iter -  build 7.01  minflt 140  steal 0
layered-16384.edges  wcc        grust                     second iters    -  total    0.3402 ± 0.0127  per-iter -  build 7.01  minflt 30  steal 0
layered-16384.edges  wcc        grust-next@counted        first  iters    -  total    0.3766 ± 0.0032  per-iter -  build 6.34  minflt 35  steal 0
layered-16384.edges  wcc        grust-next@counted        second iters    -  total    0.3614 ± 0.0106  per-iter -  build 6.34  minflt 30  steal 0
layered-16384.edges  wcc        grust-next@counted+eager  first  iters    -  total    0.3347 ± 0.0087  per-iter -  build 7.17  minflt 35  steal 0
layered-16384.edges  wcc        grust-next@counted+eager  second iters    -  total    0.3475 ± 0.0043  per-iter -  build 7.17  minflt 28  steal 0
layered-16384.edges  wcc        grust-next@unchecked      first  iters    -  total    0.3235 ± 0.0030  per-iter -  build 5.50  minflt 34  steal 0
layered-16384.edges  wcc        grust-next@unchecked      second iters    -  total    0.3018 ± 0.0072  per-iter -  build 5.50  minflt 28  steal 0
layered-16384.edges  wcc        grust-next@work-uncounted first  iters    -  total    0.3350 ± 0.0107  per-iter -  build 5.39  minflt 36  steal 0
layered-16384.edges  wcc        grust-next@work-uncounted second iters    -  total    0.3172 ± 0.0208  per-iter -  build 5.39  minflt 28  steal 0
layered-16384.edges  wcc        grustcat                         iters    -  total    0.3591 ± 0.0005  per-iter -  build 33.33  minflt 1  steal 0
layered-16384.edges  wcc        icebug                           iters    -  total    1.0039 ± 0.0167  per-iter -  build 2.82  minflt 43  steal 0
layered-16384.edges  wcc        icecat                           iters    -  total    0.4997 ± 0.0007  per-iter -  build 1.74  minflt 64  steal 0
layered-16384.edges  wcc        neo4j-graph                      iters    -  total    1.0476 ± 0.0166  per-iter -  build 2.29  minflt 3  steal 0
layered-65536.edges  bfs        grust                     first  iters    -  total    1.8864 ± 0.0118  per-iter -  build 34.12  minflt 119  steal 0
layered-65536.edges  bfs        grust                     second iters    -  total    1.6018 ± 0.0089  per-iter -  build 34.12  minflt 0  steal 0
layered-65536.edges  bfs        grust-next@counted        first  iters    -  total    1.8789 ± 0.0021  per-iter -  build 22.76  minflt 103  steal 0
layered-65536.edges  bfs        grust-next@counted        second iters    -  total    1.5997 ± 0.0122  per-iter -  build 22.76  minflt 0  steal 0
layered-65536.edges  bfs        grust-next@counted+eager  first  iters    -  total    1.8179 ± 0.0129  per-iter -  build 25.65  minflt 102  steal 0
layered-65536.edges  bfs        grust-next@counted+eager  second iters    -  total    1.5868 ± 0.0023  per-iter -  build 25.65  minflt 0  steal 0
layered-65536.edges  bfs        grust-next@unchecked      first  iters    -  total    1.3466 ± 0.0071  per-iter -  build 19.44  minflt 103  steal 0
layered-65536.edges  bfs        grust-next@unchecked      second iters    -  total    1.0541 ± 0.0156  per-iter -  build 19.44  minflt 0  steal 0
layered-65536.edges  bfs        grust-next@work-uncounted first  iters    -  total    1.5173 ± 0.0039  per-iter -  build 19.11  minflt 103  steal 0
layered-65536.edges  bfs        grust-next@work-uncounted second iters    -  total    1.2138 ± 0.0098  per-iter -  build 19.11  minflt 0  steal 0
layered-65536.edges  bfs        grustcat                         iters    -  total    1.0677 ± 0.0136  per-iter -  build 139.56  minflt 0  steal 0
layered-65536.edges  bfs        icebug                           iters    -  total    2.8316 ± 0.0033  per-iter -  build 11.31  minflt 132  steal 0
layered-65536.edges  bfs        icecat                           iters    -  total    1.7150 ± 0.0107  per-iter -  build 7.37  minflt 257  steal 0
layered-65536.edges  pagerank   grust                     first  iters   75  total   25.8436 ± 0.1068  per-iter 0.3446  build 32.52  minflt 882  steal 0
layered-65536.edges  pagerank   grust                     second iters   75  total   21.5458 ± 0.3284  per-iter 0.2873  build 32.52  minflt 1  steal 0
layered-65536.edges  pagerank   grust-next@counted        first  iters   75  total   21.0598 ± 0.0952  per-iter 0.2808  build 25.08  minflt 406  steal 0
layered-65536.edges  pagerank   grust-next@counted        second iters   75  total   20.4591 ± 0.5557  per-iter 0.2728  build 25.08  minflt 4  steal 0
layered-65536.edges  pagerank   grust-next@counted+eager  first  iters   75  total   20.8624 ± 0.2973  per-iter 0.2782  build 25.74  minflt 405  steal 0
layered-65536.edges  pagerank   grust-next@counted+eager  second iters   75  total   19.9965 ± 0.2249  per-iter 0.2666  build 25.74  minflt 4  steal 0
layered-65536.edges  pagerank   grust-next@unchecked      first  iters   75  total   15.1931 ± 0.3350  per-iter 0.2026  build 21.08  minflt 405  steal 0
layered-65536.edges  pagerank   grust-next@unchecked      second iters   75  total   14.0193 ± 0.0884  per-iter 0.1869  build 21.08  minflt 2  steal 0
layered-65536.edges  pagerank   grust-next@work-uncounted first  iters   75  total   16.0320 ± 0.0096  per-iter 0.2138  build 21.05  minflt 404  steal 0
layered-65536.edges  pagerank   grust-next@work-uncounted second iters   75  total   14.5239 ± 0.2327  per-iter 0.1937  build 21.05  minflt 2  steal 0
layered-65536.edges  pagerank   grustcat                         iters   75  total   94.5104 ± 0.0430  per-iter 1.2601  build 138.26  minflt 0  steal 0
layered-65536.edges  pagerank   icebug                           iters   60  total   14.3587 ± 0.1298  per-iter 0.2393  build 11.51  minflt 489  steal 0
layered-65536.edges  pagerank   icecat                           iters   75  total  102.3978 ± 0.2339  per-iter 1.3653  build 6.79  minflt 608  steal 0
layered-65536.edges  triangles  grust                     first  iters    -  total   10.2211 ± 0.1554  per-iter -  build 34.99  minflt 1503  steal 0
layered-65536.edges  triangles  grust                     second iters    -  total    6.5646 ± 0.0123  per-iter -  build 34.99  minflt 1  steal 0
layered-65536.edges  triangles  grust-next@counted        first  iters    -  total    9.3253 ± 0.0410  per-iter -  build 26.12  minflt 1401  steal 0
layered-65536.edges  triangles  grust-next@counted        second iters    -  total    7.2939 ± 0.0049  per-iter -  build 26.12  minflt 508  steal 0
layered-65536.edges  triangles  grust-next@counted+eager  first  iters    -  total    9.3328 ± 0.0560  per-iter -  build 25.68  minflt 1401  steal 0
layered-65536.edges  triangles  grust-next@counted+eager  second iters    -  total    7.2511 ± 0.0483  per-iter -  build 25.68  minflt 508  steal 0
layered-65536.edges  triangles  grust-next@unchecked      first  iters    -  total    8.4906 ± 0.0382  per-iter -  build 21.37  minflt 1402  steal 0
layered-65536.edges  triangles  grust-next@unchecked      second iters    -  total    6.3571 ± 0.0288  per-iter -  build 21.37  minflt 508  steal 0
layered-65536.edges  triangles  grust-next@work-uncounted first  iters    -  total    8.8239 ± 0.0147  per-iter -  build 21.61  minflt 1402  steal 0
layered-65536.edges  triangles  grust-next@work-uncounted second iters    -  total    6.7662 ± 0.0206  per-iter -  build 21.61  minflt 508  steal 0
layered-65536.edges  triangles  neo4j-graph                      iters    -  total    1.1782 ± 0.0227  per-iter -  build 5.34  minflt 50  steal 0
layered-65536.edges  wcc        grust                     first  iters    -  total    1.5986 ± 0.0243  per-iter -  build 30.98  minflt 241  steal 0
layered-65536.edges  wcc        grust                     second iters    -  total    0.8812 ± 0.0271  per-iter -  build 30.98  minflt 125  steal 0
layered-65536.edges  wcc        grust-next@counted        first  iters    -  total    0.8992 ± 0.0133  per-iter -  build 23.66  minflt 132  steal 0
layered-65536.edges  wcc        grust-next@counted        second iters    -  total    0.8616 ± 0.0134  per-iter -  build 23.66  minflt 123  steal 0
layered-65536.edges  wcc        grust-next@counted+eager  first  iters    -  total    0.8840 ± 0.0118  per-iter -  build 26.69  minflt 133  steal 0
layered-65536.edges  wcc        grust-next@counted+eager  second iters    -  total    0.8578 ± 0.0048  per-iter -  build 26.69  minflt 123  steal 0
layered-65536.edges  wcc        grust-next@unchecked      first  iters    -  total    0.7492 ± 0.0225  per-iter -  build 19.71  minflt 132  steal 0
layered-65536.edges  wcc        grust-next@unchecked      second iters    -  total    0.7213 ± 0.0049  per-iter -  build 19.71  minflt 125  steal 0
layered-65536.edges  wcc        grust-next@work-uncounted first  iters    -  total    0.7932 ± 0.0278  per-iter -  build 20.04  minflt 134  steal 0
layered-65536.edges  wcc        grust-next@work-uncounted second iters    -  total    0.7482 ± 0.0088  per-iter -  build 20.04  minflt 124  steal 0
layered-65536.edges  wcc        grustcat                         iters    -  total    1.4575 ± 0.0063  per-iter -  build 138.81  minflt 0  steal 0
layered-65536.edges  wcc        icebug                           iters    -  total    4.7808 ± 0.0434  per-iter -  build 11.54  minflt 138  steal 0
layered-65536.edges  wcc        icecat                           iters    -  total    2.1064 ± 0.0254  per-iter -  build 6.91  minflt 255  steal 0
layered-65536.edges  wcc        neo4j-graph                      iters    -  total    2.3228 ± 0.1403  per-iter -  build 5.46  minflt 257  steal 0
path-16384.edges     bfs        grust                     first  iters    -  total    0.4413 ± 0.0083  per-iter -  build 5.22  minflt 36  steal 0
path-16384.edges     bfs        grust                     second iters    -  total    0.3398 ± 0.0001  per-iter -  build 5.22  minflt 0  steal 0
path-16384.edges     bfs        grust-next@counted        first  iters    -  total    0.4101 ± 0.0036  per-iter -  build 5.44  minflt 32  steal 0
path-16384.edges     bfs        grust-next@counted        second iters    -  total    0.3263 ± 0.0002  per-iter -  build 5.44  minflt 0  steal 0
path-16384.edges     bfs        grust-next@counted+eager  first  iters    -  total    0.4107 ± 0.0037  per-iter -  build 6.13  minflt 32  steal 0
path-16384.edges     bfs        grust-next@counted+eager  second iters    -  total    0.3269 ± 0.0002  per-iter -  build 6.13  minflt 0  steal 0
path-16384.edges     bfs        grust-next@unchecked      first  iters    -  total    0.2015 ± 0.0030  per-iter -  build 4.74  minflt 32  steal 0
path-16384.edges     bfs        grust-next@unchecked      second iters    -  total    0.1167 ± 0.0005  per-iter -  build 4.74  minflt 0  steal 0
path-16384.edges     bfs        grust-next@work-uncounted first  iters    -  total    0.2376 ± 0.0019  per-iter -  build 4.74  minflt 32  steal 0
path-16384.edges     bfs        grust-next@work-uncounted second iters    -  total    0.1528 ± 0.0005  per-iter -  build 4.74  minflt 0  steal 0
path-16384.edges     bfs        grustcat                         iters    -  total    0.1443 ± 0.0021  per-iter -  build 27.08  minflt 0  steal 0
path-16384.edges     bfs        icebug                           iters    -  total    0.2647 ± 0.0006  per-iter -  build 1.80  minflt 36  steal 0
path-16384.edges     bfs        icecat                           iters    -  total    0.2839 ± 0.0021  per-iter -  build 0.95  minflt 65  steal 0
path-16384.edges     pagerank   grust                     first  iters   58  total   10.6020 ± 0.0782  per-iter 0.1828  build 5.30  minflt 261  steal 0
path-16384.edges     pagerank   grust                     second iters   58  total    8.8578 ± 0.1254  per-iter 0.1527  build 5.30  minflt 0  steal 0
path-16384.edges     pagerank   grust-next@counted        first  iters   58  total    9.9103 ± 0.1904  per-iter 0.1709  build 6.08  minflt 108  steal 0
path-16384.edges     pagerank   grust-next@counted        second iters   58  total    9.6796 ± 0.0545  per-iter 0.1669  build 6.08  minflt 64  steal 0
path-16384.edges     pagerank   grust-next@counted+eager  first  iters   58  total    9.9590 ± 0.1482  per-iter 0.1717  build 6.11  minflt 108  steal 0
path-16384.edges     pagerank   grust-next@counted+eager  second iters   58  total    9.6482 ± 0.0566  per-iter 0.1663  build 6.11  minflt 65  steal 0
path-16384.edges     pagerank   grust-next@unchecked      first  iters   58  total    8.3758 ± 0.0327  per-iter 0.1444  build 5.23  minflt 106  steal 0
path-16384.edges     pagerank   grust-next@unchecked      second iters   58  total    8.1693 ± 0.1155  per-iter 0.1409  build 5.23  minflt 65  steal 0
path-16384.edges     pagerank   grust-next@work-uncounted first  iters   58  total    8.5105 ± 0.1277  per-iter 0.1467  build 5.33  minflt 108  steal 0
path-16384.edges     pagerank   grust-next@work-uncounted second iters   58  total    8.2528 ± 0.0301  per-iter 0.1423  build 5.33  minflt 65  steal 0
path-16384.edges     pagerank   grustcat                         iters   58  total    9.7780 ± 0.0603  per-iter 0.1686  build 27.05  minflt 0  steal 0
path-16384.edges     pagerank   icebug                           iters   54  total    6.9165 ± 0.1503  per-iter 0.1281  build 1.81  minflt 199  steal 0
path-16384.edges     pagerank   icecat                           iters   58  total   11.2190 ± 0.0226  per-iter 0.1934  build 0.94  minflt 128  steal 0
path-16384.edges     triangles  grust                     first  iters    -  total    2.1764 ± 0.0164  per-iter -  build 5.37  minflt 358  steal 0
path-16384.edges     triangles  grust                     second iters    -  total    0.9741 ± 0.0165  per-iter -  build 5.37  minflt 2  steal 0
path-16384.edges     triangles  grust-next@counted        first  iters    -  total    1.5336 ± 0.0050  per-iter -  build 5.62  minflt 257  steal 0
path-16384.edges     triangles  grust-next@counted        second iters    -  total    1.3886 ± 0.0149  per-iter -  build 5.62  minflt 256  steal 0
path-16384.edges     triangles  grust-next@counted+eager  first  iters    -  total    1.5598 ± 0.0253  per-iter -  build 5.57  minflt 257  steal 0
path-16384.edges     triangles  grust-next@counted+eager  second iters    -  total    1.3958 ± 0.0309  per-iter -  build 5.57  minflt 256  steal 0
path-16384.edges     triangles  grust-next@unchecked      first  iters    -  total    1.3153 ± 0.0114  per-iter -  build 4.92  minflt 256  steal 0
path-16384.edges     triangles  grust-next@unchecked      second iters    -  total    1.1652 ± 0.0165  per-iter -  build 4.92  minflt 256  steal 0
path-16384.edges     triangles  grust-next@work-uncounted first  iters    -  total    1.3727 ± 0.0151  per-iter -  build 4.97  minflt 256  steal 0
path-16384.edges     triangles  grust-next@work-uncounted second iters    -  total    1.1984 ± 0.0176  per-iter -  build 4.97  minflt 256  steal 0
path-16384.edges     triangles  neo4j-graph                      iters    -  total    0.5509 ± 0.0081  per-iter -  build 2.11  minflt 21  steal 0
path-16384.edges     wcc        grust                     first  iters    -  total    1.0007 ± 0.0059  per-iter -  build 5.23  minflt 137  steal 0
path-16384.edges     wcc        grust                     second iters    -  total    0.3002 ± 0.0002  per-iter -  build 5.23  minflt 33  steal 0
path-16384.edges     wcc        grust-next@counted        first  iters    -  total    0.3108 ± 0.0078  per-iter -  build 5.43  minflt 35  steal 0
path-16384.edges     wcc        grust-next@counted        second iters    -  total    0.2997 ± 0.0188  per-iter -  build 5.43  minflt 17  steal 0
path-16384.edges     wcc        grust-next@counted+eager  first  iters    -  total    0.3242 ± 0.0167  per-iter -  build 6.20  minflt 35  steal 0
path-16384.edges     wcc        grust-next@counted+eager  second iters    -  total    0.3343 ± 0.0094  per-iter -  build 6.20  minflt 33  steal 0
path-16384.edges     wcc        grust-next@unchecked      first  iters    -  total    0.2704 ± 0.0124  per-iter -  build 4.71  minflt 36  steal 0
path-16384.edges     wcc        grust-next@unchecked      second iters    -  total    0.1582 ± 0.0113  per-iter -  build 4.71  minflt 2  steal 0
path-16384.edges     wcc        grust-next@work-uncounted first  iters    -  total    0.2816 ± 0.0014  per-iter -  build 4.81  minflt 34  steal 0
path-16384.edges     wcc        grust-next@work-uncounted second iters    -  total    0.1538 ± 0.0049  per-iter -  build 4.81  minflt 2  steal 0
path-16384.edges     wcc        grustcat                         iters    -  total    0.1645 ± 0.0030  per-iter -  build 27.41  minflt 0  steal 0
path-16384.edges     wcc        icebug                           iters    -  total    0.3529 ± 0.0020  per-iter -  build 1.80  minflt 42  steal 0
path-16384.edges     wcc        icecat                           iters    -  total    0.2801 ± 0.0013  per-iter -  build 0.94  minflt 64  steal 0
path-16384.edges     wcc        neo4j-graph                      iters    -  total    0.8447 ± 0.0170  per-iter -  build 2.16  minflt 47  steal 0
path-65536.edges     bfs        grust                     first  iters    -  total    1.7036 ± 0.0265  per-iter -  build 24.61  minflt 144  steal 0
path-65536.edges     bfs        grust                     second iters    -  total    1.3744 ± 0.0088  per-iter -  build 24.61  minflt 0  steal 0
path-65536.edges     bfs        grust-next@counted        first  iters    -  total    1.6259 ± 0.0046  per-iter -  build 21.44  minflt 128  steal 0
path-65536.edges     bfs        grust-next@counted        second iters    -  total    1.3238 ± 0.0039  per-iter -  build 21.44  minflt 0  steal 0
path-65536.edges     bfs        grust-next@counted+eager  first  iters    -  total    1.6068 ± 0.0039  per-iter -  build 23.27  minflt 128  steal 0
path-65536.edges     bfs        grust-next@counted+eager  second iters    -  total    1.3127 ± 0.0048  per-iter -  build 23.27  minflt 0  steal 0
path-65536.edges     bfs        grust-next@unchecked      first  iters    -  total    0.7741 ± 0.0027  per-iter -  build 18.49  minflt 128  steal 0
path-65536.edges     bfs        grust-next@unchecked      second iters    -  total    0.4682 ± 0.0019  per-iter -  build 18.49  minflt 0  steal 0
path-65536.edges     bfs        grust-next@work-uncounted first  iters    -  total    0.9051 ± 0.0069  per-iter -  build 18.07  minflt 128  steal 0
path-65536.edges     bfs        grust-next@work-uncounted second iters    -  total    0.6032 ± 0.0005  per-iter -  build 18.07  minflt 0  steal 0
path-65536.edges     bfs        grustcat                         iters    -  total    0.5911 ± 0.0079  per-iter -  build 114.28  minflt 0  steal 0
path-65536.edges     bfs        icebug                           iters    -  total    1.0742 ± 0.0208  per-iter -  build 7.22  minflt 132  steal 0
path-65536.edges     bfs        icecat                           iters    -  total    1.2137 ± 0.0137  per-iter -  build 4.51  minflt 257  steal 0
path-65536.edges     pagerank   grust                     first  iters   50  total   16.7248 ± 0.2402  per-iter 0.3345  build 22.99  minflt 755  steal 0
path-65536.edges     pagerank   grust                     second iters   50  total   12.2390 ± 0.1619  per-iter 0.2448  build 22.99  minflt 2  steal 0
path-65536.edges     pagerank   grust-next@counted        first  iters   50  total   12.7234 ± 0.0466  per-iter 0.2545  build 22.49  minflt 407  steal 0
path-65536.edges     pagerank   grust-next@counted        second iters   50  total   12.2869 ± 0.1353  per-iter 0.2457  build 22.49  minflt 353  steal 0
path-65536.edges     pagerank   grust-next@counted+eager  first  iters   50  total   12.2767 ± 0.0059  per-iter 0.2455  build 22.12  minflt 403  steal 0
path-65536.edges     pagerank   grust-next@counted+eager  second iters   50  total   12.0541 ± 0.0573  per-iter 0.2411  build 22.12  minflt 354  steal 0
path-65536.edges     pagerank   grust-next@unchecked      first  iters   50  total    9.1635 ± 0.1099  per-iter 0.1833  build 18.90  minflt 403  steal 0
path-65536.edges     pagerank   grust-next@unchecked      second iters   50  total    8.4838 ± 0.1573  per-iter 0.1697  build 18.90  minflt 356  steal 0
path-65536.edges     pagerank   grust-next@work-uncounted first  iters   50  total    9.4445 ± 0.2045  per-iter 0.1889  build 19.28  minflt 403  steal 0
path-65536.edges     pagerank   grust-next@work-uncounted second iters   50  total    8.6471 ± 0.0838  per-iter 0.1729  build 19.28  minflt 354  steal 0
path-65536.edges     pagerank   grustcat                         iters   50  total   34.0563 ± 0.0712  per-iter 0.6811  build 115.18  minflt 0  steal 0
path-65536.edges     pagerank   icebug                           iters   46  total   10.8886 ± 0.1883  per-iter 0.2367  build 7.30  minflt 503  steal 0
path-65536.edges     pagerank   icecat                           iters   50  total   39.4591 ± 0.2373  per-iter 0.7892  build 4.61  minflt 606  steal 0
path-65536.edges     triangles  grust                     first  iters    -  total    6.3519 ± 0.0425  per-iter -  build 24.25  minflt 1127  steal 0
path-65536.edges     triangles  grust                     second iters    -  total    3.6301 ± 0.0370  per-iter -  build 24.25  minflt 1  steal 0
path-65536.edges     triangles  grust-next@counted        first  iters    -  total    5.8073 ± 0.0447  per-iter -  build 21.38  minflt 1024  steal 0
path-65536.edges     triangles  grust-next@counted        second iters    -  total    5.5434 ± 0.0816  per-iter -  build 21.38  minflt 1120  steal 0
path-65536.edges     triangles  grust-next@counted+eager  first  iters    -  total    5.8213 ± 0.0271  per-iter -  build 21.08  minflt 1024  steal 0
path-65536.edges     triangles  grust-next@counted+eager  second iters    -  total    5.6241 ± 0.0109  per-iter -  build 21.08  minflt 1120  steal 0
path-65536.edges     triangles  grust-next@unchecked      first  iters    -  total    4.9014 ± 0.0163  per-iter -  build 17.84  minflt 1024  steal 0
path-65536.edges     triangles  grust-next@unchecked      second iters    -  total    4.6117 ± 0.0137  per-iter -  build 17.84  minflt 1120  steal 0
path-65536.edges     triangles  grust-next@work-uncounted first  iters    -  total    5.1422 ± 0.0330  per-iter -  build 18.42  minflt 1024  steal 0
path-65536.edges     triangles  grust-next@work-uncounted second iters    -  total    4.9575 ± 0.0220  per-iter -  build 18.42  minflt 1120  steal 0
path-65536.edges     triangles  neo4j-graph                      iters    -  total    0.8010 ± 0.0302  per-iter -  build 4.94  minflt 29  steal 0
path-65536.edges     wcc        grust                     first  iters    -  total    1.5199 ± 0.0029  per-iter -  build 24.03  minflt 241  steal 0
path-65536.edges     wcc        grust                     second iters    -  total    0.7772 ± 0.0101  per-iter -  build 24.03  minflt 132  steal 0
path-65536.edges     wcc        grust-next@counted        first  iters    -  total    0.8226 ± 0.0089  per-iter -  build 20.58  minflt 132  steal 0
path-65536.edges     wcc        grust-next@counted        second iters    -  total    0.6667 ± 0.0165  per-iter -  build 20.58  minflt 68  steal 0
path-65536.edges     wcc        grust-next@counted+eager  first  iters    -  total    0.8027 ± 0.0165  per-iter -  build 23.27  minflt 132  steal 0
path-65536.edges     wcc        grust-next@counted+eager  second iters    -  total    0.7950 ± 0.0129  per-iter -  build 23.27  minflt 130  steal 0
path-65536.edges     wcc        grust-next@unchecked      first  iters    -  total    0.6336 ± 0.0042  per-iter -  build 17.09  minflt 132  steal 0
path-65536.edges     wcc        grust-next@unchecked      second iters    -  total    0.3802 ± 0.0068  per-iter -  build 17.09  minflt 3  steal 0
path-65536.edges     wcc        grust-next@work-uncounted first  iters    -  total    0.6512 ± 0.0024  per-iter -  build 18.33  minflt 132  steal 0
path-65536.edges     wcc        grust-next@work-uncounted second iters    -  total    0.3805 ± 0.0173  per-iter -  build 18.33  minflt 1  steal 0
path-65536.edges     wcc        grustcat                         iters    -  total    0.6522 ± 0.0067  per-iter -  build 115.75  minflt 0  steal 0
path-65536.edges     wcc        icebug                           iters    -  total    1.3506 ± 0.0204  per-iter -  build 7.32  minflt 137  steal 0
path-65536.edges     wcc        icecat                           iters    -  total    1.1536 ± 0.0134  per-iter -  build 4.55  minflt 256  steal 0
path-65536.edges     wcc        neo4j-graph                      iters    -  total    2.2459 ± 0.0219  per-iter -  build 4.83  minflt 231  steal 0
uniform-16384.edges  bfs        grust                     first  iters    -  total    1.6751 ± 0.0365  per-iter -  build 19.83  minflt 36  steal 0
uniform-16384.edges  bfs        grust                     second iters    -  total    1.4696 ± 0.0038  per-iter -  build 19.83  minflt 0  steal 0
uniform-16384.edges  bfs        grust-next@counted        first  iters    -  total    1.8400 ± 0.0527  per-iter -  build 11.46  minflt 0  steal 0
uniform-16384.edges  bfs        grust-next@counted        second iters    -  total    1.5034 ± 0.0098  per-iter -  build 11.46  minflt 0  steal 0
uniform-16384.edges  bfs        grust-next@counted+eager  first  iters    -  total    1.6016 ± 0.0080  per-iter -  build 13.01  minflt 0  steal 0
uniform-16384.edges  bfs        grust-next@counted+eager  second iters    -  total    1.4881 ± 0.0057  per-iter -  build 13.01  minflt 0  steal 0
uniform-16384.edges  bfs        grust-next@unchecked      first  iters    -  total    1.1119 ± 0.0334  per-iter -  build 8.91  minflt 0  steal 0
uniform-16384.edges  bfs        grust-next@unchecked      second iters    -  total    0.8474 ± 0.0150  per-iter -  build 8.91  minflt 0  steal 0
uniform-16384.edges  bfs        grust-next@work-uncounted first  iters    -  total    1.2677 ± 0.0183  per-iter -  build 9.56  minflt 0  steal 0
uniform-16384.edges  bfs        grust-next@work-uncounted second iters    -  total    0.9120 ± 0.0194  per-iter -  build 9.56  minflt 0  steal 0
uniform-16384.edges  bfs        grustcat                         iters    -  total    0.8743 ± 0.0122  per-iter -  build 88.59  minflt 0  steal 0
uniform-16384.edges  bfs        icebug                           iters    -  total    2.2651 ± 0.0793  per-iter -  build 9.88  minflt 57  steal 0
uniform-16384.edges  bfs        icecat                           iters    -  total    0.9366 ± 0.0129  per-iter -  build 6.79  minflt 97  steal 0
uniform-16384.edges  pagerank   grust                     first  iters   16  total    6.2833 ± 0.1302  per-iter 0.3927  build 19.74  minflt 484  steal 0
uniform-16384.edges  pagerank   grust                     second iters   16  total    3.2986 ± 0.0476  per-iter 0.2062  build 19.74  minflt 1  steal 0
uniform-16384.edges  pagerank   grust-next@counted        first  iters   16  total    3.3646 ± 0.0706  per-iter 0.2103  build 12.98  minflt 4  steal 0
uniform-16384.edges  pagerank   grust-next@counted        second iters   16  total    3.3269 ± 0.1264  per-iter 0.2079  build 12.98  minflt 0  steal 0
uniform-16384.edges  pagerank   grust-next@counted+eager  first  iters   16  total    3.3872 ± 0.0690  per-iter 0.2117  build 13.24  minflt 6  steal 0
uniform-16384.edges  pagerank   grust-next@counted+eager  second iters   16  total    3.0878 ± 0.1227  per-iter 0.1930  build 13.24  minflt 0  steal 0
uniform-16384.edges  pagerank   grust-next@unchecked      first  iters   16  total    2.7821 ± 0.0263  per-iter 0.1739  build 10.96  minflt 3  steal 0
uniform-16384.edges  pagerank   grust-next@unchecked      second iters   16  total    2.6012 ± 0.0024  per-iter 0.1626  build 10.96  minflt 1  steal 0
uniform-16384.edges  pagerank   grust-next@work-uncounted first  iters   16  total    2.7492 ± 0.0306  per-iter 0.1718  build 11.10  minflt 5  steal 0
uniform-16384.edges  pagerank   grust-next@work-uncounted second iters   16  total    2.6600 ± 0.0343  per-iter 0.1662  build 11.10  minflt 1  steal 0
uniform-16384.edges  pagerank   grustcat                         iters   16  total    6.8880 ± 0.0248  per-iter 0.4305  build 87.78  minflt 1  steal 0
uniform-16384.edges  pagerank   icebug                           iters   12  total    2.9791 ± 0.0655  per-iter 0.2483  build 9.64  minflt 201  steal 0
uniform-16384.edges  pagerank   icecat                           iters   16  total    8.0938 ± 0.0046  per-iter 0.5059  build 7.03  minflt 129  steal 0
uniform-16384.edges  pagerank   neo4j-graph                      iters   28  total   10.7220 ± 0.1501  per-iter 0.3829  build 4.24  minflt 40  steal 0
uniform-16384.edges  triangles  grust                     first  iters    -  total    9.1785 ± 0.0959  per-iter -  build 23.28  minflt 1031  steal 0
uniform-16384.edges  triangles  grust                     second iters    -  total    6.4931 ± 0.0244  per-iter -  build 23.28  minflt 1  steal 0
uniform-16384.edges  triangles  grust-next@counted        first  iters    -  total    7.3688 ± 0.0205  per-iter -  build 11.50  minflt 257  steal 0
uniform-16384.edges  triangles  grust-next@counted        second iters    -  total    7.3732 ± 0.0459  per-iter -  build 11.50  minflt 512  steal 0
uniform-16384.edges  triangles  grust-next@counted+eager  first  iters    -  total    7.4108 ± 0.0215  per-iter -  build 11.78  minflt 257  steal 0
uniform-16384.edges  triangles  grust-next@counted+eager  second iters    -  total    7.4844 ± 0.1442  per-iter -  build 11.78  minflt 512  steal 0
uniform-16384.edges  triangles  grust-next@unchecked      first  iters    -  total    7.0629 ± 0.0137  per-iter -  build 9.84  minflt 257  steal 0
uniform-16384.edges  triangles  grust-next@unchecked      second iters    -  total    7.1179 ± 0.0490  per-iter -  build 9.84  minflt 512  steal 0
uniform-16384.edges  triangles  grust-next@work-uncounted first  iters    -  total    7.1915 ± 0.0517  per-iter -  build 9.99  minflt 257  steal 0
uniform-16384.edges  triangles  grust-next@work-uncounted second iters    -  total    7.2488 ± 0.0187  per-iter -  build 9.99  minflt 512  steal 0
uniform-16384.edges  triangles  neo4j-graph                      iters    -  total    1.3648 ± 0.0336  per-iter -  build 4.28  minflt 52  steal 0
uniform-16384.edges  wcc        grust                     first  iters    -  total    1.5060 ± 0.0417  per-iter -  build 20.51  minflt 140  steal 0
uniform-16384.edges  wcc        grust                     second iters    -  total    0.6767 ± 0.0095  per-iter -  build 20.51  minflt 35  steal 0
uniform-16384.edges  wcc        grust-next@counted        first  iters    -  total    0.6008 ± 0.0139  per-iter -  build 10.94  minflt 4  steal 0
uniform-16384.edges  wcc        grust-next@counted        second iters    -  total    0.5947 ± 0.0135  per-iter -  build 10.94  minflt 1  steal 0
uniform-16384.edges  wcc        grust-next@counted+eager  first  iters    -  total    0.5668 ± 0.0058  per-iter -  build 13.16  minflt 4  steal 0
uniform-16384.edges  wcc        grust-next@counted+eager  second iters    -  total    0.5694 ± 0.0159  per-iter -  build 13.16  minflt 1  steal 0
uniform-16384.edges  wcc        grust-next@unchecked      first  iters    -  total    0.5622 ± 0.0106  per-iter -  build 9.57  minflt 3  steal 0
uniform-16384.edges  wcc        grust-next@unchecked      second iters    -  total    0.5276 ± 0.0522  per-iter -  build 9.57  minflt 1  steal 0
uniform-16384.edges  wcc        grust-next@work-uncounted first  iters    -  total    0.5380 ± 0.0405  per-iter -  build 9.55  minflt 3  steal 0
uniform-16384.edges  wcc        grust-next@work-uncounted second iters    -  total    0.4762 ± 0.0050  per-iter -  build 9.55  minflt 1  steal 0
uniform-16384.edges  wcc        grustcat                         iters    -  total    0.7566 ± 0.0048  per-iter -  build 90.41  minflt 0  steal 0
uniform-16384.edges  wcc        icebug                           iters    -  total    3.0572 ± 0.0195  per-iter -  build 9.93  minflt 69  steal 0
uniform-16384.edges  wcc        icecat                           iters    -  total    1.0944 ± 0.0121  per-iter -  build 6.91  minflt 64  steal 0
uniform-16384.edges  wcc        neo4j-graph                      iters    -  total    1.1303 ± 0.0098  per-iter -  build 4.34  minflt 0  steal 0
uniform-65536.edges  bfs        grust                     first  iters    -  total    4.4320 ± 0.1314  per-iter -  build 107.86  minflt 315  steal 0
uniform-65536.edges  bfs        grust                     second iters    -  total    3.3304 ± 0.0719  per-iter -  build 107.86  minflt 153  steal 0
uniform-65536.edges  bfs        grust-next@counted        first  iters    -  total    3.4156 ± 0.0419  per-iter -  build 39.28  minflt 116  steal 0
uniform-65536.edges  bfs        grust-next@counted        second iters    -  total    3.1180 ± 0.0073  per-iter -  build 39.28  minflt 73  steal 0
uniform-65536.edges  bfs        grust-next@counted+eager  first  iters    -  total    3.0872 ± 0.0197  per-iter -  build 44.75  minflt 129  steal 0
uniform-65536.edges  bfs        grust-next@counted+eager  second iters    -  total    3.1544 ± 0.0489  per-iter -  build 44.75  minflt 79  steal 0
uniform-65536.edges  bfs        grust-next@unchecked      first  iters    -  total    3.4160 ± 0.0452  per-iter -  build 32.45  minflt 114  steal 0
uniform-65536.edges  bfs        grust-next@unchecked      second iters    -  total    3.0956 ± 0.0252  per-iter -  build 32.45  minflt 77  steal 0
uniform-65536.edges  bfs        grust-next@work-uncounted first  iters    -  total    3.3258 ± 0.0633  per-iter -  build 32.86  minflt 123  steal 0
uniform-65536.edges  bfs        grust-next@work-uncounted second iters    -  total    2.9081 ± 0.0180  per-iter -  build 32.86  minflt 72  steal 0
uniform-65536.edges  bfs        grustcat                         iters    -  total    5.9959 ± 0.1805  per-iter -  build 475.84  minflt 0  steal 0
uniform-65536.edges  bfs        icebug                           iters    -  total   15.5805 ± 0.4605  per-iter -  build 63.02  minflt 216  steal 0
uniform-65536.edges  bfs        icecat                           iters    -  total    5.6566 ± 0.0844  per-iter -  build 20.94  minflt 386  steal 0
uniform-65536.edges  pagerank   grust                     first  iters   16  total   18.8376 ± 0.1671  per-iter 1.1773  build 106.46  minflt 1132  steal 0
uniform-65536.edges  pagerank   grust                     second iters   16  total    8.4021 ± 0.0754  per-iter 0.5251  build 106.46  minflt 4  steal 0
uniform-65536.edges  pagerank   grust-next@counted        first  iters   16  total    7.0159 ± 0.0880  per-iter 0.4385  build 44.90  minflt 17  steal 0
uniform-65536.edges  pagerank   grust-next@counted        second iters   16  total    6.7718 ± 0.1375  per-iter 0.4232  build 44.90  minflt 4  steal 0
uniform-65536.edges  pagerank   grust-next@counted+eager  first  iters   16  total    6.8706 ± 0.2278  per-iter 0.4294  build 46.25  minflt 15  steal 0
uniform-65536.edges  pagerank   grust-next@counted+eager  second iters   16  total    6.7184 ± 0.2845  per-iter 0.4199  build 46.25  minflt 4  steal 0
uniform-65536.edges  pagerank   grust-next@unchecked      first  iters   16  total    4.5226 ± 0.1042  per-iter 0.2827  build 38.38  minflt 13  steal 0
uniform-65536.edges  pagerank   grust-next@unchecked      second iters   16  total    4.4426 ± 0.1382  per-iter 0.2777  build 38.38  minflt 3  steal 0
uniform-65536.edges  pagerank   grust-next@work-uncounted first  iters   16  total    4.5848 ± 0.0247  per-iter 0.2866  build 37.53  minflt 12  steal 0
uniform-65536.edges  pagerank   grust-next@work-uncounted second iters   16  total    4.5674 ± 0.0488  per-iter 0.2855  build 37.53  minflt 4  steal 0
uniform-65536.edges  pagerank   grustcat                         iters   16  total   31.8910 ± 0.8211  per-iter 1.9932  build 475.67  minflt 0  steal 0
uniform-65536.edges  pagerank   icebug                           iters   11  total    8.5654 ± 0.4379  per-iter 0.7787  build 64.11  minflt 489  steal 0
uniform-65536.edges  pagerank   icecat                           iters   16  total   33.5926 ± 0.1318  per-iter 2.0995  build 21.49  minflt 607  steal 0
uniform-65536.edges  pagerank   neo4j-graph                      iters   34  total   16.4167 ± 0.1202  per-iter 0.4828  build 14.46  minflt 95  steal 0
uniform-65536.edges  triangles  grust                     first  iters    -  total   33.0792 ± 0.2126  per-iter -  build 131.22  minflt 1770  steal 0
uniform-65536.edges  triangles  grust                     second iters    -  total   26.5624 ± 0.0683  per-iter -  build 131.22  minflt 1  steal 0
uniform-65536.edges  triangles  grust-next@counted        first  iters    -  total   28.9209 ± 0.1242  per-iter -  build 44.66  minflt 517  steal 0
uniform-65536.edges  triangles  grust-next@counted        second iters    -  total   28.6596 ± 0.4861  per-iter -  build 44.66  minflt 1026  steal 0
uniform-65536.edges  triangles  grust-next@counted+eager  first  iters    -  total   29.1876 ± 0.1185  per-iter -  build 44.24  minflt 517  steal 0
uniform-65536.edges  triangles  grust-next@counted+eager  second iters    -  total   28.5392 ± 0.0153  per-iter -  build 44.24  minflt 1026  steal 0
uniform-65536.edges  triangles  grust-next@unchecked      first  iters    -  total   28.2758 ± 0.0583  per-iter -  build 37.32  minflt 517  steal 0
uniform-65536.edges  triangles  grust-next@unchecked      second iters    -  total   27.9523 ± 0.1651  per-iter -  build 37.32  minflt 1026  steal 0
uniform-65536.edges  triangles  grust-next@work-uncounted first  iters    -  total   28.1255 ± 0.2412  per-iter -  build 37.28  minflt 517  steal 0
uniform-65536.edges  triangles  grust-next@work-uncounted second iters    -  total   27.9237 ± 0.4772  per-iter -  build 37.28  minflt 1026  steal 0
uniform-65536.edges  triangles  neo4j-graph                      iters    -  total    4.0600 ± 0.1175  per-iter -  build 14.56  minflt 52  steal 0
uniform-65536.edges  wcc        grust                     first  iters    -  total    2.6787 ± 0.0594  per-iter -  build 102.94  minflt 241  steal 0
uniform-65536.edges  wcc        grust                     second iters    -  total    2.0051 ± 0.1045  per-iter -  build 102.94  minflt 131  steal 0
uniform-65536.edges  wcc        grust-next@counted        first  iters    -  total    1.9089 ± 0.1088  per-iter -  build 39.47  minflt 6  steal 0
uniform-65536.edges  wcc        grust-next@counted        second iters    -  total    1.8413 ± 0.1639  per-iter -  build 39.47  minflt 1  steal 0
uniform-65536.edges  wcc        grust-next@counted+eager  first  iters    -  total    1.7341 ± 0.0102  per-iter -  build 45.70  minflt 3  steal 0
uniform-65536.edges  wcc        grust-next@counted+eager  second iters    -  total    1.7893 ± 0.0723  per-iter -  build 45.70  minflt 1  steal 0
uniform-65536.edges  wcc        grust-next@unchecked      first  iters    -  total    1.7217 ± 0.0547  per-iter -  build 33.07  minflt 4  steal 0
uniform-65536.edges  wcc        grust-next@unchecked      second iters    -  total    2.0041 ± 0.2202  per-iter -  build 33.07  minflt 1  steal 0
uniform-65536.edges  wcc        grust-next@work-uncounted first  iters    -  total    1.5444 ± 0.1065  per-iter -  build 32.15  minflt 5  steal 0
uniform-65536.edges  wcc        grust-next@work-uncounted second iters    -  total    1.7256 ± 0.0213  per-iter -  build 32.15  minflt 2  steal 0
uniform-65536.edges  wcc        grustcat                         iters    -  total    3.1142 ± 0.0364  per-iter -  build 475.83  minflt 0  steal 0
uniform-65536.edges  wcc        icebug                           iters    -  total   23.6043 ± 1.1493  per-iter -  build 53.74  minflt 244  steal 0
uniform-65536.edges  wcc        icecat                           iters    -  total    4.1475 ± 0.1798  per-iter -  build 20.94  minflt 105  steal 0
uniform-65536.edges  wcc        neo4j-graph                      iters    -  total    3.6096 ± 0.1656  per-iter -  build 14.30  minflt 224  steal 0
full-width: clean, 116.7s, steal 0 ticks, 0 sightings
steal over the run: 1 ticks
1100 timed samples in 153.5s -> /work/timed/pinned-one-thread.json
not timed: layered-16384.edges pagerank neo4j-graph: no agreeing parity row at this concurrency
not timed: layered-65536.edges pagerank neo4j-graph: no agreeing parity row at this concurrency
not timed: path-16384.edges pagerank neo4j-graph: no agreeing parity row at this concurrency
not timed: path-65536.edges pagerank neo4j-graph: no agreeing parity row at this concurrency
hub-16384.edges      bfs        grust#1                  first  iters    -  total    1.6573 ± 0.0149  per-iter -  build 20.90  minflt 69  steal 0
hub-16384.edges      bfs        grust#1                  second iters    -  total    1.8117 ± 0.0098  per-iter -  build 20.90  minflt 33  steal 0
hub-16384.edges      bfs        grust#unset              first  iters    -  total    1.6583 ± 0.0112  per-iter -  build 20.52  minflt 69  steal 0
hub-16384.edges      bfs        grust#unset              second iters    -  total    1.5272 ± 0.0070  per-iter -  build 20.52  minflt 33  steal 0
hub-16384.edges      bfs        grust-next@counted#1     first  iters    -  total    1.6368 ± 0.0109  per-iter -  build 10.91  minflt 33  steal 0
hub-16384.edges      bfs        grust-next@counted#1     second iters    -  total    1.5540 ± 0.0086  per-iter -  build 10.91  minflt 33  steal 0
hub-16384.edges      bfs        grust-next@counted#unset first  iters    -  total    1.7050 ± 0.0162  per-iter -  build 13.04  minflt 69  steal 0
hub-16384.edges      bfs        grust-next@counted#unset second iters    -  total    1.5624 ± 0.0188  per-iter -  build 13.04  minflt 33  steal 0
hub-16384.edges      bfs        grustcat                        iters    -  total    0.7962 ± 0.0197  per-iter -  build 92.41  minflt 34  steal 0
hub-16384.edges      bfs        icebug                          iters    -  total    2.2387 ± 0.0476  per-iter -  build 10.40  minflt 57  steal 0
hub-16384.edges      bfs        icecat                          iters    -  total    0.9276 ± 0.0156  per-iter -  build 6.75  minflt 100  steal 0
hub-16384.edges      pagerank   grust#1                  first  iters   17  total   11.7277 ± 0.0351  per-iter 0.6899  build 19.56  minflt 421  steal 0
hub-16384.edges      pagerank   grust#1                  second iters   17  total    9.8500 ± 0.0204  per-iter 0.5794  build 19.56  minflt 99  steal 0
hub-16384.edges      pagerank   grust#unset              first  iters   17  total   50.9252 ± 0.0986  per-iter 2.9956  build 20.12  minflt 165  steal 0
hub-16384.edges      pagerank   grust#unset              second iters   17  total   50.7288 ± 0.0393  per-iter 2.9840  build 20.12  minflt 165  steal 0
hub-16384.edges      pagerank   grust-next@counted#1     first  iters   17  total    8.2643 ± 0.0089  per-iter 0.4861  build 12.38  minflt 99  steal 0
hub-16384.edges      pagerank   grust-next@counted#1     second iters   17  total    8.1668 ± 0.0143  per-iter 0.4804  build 12.38  minflt 99  steal 0
hub-16384.edges      pagerank   grust-next@counted#unset first  iters   17  total   23.5946 ± 0.0101  per-iter 1.3879  build 12.93  minflt 165  steal 0
hub-16384.edges      pagerank   grust-next@counted#unset second iters   17  total   23.5303 ± 0.0689  per-iter 1.3841  build 12.93  minflt 165  steal 0
hub-16384.edges      pagerank   grustcat                        iters   17  total    7.5380 ± 0.0075  per-iter 0.4434  build 92.88  minflt 99  steal 0
hub-16384.edges      pagerank   icebug                          iters   12  total    7.8628 ± 0.1032  per-iter 0.6552  build 9.84  minflt 107  steal 0
hub-16384.edges      pagerank   icecat                          iters   17  total    8.7285 ± 0.0172  per-iter 0.5134  build 6.62  minflt 230  steal 0
hub-16384.edges      pagerank   neo4j-graph                     iters   36  total   13.2870 ± 0.1160  per-iter 0.3691  build 8.03  minflt 24  steal 0
hub-16384.edges      triangles  grust#1                  first  iters    -  total   17.3179 ± 0.0318  per-iter -  build 24.12  minflt 456  steal 0
hub-16384.edges      triangles  grust#1                  second iters    -  total   17.1327 ± 0.0879  per-iter -  build 24.12  minflt 455  steal 0
hub-16384.edges      triangles  grust#unset              first  iters    -  total   17.2471 ± 0.0399  per-iter -  build 23.57  minflt 455  steal 0
hub-16384.edges      triangles  grust#unset              second iters    -  total   17.2019 ± 0.1425  per-iter -  build 23.57  minflt 455  steal 0
hub-16384.edges      triangles  grust-next@counted#1     first  iters    -  total   16.8955 ± 0.0885  per-iter -  build 13.56  minflt 422  steal 0
hub-16384.edges      triangles  grust-next@counted#1     second iters    -  total   16.5927 ± 0.1292  per-iter -  build 13.56  minflt 422  steal 0
hub-16384.edges      triangles  grust-next@counted#unset first  iters    -  total   17.0165 ± 0.0848  per-iter -  build 17.81  minflt 455  steal 0
hub-16384.edges      triangles  grust-next@counted#unset second iters    -  total   16.8017 ± 0.1879  per-iter -  build 17.81  minflt 455  steal 0
hub-16384.edges      triangles  neo4j-graph                     iters    -  total    7.7286 ± 0.0056  per-iter -  build 8.35  minflt 3  steal 0
hub-16384.edges      wcc        grust#1                  first  iters    -  total    1.6419 ± 0.0225  per-iter -  build 19.85  minflt 66  steal 0
hub-16384.edges      wcc        grust#1                  second iters    -  total    1.6163 ± 0.0031  per-iter -  build 19.85  minflt 66  steal 0
hub-16384.edges      wcc        grust#unset              first  iters    -  total    4.2630 ± 0.0022  per-iter -  build 19.10  minflt 66  steal 0
hub-16384.edges      wcc        grust#unset              second iters    -  total    4.2316 ± 0.0064  per-iter -  build 19.10  minflt 66  steal 0
hub-16384.edges      wcc        grust-next@counted#1     first  iters    -  total    1.5081 ± 0.0047  per-iter -  build 10.40  minflt 33  steal 0
hub-16384.edges      wcc        grust-next@counted#1     second iters    -  total    1.5626 ± 0.0080  per-iter -  build 10.40  minflt 66  steal 0
hub-16384.edges      wcc        grust-next@counted#unset first  iters    -  total    4.2003 ± 0.0081  per-iter -  build 13.22  minflt 66  steal 0
hub-16384.edges      wcc        grust-next@counted#unset second iters    -  total    4.1841 ± 0.0174  per-iter -  build 13.22  minflt 66  steal 0
hub-16384.edges      wcc        grustcat                        iters    -  total    0.6135 ± 0.0021  per-iter -  build 92.89  minflt 0  steal 0
hub-16384.edges      wcc        icebug                          iters    -  total    2.5851 ± 0.1938  per-iter -  build 9.85  minflt 68  steal 0
hub-16384.edges      wcc        icecat                          iters    -  total    0.9347 ± 0.0121  per-iter -  build 6.54  minflt 66  steal 0
hub-16384.edges      wcc        neo4j-graph                     iters    -  total    1.2259 ± 0.0088  per-iter -  build 8.10  minflt 99  steal 0
hub-65536.edges      bfs        grust#1                  first  iters    -  total    8.4143 ± 0.1459  per-iter -  build 107.88  minflt 420  steal 1
hub-65536.edges      bfs        grust#1                  second iters    -  total    6.8078 ± 0.0250  per-iter -  build 107.88  minflt 372  steal 1
hub-65536.edges      bfs        grust#unset              first  iters    -  total    9.9428 ± 0.3591  per-iter -  build 111.36  minflt 274  steal 1
hub-65536.edges      bfs        grust#unset              second iters    -  total    8.7158 ± 0.3400  per-iter -  build 111.36  minflt 274  steal 1
hub-65536.edges      bfs        grust-next@counted#1     first  iters    -  total    8.0810 ± 0.4284  per-iter -  build 43.49  minflt 435  steal 1
hub-65536.edges      bfs        grust-next@counted#1     second iters    -  total    7.1274 ± 0.3701  per-iter -  build 43.49  minflt 372  steal 1
hub-65536.edges      bfs        grust-next@counted#unset first  iters    -  total   10.0017 ± 0.8550  per-iter -  build 53.62  minflt 258  steal 1
hub-65536.edges      bfs        grust-next@counted#unset second iters    -  total    8.2783 ± 0.5242  per-iter -  build 53.62  minflt 274  steal 1
hub-65536.edges      bfs        grustcat                        iters    -  total    5.8011 ± 0.0679  per-iter -  build 486.72  minflt 129  steal 1
hub-65536.edges      bfs        icebug                          iters    -  total   14.8986 ± 0.3355  per-iter -  build 63.27  minflt 216  steal 1
hub-65536.edges      bfs        icecat                          iters    -  total    4.8636 ± 0.0188  per-iter -  build 21.75  minflt 388  steal 1
hub-65536.edges      pagerank   grust#1                  first  iters   17  total   61.0982 ± 1.3675  per-iter 3.5940  build 108.88  minflt 647  steal 0
hub-65536.edges      pagerank   grust#1                  second iters   17  total   50.7033 ± 1.4023  per-iter 2.9825  build 108.88  minflt 387  steal 0
hub-65536.edges      pagerank   grust#unset              first  iters   17  total  205.5839 ± 0.1015  per-iter 12.0932  build 100.63  minflt 645  steal 0
hub-65536.edges      pagerank   grust#unset              second iters   17  total  205.4846 ± 0.5484  per-iter 12.0873  build 100.63  minflt 645  steal 0
hub-65536.edges      pagerank   grust-next@counted#1     first  iters   17  total   35.0645 ± 0.2930  per-iter 2.0626  build 49.41  minflt 516  steal 0
hub-65536.edges      pagerank   grust-next@counted#1     second iters   17  total   34.9006 ± 0.9418  per-iter 2.0530  build 49.41  minflt 516  steal 0
hub-65536.edges      pagerank   grust-next@counted#unset first  iters   17  total   96.0561 ± 0.1071  per-iter 5.6504  build 53.74  minflt 645  steal 0
hub-65536.edges      pagerank   grust-next@counted#unset second iters   17  total   95.9383 ± 0.2066  per-iter 5.6434  build 53.74  minflt 645  steal 0
hub-65536.edges      pagerank   grustcat                        iters   17  total   33.1619 ± 0.9395  per-iter 1.9507  build 479.03  minflt 388  steal 0
hub-65536.edges      pagerank   icebug                          iters   12  total   71.5669 ± 2.8062  per-iter 5.9639  build 60.45  minflt 400  steal 0
hub-65536.edges      pagerank   icecat                          iters   17  total   35.3756 ± 0.2776  per-iter 2.0809  build 21.78  minflt 902  steal 0
hub-65536.edges      pagerank   neo4j-graph                     iters   28  total   36.9601 ± 0.3227  per-iter 1.3200  build 41.88  minflt 138  steal 0
hub-65536.edges      triangles  grust#1                  first  iters    -  total   79.4419 ± 0.6420  per-iter -  build 134.94  minflt 1290  steal 0
hub-65536.edges      triangles  grust#1                  second iters    -  total   78.9861 ± 1.6367  per-iter -  build 134.94  minflt 1290  steal 0
hub-65536.edges      triangles  grust#unset              first  iters    -  total   79.7317 ± 0.7155  per-iter -  build 137.10  minflt 1290  steal 0
hub-65536.edges      triangles  grust#unset              second iters    -  total   79.7359 ± 1.8776  per-iter -  build 137.10  minflt 1290  steal 0
hub-65536.edges      triangles  grust-next@counted#1     first  iters    -  total   80.0113 ± 0.8539  per-iter -  build 60.56  minflt 1290  steal 0
hub-65536.edges      triangles  grust-next@counted#1     second iters    -  total   80.0471 ± 0.4025  per-iter -  build 60.56  minflt 1290  steal 0
hub-65536.edges      triangles  grust-next@counted#unset first  iters    -  total   76.9020 ± 1.8229  per-iter -  build 88.97  minflt 1290  steal 0
hub-65536.edges      triangles  grust-next@counted#unset second iters    -  total   76.7782 ± 0.9022  per-iter -  build 88.97  minflt 1290  steal 0
hub-65536.edges      triangles  neo4j-graph                     iters    -  total   38.0011 ± 1.1166  per-iter -  build 41.17  minflt 4  steal 0
hub-65536.edges      wcc        grust#1                  first  iters    -  total    7.2564 ± 0.0042  per-iter -  build 103.31  minflt 258  steal 0
hub-65536.edges      wcc        grust#1                  second iters    -  total    7.1634 ± 0.0224  per-iter -  build 103.31  minflt 258  steal 0
hub-65536.edges      wcc        grust#unset              first  iters    -  total   17.4398 ± 0.0387  per-iter -  build 104.73  minflt 258  steal 0
hub-65536.edges      wcc        grust#unset              second iters    -  total   17.2321 ± 0.0232  per-iter -  build 104.73  minflt 258  steal 0
hub-65536.edges      wcc        grust-next@counted#1     first  iters    -  total    7.2007 ± 0.0066  per-iter -  build 41.70  minflt 258  steal 0
hub-65536.edges      wcc        grust-next@counted#1     second iters    -  total    7.0792 ± 0.0298  per-iter -  build 41.70  minflt 258  steal 0
hub-65536.edges      wcc        grust-next@counted#unset first  iters    -  total   17.2791 ± 0.0644  per-iter -  build 53.62  minflt 258  steal 0
hub-65536.edges      wcc        grust-next@counted#unset second iters    -  total   17.1374 ± 0.0510  per-iter -  build 53.62  minflt 258  steal 0
hub-65536.edges      wcc        grustcat                        iters    -  total    2.5240 ± 0.0149  per-iter -  build 490.35  minflt 0  steal 0
hub-65536.edges      wcc        icebug                          iters    -  total   21.1611 ± 0.5382  per-iter -  build 62.65  minflt 239  steal 0
hub-65536.edges      wcc        icecat                          iters    -  total    3.7829 ± 0.0137  per-iter -  build 22.01  minflt 258  steal 0
hub-65536.edges      wcc        neo4j-graph                     iters    -  total    4.5798 ± 0.0190  per-iter -  build 46.74  minflt 394  steal 0
layered-16384.edges  bfs        grust#1                  first  iters    -  total    0.5309 ± 0.0072  per-iter -  build 7.10  minflt 62  steal 0
layered-16384.edges  bfs        grust#1                  second iters    -  total    0.5092 ± 0.0015  per-iter -  build 7.10  minflt 26  steal 0
layered-16384.edges  bfs        grust#unset              first  iters    -  total    0.5209 ± 0.0053  per-iter -  build 7.01  minflt 62  steal 0
layered-16384.edges  bfs        grust#unset              second iters    -  total    0.4363 ± 0.0003  per-iter -  build 7.01  minflt 26  steal 0
layered-16384.edges  bfs        grust-next@counted#1     first  iters    -  total    0.4705 ± 0.0007  per-iter -  build 5.48  minflt 26  steal 0
layered-16384.edges  bfs        grust-next@counted#1     second iters    -  total    0.4399 ± 0.0047  per-iter -  build 5.48  minflt 26  steal 0
layered-16384.edges  bfs        grust-next@counted#unset first  iters    -  total    0.5302 ± 0.0061  per-iter -  build 6.27  minflt 61  steal 0
layered-16384.edges  bfs        grust-next@counted#unset second iters    -  total    0.4328 ± 0.0020  per-iter -  build 6.27  minflt 26  steal 0
layered-16384.edges  bfs        grustcat                        iters    -  total    0.2561 ± 0.0030  per-iter -  build 33.43  minflt 0  steal 0
layered-16384.edges  bfs        icebug                          iters    -  total    0.5637 ± 0.0115  per-iter -  build 2.83  minflt 36  steal 0
layered-16384.edges  bfs        icecat                          iters    -  total    0.3958 ± 0.0032  per-iter -  build 1.79  minflt 67  steal 0
layered-16384.edges  pagerank   grust#1                  first  iters   84  total   30.1392 ± 0.0467  per-iter 0.3588  build 7.16  minflt 229  steal 0
layered-16384.edges  pagerank   grust#1                  second iters   84  total   29.2910 ± 0.0114  per-iter 0.3487  build 7.16  minflt 99  steal 0
layered-16384.edges  pagerank   grust#unset              first  iters   84  total  115.7243 ± 0.1496  per-iter 1.3777  build 7.14  minflt 165  steal 0
layered-16384.edges  pagerank   grust#unset              second iters   84  total  115.5650 ± 0.1463  per-iter 1.3758  build 7.14  minflt 165  steal 0
layered-16384.edges  pagerank   grust-next@counted#1     first  iters   84  total   30.9204 ± 0.1419  per-iter 0.3681  build 6.07  minflt 99  steal 0
layered-16384.edges  pagerank   grust-next@counted#1     second iters   84  total   30.7629 ± 0.0664  per-iter 0.3662  build 6.07  minflt 99  steal 0
layered-16384.edges  pagerank   grust-next@counted#unset first  iters   84  total   89.1137 ± 0.0347  per-iter 1.0609  build 6.18  minflt 165  steal 0
layered-16384.edges  pagerank   grust-next@counted#unset second iters   84  total   89.0575 ± 0.0694  per-iter 1.0602  build 6.18  minflt 165  steal 0
layered-16384.edges  pagerank   grustcat                        iters   84  total   26.3614 ± 0.0363  per-iter 0.3138  build 33.71  minflt 33  steal 0
layered-16384.edges  pagerank   icebug                          iters   69  total   26.4976 ± 0.0452  per-iter 0.3840  build 2.84  minflt 114  steal 0
layered-16384.edges  pagerank   icecat                          iters   84  total   27.9176 ± 0.0319  per-iter 0.3324  build 1.80  minflt 228  steal 0
layered-16384.edges  triangles  grust#1                  first  iters    -  total    3.0393 ± 0.0132  per-iter -  build 7.43  minflt 389  steal 0
layered-16384.edges  triangles  grust#1                  second iters    -  total    2.8896 ± 0.0225  per-iter -  build 7.43  minflt 389  steal 0
layered-16384.edges  triangles  grust#unset              first  iters    -  total    3.0605 ± 0.0175  per-iter -  build 7.41  minflt 389  steal 0
layered-16384.edges  triangles  grust#unset              second iters    -  total    2.8780 ± 0.0130  per-iter -  build 7.41  minflt 389  steal 0
layered-16384.edges  triangles  grust-next@counted#1     first  iters    -  total    2.8911 ± 0.0145  per-iter -  build 5.88  minflt 356  steal 0
layered-16384.edges  triangles  grust-next@counted#1     second iters    -  total    2.7144 ± 0.0044  per-iter -  build 5.88  minflt 356  steal 0
layered-16384.edges  triangles  grust-next@counted#unset first  iters    -  total    2.9703 ± 0.0156  per-iter -  build 6.68  minflt 389  steal 0
layered-16384.edges  triangles  grust-next@counted#unset second iters    -  total    2.7895 ± 0.0028  per-iter -  build 6.68  minflt 389  steal 0
layered-16384.edges  triangles  neo4j-graph                     iters    -  total    0.8173 ± 0.0156  per-iter -  build 2.42  minflt 4  steal 0
layered-16384.edges  wcc        grust#1                  first  iters    -  total    0.7043 ± 0.0084  per-iter -  build 7.09  minflt 66  steal 0
layered-16384.edges  wcc        grust#1                  second iters    -  total    0.6791 ± 0.0016  per-iter -  build 7.09  minflt 66  steal 0
layered-16384.edges  wcc        grust#unset              first  iters    -  total    1.5237 ± 0.0083  per-iter -  build 7.02  minflt 66  steal 0
layered-16384.edges  wcc        grust#unset              second iters    -  total    1.4916 ± 0.0076  per-iter -  build 7.02  minflt 66  steal 0
layered-16384.edges  wcc        grust-next@counted#1     first  iters    -  total    0.6954 ± 0.0027  per-iter -  build 5.50  minflt 33  steal 0
layered-16384.edges  wcc        grust-next@counted#1     second iters    -  total    0.7493 ± 0.0036  per-iter -  build 5.50  minflt 66  steal 0
layered-16384.edges  wcc        grust-next@counted#unset first  iters    -  total    1.5168 ± 0.0107  per-iter -  build 6.10  minflt 66  steal 0
layered-16384.edges  wcc        grust-next@counted#unset second iters    -  total    1.4942 ± 0.0094  per-iter -  build 6.10  minflt 66  steal 0
layered-16384.edges  wcc        grustcat                        iters    -  total    0.3610 ± 0.0061  per-iter -  build 33.34  minflt 0  steal 0
layered-16384.edges  wcc        icebug                          iters    -  total    1.0083 ± 0.0217  per-iter -  build 2.80  minflt 43  steal 0
layered-16384.edges  wcc        icecat                          iters    -  total    0.5063 ± 0.0021  per-iter -  build 1.76  minflt 66  steal 0
layered-16384.edges  wcc        neo4j-graph                     iters    -  total    1.1360 ± 0.0018  per-iter -  build 2.40  minflt 100  steal 0
layered-65536.edges  bfs        grust#1                  first  iters    -  total    2.1006 ± 0.0070  per-iter -  build 33.15  minflt 247  steal 0
layered-65536.edges  bfs        grust#1                  second iters    -  total    2.3347 ± 0.0229  per-iter -  build 33.15  minflt 247  steal 0
layered-65536.edges  bfs        grust#unset              first  iters    -  total    2.0891 ± 0.0159  per-iter -  build 31.27  minflt 248  steal 0
layered-65536.edges  bfs        grust#unset              second iters    -  total    2.0073 ± 0.0093  per-iter -  build 31.27  minflt 247  steal 0
layered-65536.edges  bfs        grust-next@counted#1     first  iters    -  total    2.0764 ± 0.0172  per-iter -  build 23.59  minflt 243  steal 0
layered-65536.edges  bfs        grust-next@counted#1     second iters    -  total    2.0187 ± 0.0126  per-iter -  build 23.59  minflt 247  steal 0
layered-65536.edges  bfs        grust-next@counted#unset first  iters    -  total    2.1054 ± 0.0125  per-iter -  build 26.51  minflt 243  steal 0
layered-65536.edges  bfs        grust-next@counted#unset second iters    -  total    2.0072 ± 0.0079  per-iter -  build 26.51  minflt 247  steal 0
layered-65536.edges  bfs        grustcat                        iters    -  total    1.0771 ± 0.0220  per-iter -  build 142.33  minflt 0  steal 0
layered-65536.edges  bfs        icebug                          iters    -  total    2.9055 ± 0.0791  per-iter -  build 11.52  minflt 132  steal 0
layered-65536.edges  bfs        icecat                          iters    -  total    1.6818 ± 0.0112  per-iter -  build 6.68  minflt 259  steal 0
layered-65536.edges  pagerank   grust#1                  first  iters   75  total  109.0381 ± 0.0830  per-iter 1.4538  build 33.35  minflt 899  steal 0
layered-65536.edges  pagerank   grust#1                  second iters   75  total  105.7210 ± 0.1835  per-iter 1.4096  build 33.35  minflt 387  steal 0
layered-65536.edges  pagerank   grust#unset              first  iters   75  total  416.2674 ± 0.5072  per-iter 5.5502  build 33.33  minflt 645  steal 0
layered-65536.edges  pagerank   grust#unset              second iters   75  total  415.3967 ± 0.0310  per-iter 5.5386  build 33.33  minflt 645  steal 0
layered-65536.edges  pagerank   grust-next@counted#1     first  iters   75  total  111.8533 ± 0.2715  per-iter 1.4914  build 27.12  minflt 516  steal 0
layered-65536.edges  pagerank   grust-next@counted#1     second iters   75  total  111.5380 ± 0.0692  per-iter 1.4872  build 27.12  minflt 516  steal 0
layered-65536.edges  pagerank   grust-next@counted#unset first  iters   75  total  319.8900 ± 0.6161  per-iter 4.2652  build 26.42  minflt 645  steal 0
layered-65536.edges  pagerank   grust-next@counted#unset second iters   75  total  319.6629 ± 0.4229  per-iter 4.2622  build 26.42  minflt 645  steal 0
layered-65536.edges  pagerank   grustcat                        iters   75  total   95.1839 ± 0.1247  per-iter 1.2691  build 140.30  minflt 387  steal 0
layered-65536.edges  pagerank   icebug                          iters   60  total  100.3972 ± 3.8997  per-iter 1.6733  build 11.45  minflt 401  steal 0
layered-65536.edges  pagerank   icecat                          iters   75  total  100.6718 ± 0.0600  per-iter 1.3423  build 6.87  minflt 901  steal 0
layered-65536.edges  triangles  grust#1                  first  iters    -  total   12.1328 ± 0.0292  per-iter -  build 35.02  minflt 1536  steal 0
layered-65536.edges  triangles  grust#1                  second iters    -  total   11.9785 ± 0.0394  per-iter -  build 35.02  minflt 1536  steal 0
layered-65536.edges  triangles  grust#unset              first  iters    -  total   12.1008 ± 0.0098  per-iter -  build 35.20  minflt 1536  steal 0
layered-65536.edges  triangles  grust#unset              second iters    -  total   11.9545 ± 0.0422  per-iter -  build 35.20  minflt 1536  steal 0
layered-65536.edges  triangles  grust-next@counted#1     first  iters    -  total   11.7797 ± 0.0682  per-iter -  build 26.67  minflt 1536  steal 0
layered-65536.edges  triangles  grust-next@counted#1     second iters    -  total   11.6783 ± 0.0913  per-iter -  build 26.67  minflt 1536  steal 0
layered-65536.edges  triangles  grust-next@counted#unset first  iters    -  total   11.8153 ± 0.0886  per-iter -  build 28.59  minflt 1536  steal 0
layered-65536.edges  triangles  grust-next@counted#unset second iters    -  total   11.6916 ± 0.1353  per-iter -  build 28.59  minflt 1536  steal 0
layered-65536.edges  triangles  neo4j-graph                     iters    -  total    2.8436 ± 0.0049  per-iter -  build 9.05  minflt 3  steal 0
layered-65536.edges  wcc        grust#1                  first  iters    -  total    2.8321 ± 0.0112  per-iter -  build 32.83  minflt 258  steal 0
layered-65536.edges  wcc        grust#1                  second iters    -  total    2.7625 ± 0.0089  per-iter -  build 32.83  minflt 258  steal 0
layered-65536.edges  wcc        grust#unset              first  iters    -  total    6.0863 ± 0.0107  per-iter -  build 32.91  minflt 258  steal 0
layered-65536.edges  wcc        grust#unset              second iters    -  total    6.0453 ± 0.0283  per-iter -  build 32.91  minflt 258  steal 0
layered-65536.edges  wcc        grust-next@counted#1     first  iters    -  total    3.0252 ± 0.0125  per-iter -  build 24.67  minflt 258  steal 0
layered-65536.edges  wcc        grust-next@counted#1     second iters    -  total    2.9940 ± 0.0187  per-iter -  build 24.67  minflt 258  steal 0
layered-65536.edges  wcc        grust-next@counted#unset first  iters    -  total    6.0322 ± 0.0234  per-iter -  build 26.22  minflt 258  steal 0
layered-65536.edges  wcc        grust-next@counted#unset second iters    -  total    5.9596 ± 0.0175  per-iter -  build 26.22  minflt 258  steal 0
layered-65536.edges  wcc        grustcat                        iters    -  total    1.4573 ± 0.0139  per-iter -  build 139.70  minflt 0  steal 0
layered-65536.edges  wcc        icebug                          iters    -  total    4.7061 ± 0.0423  per-iter -  build 11.33  minflt 137  steal 0
layered-65536.edges  wcc        icecat                          iters    -  total    2.1209 ± 0.0038  per-iter -  build 6.76  minflt 259  steal 0
layered-65536.edges  wcc        neo4j-graph                     iters    -  total    4.2510 ± 0.0145  per-iter -  build 9.00  minflt 393  steal 0
path-16384.edges     bfs        grust#1                  first  iters    -  total    0.4847 ± 0.0022  per-iter -  build 5.33  minflt 69  steal 0
path-16384.edges     bfs        grust#1                  second iters    -  total    0.4361 ± 0.0022  per-iter -  build 5.33  minflt 33  steal 0
path-16384.edges     bfs        grust#unset              first  iters    -  total    0.4850 ± 0.0021  per-iter -  build 5.29  minflt 69  steal 0
path-16384.edges     bfs        grust#unset              second iters    -  total    0.4018 ± 0.0038  per-iter -  build 5.29  minflt 33  steal 0
path-16384.edges     bfs        grust-next@counted#1     first  iters    -  total    0.4633 ± 0.0012  per-iter -  build 4.58  minflt 66  steal 0
path-16384.edges     bfs        grust-next@counted#1     second iters    -  total    0.4329 ± 0.0013  per-iter -  build 4.58  minflt 66  steal 0
path-16384.edges     bfs        grust-next@counted#unset first  iters    -  total    0.4744 ± 0.0050  per-iter -  build 4.86  minflt 69  steal 0
path-16384.edges     bfs        grust-next@counted#unset second iters    -  total    0.3894 ± 0.0057  per-iter -  build 4.86  minflt 33  steal 0
path-16384.edges     bfs        grustcat                        iters    -  total    0.1437 ± 0.0008  per-iter -  build 27.16  minflt 0  steal 0
path-16384.edges     bfs        icebug                          iters    -  total    0.2652 ± 0.0019  per-iter -  build 1.80  minflt 36  steal 0
path-16384.edges     bfs        icecat                          iters    -  total    0.2941 ± 0.0013  per-iter -  build 0.99  minflt 66  steal 0
path-16384.edges     pagerank   grust#1                  first  iters   58  total   14.8870 ± 0.0734  per-iter 0.2567  build 5.38  minflt 198  steal 0
path-16384.edges     pagerank   grust#1                  second iters   58  total   14.1174 ± 0.0088  per-iter 0.2434  build 5.38  minflt 99  steal 0
path-16384.edges     pagerank   grust#unset              first  iters   58  total   66.9188 ± 0.0944  per-iter 1.1538  build 5.29  minflt 165  steal 0
path-16384.edges     pagerank   grust#unset              second iters   58  total   66.8922 ± 0.1471  per-iter 1.1533  build 5.29  minflt 165  steal 0
path-16384.edges     pagerank   grust-next@counted#1     first  iters   58  total   14.7487 ± 0.0017  per-iter 0.2543  build 5.08  minflt 99  steal 0
path-16384.edges     pagerank   grust-next@counted#1     second iters   58  total   14.6821 ± 0.0078  per-iter 0.2531  build 5.08  minflt 99  steal 0
path-16384.edges     pagerank   grust-next@counted#unset first  iters   58  total   60.8945 ± 0.1213  per-iter 1.0499  build 4.90  minflt 165  steal 0
path-16384.edges     pagerank   grust-next@counted#unset second iters   58  total   60.6406 ± 0.0199  per-iter 1.0455  build 4.90  minflt 165  steal 0
path-16384.edges     pagerank   grustcat                        iters   58  total    9.9231 ± 0.0691  per-iter 0.1711  build 27.25  minflt 0  steal 0
path-16384.edges     pagerank   icebug                          iters   54  total   12.9542 ± 0.0474  per-iter 0.2399  build 1.79  minflt 113  steal 0
path-16384.edges     pagerank   icecat                          iters   58  total   11.4493 ± 0.0321  per-iter 0.1974  build 0.99  minflt 230  steal 0
path-16384.edges     triangles  grust#1                  first  iters    -  total    1.7257 ± 0.0091  per-iter -  build 5.50  minflt 295  steal 0
path-16384.edges     triangles  grust#1                  second iters    -  total    1.5962 ± 0.0096  per-iter -  build 5.50  minflt 295  steal 0
path-16384.edges     triangles  grust#unset              first  iters    -  total    1.7275 ± 0.0191  per-iter -  build 5.42  minflt 295  steal 0
path-16384.edges     triangles  grust#unset              second iters    -  total    1.5699 ± 0.0085  per-iter -  build 5.42  minflt 295  steal 0
path-16384.edges     triangles  grust-next@counted#1     first  iters    -  total    1.6917 ± 0.0290  per-iter -  build 4.73  minflt 262  steal 0
path-16384.edges     triangles  grust-next@counted#1     second iters    -  total    1.5448 ± 0.0041  per-iter -  build 4.73  minflt 262  steal 0
path-16384.edges     triangles  grust-next@counted#unset first  iters    -  total    1.7418 ± 0.0119  per-iter -  build 5.13  minflt 295  steal 0
path-16384.edges     triangles  grust-next@counted#unset second iters    -  total    1.6009 ± 0.0079  per-iter -  build 5.13  minflt 295  steal 0
path-16384.edges     triangles  neo4j-graph                     iters    -  total    0.2952 ± 0.0081  per-iter -  build 1.65  minflt 4  steal 0
path-16384.edges     wcc        grust#1                  first  iters    -  total    0.5126 ± 0.0028  per-iter -  build 5.27  minflt 66  steal 0
path-16384.edges     wcc        grust#1                  second iters    -  total    0.4987 ± 0.0031  per-iter -  build 5.27  minflt 66  steal 0
path-16384.edges     wcc        grust#unset              first  iters    -  total    1.0687 ± 0.0060  per-iter -  build 5.27  minflt 66  steal 0
path-16384.edges     wcc        grust#unset              second iters    -  total    1.0452 ± 0.0035  per-iter -  build 5.27  minflt 66  steal 0
path-16384.edges     wcc        grust-next@counted#1     first  iters    -  total    0.5182 ± 0.0006  per-iter -  build 4.55  minflt 66  steal 0
path-16384.edges     wcc        grust-next@counted#1     second iters    -  total    0.4842 ± 0.0041  per-iter -  build 4.55  minflt 65  steal 0
path-16384.edges     wcc        grust-next@counted#unset first  iters    -  total    1.0643 ± 0.0030  per-iter -  build 4.87  minflt 66  steal 0
path-16384.edges     wcc        grust-next@counted#unset second iters    -  total    1.0528 ± 0.0041  per-iter -  build 4.87  minflt 66  steal 0
path-16384.edges     wcc        grustcat                        iters    -  total    0.1588 ± 0.0002  per-iter -  build 27.65  minflt 0  steal 0
path-16384.edges     wcc        icebug                          iters    -  total    0.3584 ± 0.0041  per-iter -  build 1.81  minflt 42  steal 0
path-16384.edges     wcc        icecat                          iters    -  total    0.2840 ± 0.0026  per-iter -  build 0.98  minflt 66  steal 0
path-16384.edges     wcc        neo4j-graph                     iters    -  total    0.9362 ± 0.0044  per-iter -  build 1.62  minflt 99  steal 0
path-65536.edges     bfs        grust#1                  first  iters    -  total    1.9094 ± 0.0082  per-iter -  build 24.84  minflt 274  steal 0
path-65536.edges     bfs        grust#1                  second iters    -  total    1.9805 ± 0.0049  per-iter -  build 24.84  minflt 274  steal 0
path-65536.edges     bfs        grust#unset              first  iters    -  total    1.9332 ± 0.0185  per-iter -  build 24.69  minflt 274  steal 0
path-65536.edges     bfs        grust#unset              second iters    -  total    1.8464 ± 0.0117  per-iter -  build 24.69  minflt 274  steal 0
path-65536.edges     bfs        grust-next@counted#1     first  iters    -  total    1.8426 ± 0.0036  per-iter -  build 21.08  minflt 272  steal 0
path-65536.edges     bfs        grust-next@counted#1     second iters    -  total    1.7894 ± 0.0096  per-iter -  build 21.08  minflt 274  steal 0
path-65536.edges     bfs        grust-next@counted#unset first  iters    -  total    1.8677 ± 0.0119  per-iter -  build 21.19  minflt 272  steal 0
path-65536.edges     bfs        grust-next@counted#unset second iters    -  total    1.7966 ± 0.0041  per-iter -  build 21.19  minflt 274  steal 0
path-65536.edges     bfs        grustcat                        iters    -  total    0.7851 ± 0.0027  per-iter -  build 115.00  minflt 129  steal 0
path-65536.edges     bfs        icebug                          iters    -  total    1.0649 ± 0.0273  per-iter -  build 7.15  minflt 132  steal 0
path-65536.edges     bfs        icecat                          iters    -  total    1.2183 ± 0.0004  per-iter -  build 4.51  minflt 259  steal 0
path-65536.edges     pagerank   grust#1                  first  iters   50  total   52.3923 ± 0.0808  per-iter 1.0478  build 24.77  minflt 774  steal 0
path-65536.edges     pagerank   grust#1                  second iters   50  total   49.4014 ± 0.0084  per-iter 0.9880  build 24.77  minflt 387  steal 0
path-65536.edges     pagerank   grust#unset              first  iters   50  total  233.0942 ± 0.8657  per-iter 4.6619  build 24.57  minflt 645  steal 0
path-65536.edges     pagerank   grust#unset              second iters   50  total  232.3395 ± 0.2012  per-iter 4.6468  build 24.57  minflt 645  steal 0
path-65536.edges     pagerank   grust-next@counted#1     first  iters   50  total   52.3940 ± 0.0247  per-iter 1.0479  build 23.37  minflt 516  steal 0
path-65536.edges     pagerank   grust-next@counted#1     second iters   50  total   52.2635 ± 0.0186  per-iter 1.0453  build 23.37  minflt 516  steal 0
path-65536.edges     pagerank   grust-next@counted#unset first  iters   50  total  211.4985 ± 0.1543  per-iter 4.2300  build 23.12  minflt 645  steal 0
path-65536.edges     pagerank   grust-next@counted#unset second iters   50  total  210.8052 ± 0.4674  per-iter 4.2161  build 23.12  minflt 645  steal 0
path-65536.edges     pagerank   grustcat                        iters   50  total   35.3136 ± 0.0256  per-iter 0.7063  build 115.16  minflt 516  steal 0
path-65536.edges     pagerank   icebug                          iters   46  total   43.9481 ± 0.1611  per-iter 0.9554  build 7.16  minflt 401  steal 0
path-65536.edges     pagerank   icecat                          iters   50  total   39.9819 ± 0.0474  per-iter 0.7996  build 4.53  minflt 901  steal 0
path-65536.edges     triangles  grust#1                  first  iters    -  total    6.6412 ± 0.0537  per-iter -  build 24.15  minflt 1159  steal 0
path-65536.edges     triangles  grust#1                  second iters    -  total    6.4199 ± 0.0197  per-iter -  build 24.15  minflt 1159  steal 0
path-65536.edges     triangles  grust#unset              first  iters    -  total    6.6274 ± 0.0253  per-iter -  build 24.51  minflt 1159  steal 0
path-65536.edges     triangles  grust#unset              second iters    -  total    6.2770 ± 0.0722  per-iter -  build 24.51  minflt 1159  steal 0
path-65536.edges     triangles  grust-next@counted#1     first  iters    -  total    6.6085 ± 0.0645  per-iter -  build 20.81  minflt 1159  steal 0
path-65536.edges     triangles  grust-next@counted#1     second iters    -  total    6.3571 ± 0.0285  per-iter -  build 20.81  minflt 1159  steal 0
path-65536.edges     triangles  grust-next@counted#unset first  iters    -  total    6.6521 ± 0.0037  per-iter -  build 22.52  minflt 1159  steal 0
path-65536.edges     triangles  grust-next@counted#unset second iters    -  total    6.3923 ± 0.0517  per-iter -  build 22.52  minflt 1159  steal 0
path-65536.edges     triangles  neo4j-graph                     iters    -  total    0.6795 ± 0.0065  per-iter -  build 5.65  minflt 3  steal 0
path-65536.edges     wcc        grust#1                  first  iters    -  total    2.0288 ± 0.0058  per-iter -  build 24.20  minflt 258  steal 0
path-65536.edges     wcc        grust#1                  second iters    -  total    1.9908 ± 0.0159  per-iter -  build 24.20  minflt 258  steal 0
path-65536.edges     wcc        grust#unset              first  iters    -  total    4.2708 ± 0.0083  per-iter -  build 24.47  minflt 258  steal 0
path-65536.edges     wcc        grust#unset              second iters    -  total    4.2204 ± 0.0091  per-iter -  build 24.47  minflt 258  steal 0
path-65536.edges     wcc        grust-next@counted#1     first  iters    -  total    2.0414 ± 0.0017  per-iter -  build 20.38  minflt 258  steal 0
path-65536.edges     wcc        grust-next@counted#1     second iters    -  total    1.9993 ± 0.0059  per-iter -  build 20.38  minflt 258  steal 0
path-65536.edges     wcc        grust-next@counted#unset first  iters    -  total    4.2542 ± 0.0082  per-iter -  build 21.97  minflt 258  steal 0
path-65536.edges     wcc        grust-next@counted#unset second iters    -  total    4.2094 ± 0.0102  per-iter -  build 21.97  minflt 258  steal 0
path-65536.edges     wcc        grustcat                        iters    -  total    0.8640 ± 0.0019  per-iter -  build 114.97  minflt 129  steal 0
path-65536.edges     wcc        icebug                          iters    -  total    1.3396 ± 0.0391  per-iter -  build 7.19  minflt 137  steal 0
path-65536.edges     wcc        icecat                          iters    -  total    1.1929 ± 0.0137  per-iter -  build 4.55  minflt 258  steal 0
path-65536.edges     wcc        neo4j-graph                     iters    -  total    3.3490 ± 0.0088  per-iter -  build 5.63  minflt 393  steal 0
uniform-16384.edges  bfs        grust#1                  first  iters    -  total    1.7571 ± 0.0157  per-iter -  build 20.53  minflt 68  steal 0
uniform-16384.edges  bfs        grust#1                  second iters    -  total    1.8386 ± 0.0123  per-iter -  build 20.53  minflt 32  steal 0
uniform-16384.edges  bfs        grust#unset              first  iters    -  total    1.7719 ± 0.0252  per-iter -  build 19.91  minflt 68  steal 0
uniform-16384.edges  bfs        grust#unset              second iters    -  total    1.5542 ± 0.0062  per-iter -  build 19.91  minflt 32  steal 0
uniform-16384.edges  bfs        grust-next@counted#1     first  iters    -  total    1.7541 ± 0.0294  per-iter -  build 10.52  minflt 32  steal 0
uniform-16384.edges  bfs        grust-next@counted#1     second iters    -  total    1.5762 ± 0.0110  per-iter -  build 10.52  minflt 32  steal 0
uniform-16384.edges  bfs        grust-next@counted#unset first  iters    -  total    1.9016 ± 0.0687  per-iter -  build 13.96  minflt 68  steal 0
uniform-16384.edges  bfs        grust-next@counted#unset second iters    -  total    1.5693 ± 0.0091  per-iter -  build 13.96  minflt 32  steal 0
uniform-16384.edges  bfs        grustcat                        iters    -  total    0.9288 ± 0.0325  per-iter -  build 93.19  minflt 0  steal 0
uniform-16384.edges  bfs        icebug                          iters    -  total    2.2732 ± 0.0826  per-iter -  build 10.01  minflt 57  steal 0
uniform-16384.edges  bfs        icecat                          iters    -  total    0.9716 ± 0.0114  per-iter -  build 7.40  minflt 98  steal 0
uniform-16384.edges  pagerank   grust#1                  first  iters   16  total   11.3847 ± 0.0081  per-iter 0.7115  build 20.49  minflt 421  steal 0
uniform-16384.edges  pagerank   grust#1                  second iters   16  total    9.4460 ± 0.0039  per-iter 0.5904  build 20.49  minflt 99  steal 0
uniform-16384.edges  pagerank   grust#unset              first  iters   16  total   48.3086 ± 0.0729  per-iter 3.0193  build 20.55  minflt 165  steal 0
uniform-16384.edges  pagerank   grust#unset              second iters   16  total   48.0962 ± 0.0193  per-iter 3.0060  build 20.55  minflt 165  steal 0
uniform-16384.edges  pagerank   grust-next@counted#1     first  iters   16  total    7.8048 ± 0.0131  per-iter 0.4878  build 12.03  minflt 99  steal 0
uniform-16384.edges  pagerank   grust-next@counted#1     second iters   16  total    7.7071 ± 0.0136  per-iter 0.4817  build 12.03  minflt 99  steal 0
uniform-16384.edges  pagerank   grust-next@counted#unset first  iters   16  total   21.9996 ± 0.0622  per-iter 1.3750  build 13.15  minflt 165  steal 0
uniform-16384.edges  pagerank   grust-next@counted#unset second iters   16  total   21.9036 ± 0.0403  per-iter 1.3690  build 13.15  minflt 165  steal 0
uniform-16384.edges  pagerank   grustcat                        iters   16  total    6.9699 ± 0.0508  per-iter 0.4356  build 91.63  minflt 33  steal 0
uniform-16384.edges  pagerank   icebug                          iters   12  total    8.0366 ± 0.1201  per-iter 0.6697  build 9.86  minflt 112  steal 0
uniform-16384.edges  pagerank   icecat                          iters   16  total    8.3249 ± 0.0277  per-iter 0.5203  build 6.80  minflt 229  steal 0
uniform-16384.edges  pagerank   neo4j-graph                     iters   28  total   10.5018 ± 0.0323  per-iter 0.3751  build 8.39  minflt 24  steal 0
uniform-16384.edges  triangles  grust#1                  first  iters    -  total   18.8034 ± 0.0199  per-iter -  build 23.96  minflt 455  steal 0
uniform-16384.edges  triangles  grust#1                  second iters    -  total   18.6057 ± 0.0511  per-iter -  build 23.96  minflt 455  steal 0
uniform-16384.edges  triangles  grust#unset              first  iters    -  total   18.7606 ± 0.0207  per-iter -  build 23.67  minflt 455  steal 0
uniform-16384.edges  triangles  grust#unset              second iters    -  total   18.6286 ± 0.0697  per-iter -  build 23.67  minflt 455  steal 0
uniform-16384.edges  triangles  grust-next@counted#1     first  iters    -  total   18.2435 ± 0.0897  per-iter -  build 13.20  minflt 422  steal 0
uniform-16384.edges  triangles  grust-next@counted#1     second iters    -  total   18.0435 ± 0.0828  per-iter -  build 13.20  minflt 422  steal 0
uniform-16384.edges  triangles  grust-next@counted#unset first  iters    -  total   18.2949 ± 0.0550  per-iter -  build 17.25  minflt 455  steal 0
uniform-16384.edges  triangles  grust-next@counted#unset second iters    -  total   17.9057 ± 0.0191  per-iter -  build 17.25  minflt 455  steal 0
uniform-16384.edges  triangles  neo4j-graph                     iters    -  total    8.7571 ± 0.0428  per-iter -  build 8.27  minflt 3  steal 0
uniform-16384.edges  wcc        grust#1                  first  iters    -  total    2.1805 ± 0.0036  per-iter -  build 20.61  minflt 66  steal 0
uniform-16384.edges  wcc        grust#1                  second iters    -  total    2.1788 ± 0.0186  per-iter -  build 20.61  minflt 66  steal 0
uniform-16384.edges  wcc        grust#unset              first  iters    -  total    4.2750 ± 0.0047  per-iter -  build 21.00  minflt 66  steal 0
uniform-16384.edges  wcc        grust#unset              second iters    -  total    4.2347 ± 0.0115  per-iter -  build 21.00  minflt 66  steal 0
uniform-16384.edges  wcc        grust-next@counted#1     first  iters    -  total    2.3623 ± 0.0167  per-iter -  build 10.99  minflt 33  steal 0
uniform-16384.edges  wcc        grust-next@counted#1     second iters    -  total    2.4275 ± 0.0184  per-iter -  build 10.99  minflt 66  steal 0
uniform-16384.edges  wcc        grust-next@counted#unset first  iters    -  total    4.2258 ± 0.0051  per-iter -  build 13.53  minflt 66  steal 0
uniform-16384.edges  wcc        grust-next@counted#unset second iters    -  total    4.1939 ± 0.0020  per-iter -  build 13.53  minflt 66  steal 0
uniform-16384.edges  wcc        grustcat                        iters    -  total    0.7612 ± 0.0062  per-iter -  build 92.13  minflt 1  steal 0
uniform-16384.edges  wcc        icebug                          iters    -  total    3.1527 ± 0.3245  per-iter -  build 9.65  minflt 68  steal 0
uniform-16384.edges  wcc        icecat                          iters    -  total    1.1030 ± 0.0163  per-iter -  build 6.78  minflt 66  steal 0
uniform-16384.edges  wcc        neo4j-graph                     iters    -  total    1.2336 ± 0.0073  per-iter -  build 8.22  minflt 99  steal 0
uniform-65536.edges  bfs        grust#1                  first  iters    -  total    9.1783 ± 0.2079  per-iter -  build 105.68  minflt 428  steal 0
uniform-65536.edges  bfs        grust#1                  second iters    -  total    6.9825 ± 0.0075  per-iter -  build 105.68  minflt 380  steal 0
uniform-65536.edges  bfs        grust#unset              first  iters    -  total    8.8733 ± 1.0693  per-iter -  build 105.33  minflt 273  steal 0
uniform-65536.edges  bfs        grust#unset              second iters    -  total    7.6017 ± 0.5586  per-iter -  build 105.33  minflt 273  steal 0
uniform-65536.edges  bfs        grust-next@counted#1     first  iters    -  total    8.2038 ± 0.0535  per-iter -  build 43.02  minflt 420  steal 0
uniform-65536.edges  bfs        grust-next@counted#1     second iters    -  total    7.0986 ± 0.0703  per-iter -  build 43.02  minflt 380  steal 0
uniform-65536.edges  bfs        grust-next@counted#unset first  iters    -  total   11.2019 ± 0.2643  per-iter -  build 52.15  minflt 257  steal 0
uniform-65536.edges  bfs        grust-next@counted#unset second iters    -  total    9.2184 ± 0.1916  per-iter -  build 52.15  minflt 273  steal 0
uniform-65536.edges  bfs        grustcat                        iters    -  total    5.8225 ± 0.0747  per-iter -  build 478.53  minflt 0  steal 0
uniform-65536.edges  bfs        icebug                          iters    -  total   14.6611 ± 0.6120  per-iter -  build 59.58  minflt 216  steal 0
uniform-65536.edges  bfs        icecat                          iters    -  total    4.8737 ± 0.1972  per-iter -  build 20.71  minflt 387  steal 0
uniform-65536.edges  pagerank   grust#1                  first  iters   16  total   58.7919 ± 0.9366  per-iter 3.6745  build 99.73  minflt 647  steal 0
uniform-65536.edges  pagerank   grust#1                  second iters   16  total   50.4931 ± 0.6647  per-iter 3.1558  build 99.73  minflt 387  steal 0
uniform-65536.edges  pagerank   grust#unset              first  iters   16  total  194.8325 ± 0.0684  per-iter 12.1770  build 105.35  minflt 645  steal 0
uniform-65536.edges  pagerank   grust#unset              second iters   16  total  194.9495 ± 0.2339  per-iter 12.1843  build 105.35  minflt 645  steal 0
uniform-65536.edges  pagerank   grust-next@counted#1     first  iters   16  total   32.8071 ± 0.1161  per-iter 2.0504  build 48.53  minflt 516  steal 0
uniform-65536.edges  pagerank   grust-next@counted#1     second iters   16  total   32.5295 ± 0.1985  per-iter 2.0331  build 48.53  minflt 516  steal 0
uniform-65536.edges  pagerank   grust-next@counted#unset first  iters   16  total   89.6861 ± 0.2510  per-iter 5.6054  build 52.88  minflt 645  steal 0
uniform-65536.edges  pagerank   grust-next@counted#unset second iters   16  total   89.6772 ± 0.2022  per-iter 5.6048  build 52.88  minflt 645  steal 0
uniform-65536.edges  pagerank   grustcat                        iters   16  total   31.2577 ± 1.1287  per-iter 1.9536  build 492.03  minflt 0  steal 0
uniform-65536.edges  pagerank   icebug                          iters   11  total   69.7628 ± 1.0832  per-iter 6.3421  build 64.46  minflt 399  steal 0
uniform-65536.edges  pagerank   icecat                          iters   16  total   33.4829 ± 0.0764  per-iter 2.0927  build 21.02  minflt 901  steal 0
uniform-65536.edges  pagerank   neo4j-graph                     iters   34  total   44.8027 ± 0.4357  per-iter 1.3177  build 42.56  minflt 139  steal 0
uniform-65536.edges  triangles  grust#1                  first  iters    -  total   87.3669 ± 2.2075  per-iter -  build 158.66  minflt 780  steal 0
uniform-65536.edges  triangles  grust#1                  second iters    -  total   87.6391 ± 1.1204  per-iter -  build 158.66  minflt 780  steal 0
uniform-65536.edges  triangles  grust#unset              first  iters    -  total   84.8552 ± 1.0453  per-iter -  build 151.61  minflt 780  steal 0
uniform-65536.edges  triangles  grust#unset              second iters    -  total   86.4717 ± 3.5540  per-iter -  build 151.61  minflt 780  steal 0
uniform-65536.edges  triangles  grust-next@counted#1     first  iters    -  total   84.0064 ± 0.4593  per-iter -  build 88.91  minflt 780  steal 0
uniform-65536.edges  triangles  grust-next@counted#1     second iters    -  total   84.5151 ± 1.5264  per-iter -  build 88.91  minflt 780  steal 0
uniform-65536.edges  triangles  grust-next@counted#unset first  iters    -  total   84.6274 ± 1.3121  per-iter -  build 115.22  minflt 780  steal 0
uniform-65536.edges  triangles  grust-next@counted#unset second iters    -  total   84.0260 ± 1.3075  per-iter -  build 115.22  minflt 780  steal 0
uniform-65536.edges  triangles  neo4j-graph                     iters    -  total   42.5451 ± 1.0500  per-iter -  build 47.15  minflt 4  steal 0
uniform-65536.edges  wcc        grust#1                  first  iters    -  total    9.4781 ± 0.0282  per-iter -  build 103.87  minflt 258  steal 0
uniform-65536.edges  wcc        grust#1                  second iters    -  total    9.3709 ± 0.0072  per-iter -  build 103.87  minflt 258  steal 0
uniform-65536.edges  wcc        grust#unset              first  iters    -  total   17.8059 ± 0.0693  per-iter -  build 105.50  minflt 258  steal 0
uniform-65536.edges  wcc        grust#unset              second iters    -  total   17.5642 ± 0.0800  per-iter -  build 105.50  minflt 258  steal 0
uniform-65536.edges  wcc        grust-next@counted#1     first  iters    -  total   10.6718 ± 0.0405  per-iter -  build 42.50  minflt 258  steal 0
uniform-65536.edges  wcc        grust-next@counted#1     second iters    -  total   10.5779 ± 0.0182  per-iter -  build 42.50  minflt 258  steal 0
uniform-65536.edges  wcc        grust-next@counted#unset first  iters    -  total   17.7365 ± 0.0336  per-iter -  build 52.96  minflt 258  steal 0
uniform-65536.edges  wcc        grust-next@counted#unset second iters    -  total   17.6130 ± 0.0281  per-iter -  build 52.96  minflt 258  steal 0
uniform-65536.edges  wcc        grustcat                        iters    -  total    3.1067 ± 0.0049  per-iter -  build 476.48  minflt 0  steal 0
uniform-65536.edges  wcc        icebug                          iters    -  total   26.6962 ± 0.1377  per-iter -  build 66.89  minflt 244  steal 0
uniform-65536.edges  wcc        icecat                          iters    -  total    4.4756 ± 0.0202  per-iter -  build 21.11  minflt 259  steal 0
uniform-65536.edges  wcc        neo4j-graph                     iters    -  total    4.5883 ± 0.0106  per-iter -  build 44.13  minflt 393  steal 0
pinned-one-thread: clean, 156.2s, steal 1 ticks, 0 sightings
steal over the run: 0 ticks
780 timed samples in 83.7s -> /work/timed/pinned-full-width.json
not timed: layered-16384.edges pagerank neo4j-graph: no agreeing parity row at this concurrency
not timed: layered-65536.edges pagerank neo4j-graph: no agreeing parity row at this concurrency
not timed: path-16384.edges pagerank neo4j-graph: no agreeing parity row at this concurrency
not timed: path-65536.edges pagerank neo4j-graph: no agreeing parity row at this concurrency
hub-16384.edges      bfs        grust              first  iters    -  total    1.6292 ± 0.0160  per-iter -  build 19.50  minflt 69  steal 0
hub-16384.edges      bfs        grust              second iters    -  total    1.7951 ± 0.0084  per-iter -  build 19.50  minflt 33  steal 0
hub-16384.edges      bfs        grust-next@counted first  iters    -  total    1.7232 ± 0.0175  per-iter -  build 10.89  minflt 66  steal 0
hub-16384.edges      bfs        grust-next@counted second iters    -  total    1.6050 ± 0.0032  per-iter -  build 10.89  minflt 66  steal 0
hub-16384.edges      bfs        grustcat                  iters    -  total    0.7520 ± 0.0277  per-iter -  build 91.59  minflt 33  steal 0
hub-16384.edges      bfs        icebug                    iters    -  total    2.1871 ± 0.1221  per-iter -  build 10.00  minflt 57  steal 0
hub-16384.edges      bfs        icecat                    iters    -  total    0.9338 ± 0.0127  per-iter -  build 6.08  minflt 100  steal 0
hub-16384.edges      pagerank   grust              first  iters   17  total    6.5792 ± 0.1224  per-iter 0.3870  build 20.67  minflt 538  steal 0
hub-16384.edges      pagerank   grust              second iters   17  total    3.8124 ± 0.0427  per-iter 0.2243  build 20.67  minflt 99  steal 0
hub-16384.edges      pagerank   grust-next@counted first  iters   17  total    3.9758 ± 0.0905  per-iter 0.2339  build 14.09  minflt 138  steal 0
hub-16384.edges      pagerank   grust-next@counted second iters   17  total    3.8019 ± 0.0414  per-iter 0.2236  build 14.09  minflt 132  steal 0
hub-16384.edges      pagerank   grustcat                  iters   17  total    7.5371 ± 0.0337  per-iter 0.4434  build 93.94  minflt 100  steal 0
hub-16384.edges      pagerank   icebug                    iters   12  total    2.9239 ± 0.0270  per-iter 0.2437  build 10.08  minflt 216  steal 0
hub-16384.edges      pagerank   icecat                    iters   17  total    8.7321 ± 0.0205  per-iter 0.5137  build 6.60  minflt 229  steal 0
hub-16384.edges      pagerank   neo4j-graph               iters   36  total   13.5547 ± 0.0472  per-iter 0.3765  build 5.05  minflt 66  steal 0
hub-16384.edges      triangles  grust              first  iters    -  total    8.5234 ± 0.0174  per-iter -  build 24.29  minflt 557  steal 0
hub-16384.edges      triangles  grust              second iters    -  total    7.5822 ± 0.0253  per-iter -  build 24.29  minflt 455  steal 0
hub-16384.edges      triangles  grust-next@counted first  iters    -  total    7.7043 ± 0.0083  per-iter -  build 11.63  minflt 455  steal 0
hub-16384.edges      triangles  grust-next@counted second iters    -  total    7.4624 ± 0.0384  per-iter -  build 11.63  minflt 455  steal 0
hub-16384.edges      triangles  neo4j-graph               iters    -  total    1.1999 ± 0.0030  per-iter -  build 5.05  minflt 53  steal 0
hub-16384.edges      wcc        grust              first  iters    -  total    1.4673 ± 0.0363  per-iter -  build 19.54  minflt 174  steal 0
hub-16384.edges      wcc        grust              second iters    -  total    0.6833 ± 0.0260  per-iter -  build 19.54  minflt 68  steal 0
hub-16384.edges      wcc        grust-next@counted first  iters    -  total    0.7251 ± 0.0234  per-iter -  build 11.43  minflt 69  steal 0
hub-16384.edges      wcc        grust-next@counted second iters    -  total    0.7295 ± 0.0583  per-iter -  build 11.43  minflt 68  steal 0
hub-16384.edges      wcc        grustcat                  iters    -  total    0.6169 ± 0.0031  per-iter -  build 92.32  minflt 1  steal 0
hub-16384.edges      wcc        icebug                    iters    -  total    2.5865 ± 0.1498  per-iter -  build 9.96  minflt 69  steal 0
hub-16384.edges      wcc        icecat                    iters    -  total    0.9514 ± 0.0048  per-iter -  build 6.28  minflt 67  steal 0
hub-16384.edges      wcc        neo4j-graph               iters    -  total    1.3085 ± 0.0057  per-iter -  build 5.11  minflt 113  steal 0
hub-65536.edges      bfs        grust              first  iters    -  total    5.0176 ± 0.0438  per-iter -  build 106.25  minflt 599  steal 0
hub-65536.edges      bfs        grust              second iters    -  total    3.8830 ± 0.0795  per-iter -  build 106.25  minflt 395  steal 0
hub-65536.edges      bfs        grust-next@counted first  iters    -  total    3.9961 ± 0.0066  per-iter -  build 38.95  minflt 417  steal 0
hub-65536.edges      bfs        grust-next@counted second iters    -  total    3.7118 ± 0.0341  per-iter -  build 38.95  minflt 371  steal 0
hub-65536.edges      bfs        grustcat                  iters    -  total    5.7255 ± 0.0907  per-iter -  build 488.07  minflt 130  steal 0
hub-65536.edges      bfs        icebug                    iters    -  total   15.6968 ± 0.3455  per-iter -  build 65.98  minflt 216  steal 0
hub-65536.edges      bfs        icecat                    iters    -  total    4.9125 ± 0.1642  per-iter -  build 21.95  minflt 387  steal 0
hub-65536.edges      pagerank   grust              first  iters   17  total   18.2318 ± 0.3024  per-iter 1.0725  build 101.77  minflt 774  steal 0
hub-65536.edges      pagerank   grust              second iters   17  total    9.5025 ± 0.2027  per-iter 0.5590  build 101.77  minflt 391  steal 0
hub-65536.edges      pagerank   grust-next@counted first  iters   17  total    8.3910 ± 0.1608  per-iter 0.4936  build 45.37  minflt 530  steal 0
hub-65536.edges      pagerank   grust-next@counted second iters   17  total    8.1801 ± 0.1231  per-iter 0.4812  build 45.37  minflt 519  steal 0
hub-65536.edges      pagerank   grustcat                  iters   17  total   32.9236 ± 0.8607  per-iter 1.9367  build 480.02  minflt 387  steal 0
hub-65536.edges      pagerank   icebug                    iters   12  total    8.6399 ± 0.1729  per-iter 0.7200  build 66.90  minflt 502  steal 0
hub-65536.edges      pagerank   icecat                    iters   17  total   35.1488 ± 0.0392  per-iter 2.0676  build 21.62  minflt 901  steal 0
hub-65536.edges      pagerank   neo4j-graph               iters   32  total   15.3559 ± 0.1126  per-iter 0.4799  build 16.61  minflt 174  steal 0
hub-65536.edges      triangles  grust              first  iters    -  total   31.6868 ± 0.4578  per-iter -  build 129.16  minflt 1393  steal 0
hub-65536.edges      triangles  grust              second iters    -  total   30.7616 ± 0.0718  per-iter -  build 129.16  minflt 1291  steal 0
hub-65536.edges      triangles  grust-next@counted first  iters    -  total   29.9879 ± 0.1294  per-iter -  build 44.86  minflt 1290  steal 0
hub-65536.edges      triangles  grust-next@counted second iters    -  total   29.9030 ± 0.1011  per-iter -  build 44.86  minflt 1290  steal 0
hub-65536.edges      triangles  neo4j-graph               iters    -  total    3.4757 ± 0.0265  per-iter -  build 16.28  minflt 53  steal 0
hub-65536.edges      wcc        grust              first  iters    -  total    2.8151 ± 0.0381  per-iter -  build 108.94  minflt 370  steal 0
hub-65536.edges      wcc        grust              second iters    -  total    2.0590 ± 0.0966  per-iter -  build 108.94  minflt 262  steal 0
hub-65536.edges      wcc        grust-next@counted first  iters    -  total    2.2022 ± 0.0519  per-iter -  build 39.77  minflt 262  steal 0
hub-65536.edges      wcc        grust-next@counted second iters    -  total    2.1470 ± 0.0151  per-iter -  build 39.77  minflt 259  steal 0
hub-65536.edges      wcc        grustcat                  iters    -  total    2.5208 ± 0.0238  per-iter -  build 490.01  minflt 0  steal 0
hub-65536.edges      wcc        icebug                    iters    -  total   20.4968 ± 0.5997  per-iter -  build 61.53  minflt 239  steal 0
hub-65536.edges      wcc        icecat                    iters    -  total    3.8093 ± 0.0118  per-iter -  build 22.18  minflt 258  steal 0
hub-65536.edges      wcc        neo4j-graph               iters    -  total    3.4596 ± 0.0866  per-iter -  build 16.58  minflt 416  steal 0
layered-16384.edges  bfs        grust              first  iters    -  total    0.5314 ± 0.0094  per-iter -  build 7.20  minflt 62  steal 0
layered-16384.edges  bfs        grust              second iters    -  total    0.5078 ± 0.0016  per-iter -  build 7.20  minflt 26  steal 0
layered-16384.edges  bfs        grust-next@counted first  iters    -  total    0.5310 ± 0.0037  per-iter -  build 6.71  minflt 62  steal 0
layered-16384.edges  bfs        grust-next@counted second iters    -  total    0.4821 ± 0.0025  per-iter -  build 6.71  minflt 59  steal 0
layered-16384.edges  bfs        grustcat                  iters    -  total    0.2568 ± 0.0024  per-iter -  build 33.43  minflt 0  steal 0
layered-16384.edges  bfs        icebug                    iters    -  total    0.5623 ± 0.0250  per-iter -  build 2.82  minflt 36  steal 0
layered-16384.edges  bfs        icecat                    iters    -  total    0.4004 ± 0.0006  per-iter -  build 1.81  minflt 67  steal 0
layered-16384.edges  pagerank   grust              first  iters   84  total   15.7994 ± 0.1408  per-iter 0.1881  build 7.10  minflt 346  steal 0
layered-16384.edges  pagerank   grust              second iters   84  total   13.8496 ± 0.2165  per-iter 0.1649  build 7.10  minflt 99  steal 0
layered-16384.edges  pagerank   grust-next@counted first  iters   84  total   14.8076 ± 0.0642  per-iter 0.1763  build 7.60  minflt 139  steal 0
layered-16384.edges  pagerank   grust-next@counted second iters   84  total   14.6250 ± 0.1393  per-iter 0.1741  build 7.60  minflt 132  steal 0
layered-16384.edges  pagerank   grustcat                  iters   84  total   26.3677 ± 0.0329  per-iter 0.3139  build 33.57  minflt 33  steal 0
layered-16384.edges  pagerank   icebug                    iters   69  total    9.0394 ± 0.1878  per-iter 0.1310  build 2.87  minflt 200  steal 0
layered-16384.edges  pagerank   icecat                    iters   84  total   27.8973 ± 0.0283  per-iter 0.3321  build 1.78  minflt 229  steal 0
layered-16384.edges  triangles  grust              first  iters    -  total    3.3323 ± 0.0149  per-iter -  build 7.49  minflt 491  steal 0
layered-16384.edges  triangles  grust              second iters    -  total    2.4411 ± 0.0128  per-iter -  build 7.49  minflt 390  steal 0
layered-16384.edges  triangles  grust-next@counted first  iters    -  total    2.5692 ± 0.0033  per-iter -  build 6.94  minflt 389  steal 0
layered-16384.edges  triangles  grust-next@counted second iters    -  total    2.3925 ± 0.0454  per-iter -  build 6.94  minflt 389  steal 0
layered-16384.edges  triangles  neo4j-graph               iters    -  total    0.7245 ± 0.0285  per-iter -  build 2.62  minflt 32  steal 0
layered-16384.edges  wcc        grust              first  iters    -  total    1.1683 ± 0.0251  per-iter -  build 7.08  minflt 173  steal 0
layered-16384.edges  wcc        grust              second iters    -  total    0.4466 ± 0.0054  per-iter -  build 7.08  minflt 68  steal 0
layered-16384.edges  wcc        grust-next@counted first  iters    -  total    0.4643 ± 0.0025  per-iter -  build 6.47  minflt 68  steal 0
layered-16384.edges  wcc        grust-next@counted second iters    -  total    0.4645 ± 0.0155  per-iter -  build 6.47  minflt 67  steal 0
layered-16384.edges  wcc        grustcat                  iters    -  total    0.3544 ± 0.0008  per-iter -  build 33.44  minflt 0  steal 0
layered-16384.edges  wcc        icebug                    iters    -  total    1.0111 ± 0.0178  per-iter -  build 2.82  minflt 43  steal 0
layered-16384.edges  wcc        icecat                    iters    -  total    0.5049 ± 0.0032  per-iter -  build 1.81  minflt 66  steal 0
layered-16384.edges  wcc        neo4j-graph               iters    -  total    1.2201 ± 0.0204  per-iter -  build 2.62  minflt 116  steal 0
layered-65536.edges  bfs        grust              first  iters    -  total    2.1053 ± 0.0087  per-iter -  build 33.16  minflt 247  steal 0
layered-65536.edges  bfs        grust              second iters    -  total    2.3325 ± 0.0051  per-iter -  build 33.16  minflt 247  steal 0
layered-65536.edges  bfs        grust-next@counted first  iters    -  total    2.1130 ± 0.0072  per-iter -  build 24.57  minflt 243  steal 0
layered-65536.edges  bfs        grust-next@counted second iters    -  total    2.0154 ± 0.0164  per-iter -  build 24.57  minflt 231  steal 0
layered-65536.edges  bfs        grustcat                  iters    -  total    1.0844 ± 0.0151  per-iter -  build 140.55  minflt 0  steal 0
layered-65536.edges  bfs        icebug                    iters    -  total    2.8359 ± 0.0241  per-iter -  build 11.42  minflt 132  steal 0
layered-65536.edges  bfs        icecat                    iters    -  total    1.6980 ± 0.0280  per-iter -  build 6.74  minflt 259  steal 0
layered-65536.edges  pagerank   grust              first  iters   75  total   26.2622 ± 0.3391  per-iter 0.3502  build 33.04  minflt 1031  steal 0
layered-65536.edges  pagerank   grust              second iters   75  total   22.4940 ± 0.2847  per-iter 0.2999  build 33.04  minflt 389  steal 0
layered-65536.edges  pagerank   grust-next@counted first  iters   75  total   21.5430 ± 0.1813  per-iter 0.2872  build 27.41  minflt 537  steal 0
layered-65536.edges  pagerank   grust-next@counted second iters   75  total   21.3764 ± 0.1600  per-iter 0.2850  build 27.41  minflt 518  steal 0
layered-65536.edges  pagerank   grustcat                  iters   75  total   95.1392 ± 0.0532  per-iter 1.2685  build 139.57  minflt 388  steal 0
layered-65536.edges  pagerank   icebug                    iters   60  total   14.0706 ± 0.0731  per-iter 0.2345  build 11.35  minflt 489  steal 0
layered-65536.edges  pagerank   icecat                    iters   75  total  100.6967 ± 0.0819  per-iter 1.3426  build 6.75  minflt 900  steal 0
layered-65536.edges  triangles  grust              first  iters    -  total   10.6999 ± 0.1042  per-iter -  build 34.95  minflt 1638  steal 0
layered-65536.edges  triangles  grust              second iters    -  total    9.8293 ± 0.0122  per-iter -  build 34.95  minflt 1537  steal 0
layered-65536.edges  triangles  grust-next@counted first  iters    -  total    9.7692 ± 0.0392  per-iter -  build 26.81  minflt 1536  steal 0
layered-65536.edges  triangles  grust-next@counted second iters    -  total    9.5219 ± 0.0479  per-iter -  build 26.81  minflt 1536  steal 0
layered-65536.edges  triangles  neo4j-graph               iters    -  total    1.0927 ± 0.0289  per-iter -  build 5.87  minflt 51  steal 0
layered-65536.edges  wcc        grust              first  iters    -  total    1.8773 ± 0.0415  per-iter -  build 34.40  minflt 371  steal 0
layered-65536.edges  wcc        grust              second iters    -  total    1.1128 ± 0.0047  per-iter -  build 34.40  minflt 262  steal 0
layered-65536.edges  wcc        grust-next@counted first  iters    -  total    1.1606 ± 0.0171  per-iter -  build 23.17  minflt 263  steal 0
layered-65536.edges  wcc        grust-next@counted second iters    -  total    1.1216 ± 0.0108  per-iter -  build 23.17  minflt 260  steal 0
layered-65536.edges  wcc        grustcat                  iters    -  total    1.4683 ± 0.0078  per-iter -  build 140.18  minflt 0  steal 0
layered-65536.edges  wcc        icebug                    iters    -  total    4.7578 ± 0.0594  per-iter -  build 11.42  minflt 138  steal 0
layered-65536.edges  wcc        icecat                    iters    -  total    2.1285 ± 0.0135  per-iter -  build 7.31  minflt 259  steal 0
layered-65536.edges  wcc        neo4j-graph               iters    -  total    3.1642 ± 0.0533  per-iter -  build 5.78  minflt 416  steal 0
path-16384.edges     bfs        grust              first  iters    -  total    0.4832 ± 0.0019  per-iter -  build 5.31  minflt 69  steal 0
path-16384.edges     bfs        grust              second iters    -  total    0.4370 ± 0.0008  per-iter -  build 5.31  minflt 33  steal 0
path-16384.edges     bfs        grust-next@counted first  iters    -  total    0.4820 ± 0.0020  per-iter -  build 5.53  minflt 66  steal 0
path-16384.edges     bfs        grust-next@counted second iters    -  total    0.4345 ± 0.0029  per-iter -  build 5.53  minflt 66  steal 0
path-16384.edges     bfs        grustcat                  iters    -  total    0.1488 ± 0.0019  per-iter -  build 27.33  minflt 1  steal 0
path-16384.edges     bfs        icebug                    iters    -  total    0.2656 ± 0.0032  per-iter -  build 1.80  minflt 36  steal 0
path-16384.edges     bfs        icecat                    iters    -  total    0.2996 ± 0.0010  per-iter -  build 1.00  minflt 67  steal 0
path-16384.edges     pagerank   grust              first  iters   58  total   10.8753 ± 0.4857  per-iter 0.1875  build 5.26  minflt 316  steal 0
path-16384.edges     pagerank   grust              second iters   58  total    9.2524 ± 0.1764  per-iter 0.1595  build 5.26  minflt 99  steal 0
path-16384.edges     pagerank   grust-next@counted first  iters   58  total   10.0729 ± 0.2031  per-iter 0.1737  build 6.34  minflt 144  steal 0
path-16384.edges     pagerank   grust-next@counted second iters   58  total   10.0339 ± 0.2652  per-iter 0.1730  build 6.34  minflt 134  steal 0
path-16384.edges     pagerank   grustcat                  iters   58  total    9.8649 ± 0.0041  per-iter 0.1701  build 27.24  minflt 0  steal 0
path-16384.edges     pagerank   icebug                    iters   54  total    6.7672 ± 0.0158  per-iter 0.1253  build 1.80  minflt 200  steal 0
path-16384.edges     pagerank   icecat                    iters   58  total   11.4154 ± 0.0167  per-iter 0.1968  build 0.99  minflt 230  steal 0
path-16384.edges     triangles  grust              first  iters    -  total    2.3357 ± 0.0355  per-iter -  build 5.39  minflt 397  steal 0
path-16384.edges     triangles  grust              second iters    -  total    1.5905 ± 0.0273  per-iter -  build 5.39  minflt 296  steal 0
path-16384.edges     triangles  grust-next@counted first  iters    -  total    1.6904 ± 0.0154  per-iter -  build 5.69  minflt 295  steal 0
path-16384.edges     triangles  grust-next@counted second iters    -  total    1.5188 ± 0.0133  per-iter -  build 5.69  minflt 296  steal 0
path-16384.edges     triangles  neo4j-graph               iters    -  total    0.5579 ± 0.0214  per-iter -  build 2.32  minflt 21  steal 0
path-16384.edges     wcc        grust              first  iters    -  total    1.1445 ± 0.0087  per-iter -  build 5.28  minflt 171  steal 0
path-16384.edges     wcc        grust              second iters    -  total    0.3967 ± 0.0053  per-iter -  build 5.28  minflt 68  steal 0
path-16384.edges     wcc        grust-next@counted first  iters    -  total    0.4403 ± 0.0189  per-iter -  build 5.56  minflt 68  steal 0
path-16384.edges     wcc        grust-next@counted second iters    -  total    0.4019 ± 0.0127  per-iter -  build 5.56  minflt 66  steal 0
path-16384.edges     wcc        grustcat                  iters    -  total    0.1598 ± 0.0024  per-iter -  build 27.14  minflt 0  steal 0
path-16384.edges     wcc        icebug                    iters    -  total    0.3551 ± 0.0043  per-iter -  build 1.79  minflt 42  steal 0
path-16384.edges     wcc        icecat                    iters    -  total    0.2830 ± 0.0031  per-iter -  build 0.97  minflt 67  steal 0
path-16384.edges     wcc        neo4j-graph               iters    -  total    0.9838 ± 0.0160  per-iter -  build 2.32  minflt 110  steal 0
path-65536.edges     bfs        grust              first  iters    -  total    1.9044 ± 0.0186  per-iter -  build 22.86  minflt 274  steal 0
path-65536.edges     bfs        grust              second iters    -  total    1.9719 ± 0.0071  per-iter -  build 22.86  minflt 274  steal 0
path-65536.edges     bfs        grust-next@counted first  iters    -  total    1.8865 ± 0.0344  per-iter -  build 21.16  minflt 272  steal 0
path-65536.edges     bfs        grust-next@counted second iters    -  total    1.7995 ± 0.0170  per-iter -  build 21.16  minflt 258  steal 0
path-65536.edges     bfs        grustcat                  iters    -  total    0.7817 ± 0.0117  per-iter -  build 112.87  minflt 129  steal 0
path-65536.edges     bfs        icebug                    iters    -  total    1.0497 ± 0.0058  per-iter -  build 7.19  minflt 133  steal 0
path-65536.edges     bfs        icecat                    iters    -  total    1.1812 ± 0.0251  per-iter -  build 4.37  minflt 259  steal 0
path-65536.edges     pagerank   grust              first  iters   50  total   16.4042 ± 0.0636  per-iter 0.3281  build 24.45  minflt 907  steal 0
path-65536.edges     pagerank   grust              second iters   50  total   12.6549 ± 0.1768  per-iter 0.2531  build 24.45  minflt 388  steal 0
path-65536.edges     pagerank   grust-next@counted first  iters   50  total   13.0764 ± 0.2859  per-iter 0.2615  build 23.37  minflt 539  steal 0
path-65536.edges     pagerank   grust-next@counted second iters   50  total   12.8670 ± 0.4193  per-iter 0.2573  build 23.37  minflt 518  steal 0
path-65536.edges     pagerank   grustcat                  iters   50  total   35.2430 ± 0.5017  per-iter 0.7049  build 113.83  minflt 516  steal 0
path-65536.edges     pagerank   icebug                    iters   46  total   10.7628 ± 0.0135  per-iter 0.2340  build 7.16  minflt 503  steal 0
path-65536.edges     pagerank   icecat                    iters   50  total   39.7900 ± 0.0528  per-iter 0.7958  build 4.37  minflt 901  steal 0
path-65536.edges     triangles  grust              first  iters    -  total    6.9101 ± 0.0628  per-iter -  build 25.50  minflt 1262  steal 0
path-65536.edges     triangles  grust              second iters    -  total    5.8619 ± 0.0473  per-iter -  build 25.50  minflt 1160  steal 0
path-65536.edges     triangles  grust-next@counted first  iters    -  total    6.2267 ± 0.0279  per-iter -  build 22.65  minflt 1159  steal 0
path-65536.edges     triangles  grust-next@counted second iters    -  total    5.8602 ± 0.0356  per-iter -  build 22.65  minflt 1159  steal 0
path-65536.edges     triangles  neo4j-graph               iters    -  total    0.7280 ± 0.0137  per-iter -  build 4.70  minflt 30  steal 0
path-65536.edges     wcc        grust              first  iters    -  total    1.7367 ± 0.0555  per-iter -  build 23.78  minflt 369  steal 0
path-65536.edges     wcc        grust              second iters    -  total    1.0727 ± 0.0538  per-iter -  build 23.78  minflt 262  steal 0
path-65536.edges     wcc        grust-next@counted first  iters    -  total    1.0837 ± 0.0251  per-iter -  build 22.08  minflt 264  steal 0
path-65536.edges     wcc        grust-next@counted second iters    -  total    1.0824 ± 0.0036  per-iter -  build 22.08  minflt 261  steal 0
path-65536.edges     wcc        grustcat                  iters    -  total    0.8534 ± 0.0045  per-iter -  build 113.31  minflt 129  steal 0
path-65536.edges     wcc        icebug                    iters    -  total    1.3206 ± 0.0184  per-iter -  build 7.14  minflt 138  steal 0
path-65536.edges     wcc        icecat                    iters    -  total    1.1892 ± 0.0107  per-iter -  build 4.40  minflt 258  steal 0
path-65536.edges     wcc        neo4j-graph               iters    -  total    2.5966 ± 0.1515  per-iter -  build 4.70  minflt 428  steal 0
uniform-16384.edges  bfs        grust              first  iters    -  total    1.7513 ± 0.0057  per-iter -  build 19.58  minflt 68  steal 0
uniform-16384.edges  bfs        grust              second iters    -  total    1.8334 ± 0.0068  per-iter -  build 19.58  minflt 32  steal 0
uniform-16384.edges  bfs        grust-next@counted first  iters    -  total    2.0730 ± 0.0252  per-iter -  build 11.57  minflt 65  steal 0
uniform-16384.edges  bfs        grust-next@counted second iters    -  total    1.6428 ± 0.0230  per-iter -  build 11.57  minflt 65  steal 0
uniform-16384.edges  bfs        grustcat                  iters    -  total    0.8858 ± 0.0253  per-iter -  build 91.07  minflt 0  steal 0
uniform-16384.edges  bfs        icebug                    iters    -  total    2.0957 ± 0.0649  per-iter -  build 9.83  minflt 57  steal 0
uniform-16384.edges  bfs        icecat                    iters    -  total    0.9700 ± 0.0124  per-iter -  build 7.24  minflt 99  steal 0
uniform-16384.edges  pagerank   grust              first  iters   16  total    6.4216 ± 0.1258  per-iter 0.4013  build 20.31  minflt 537  steal 0
uniform-16384.edges  pagerank   grust              second iters   16  total    3.5963 ± 0.0430  per-iter 0.2248  build 20.31  minflt 99  steal 0
uniform-16384.edges  pagerank   grust-next@counted first  iters   16  total    3.6997 ± 0.1298  per-iter 0.2312  build 13.40  minflt 136  steal 0
uniform-16384.edges  pagerank   grust-next@counted second iters   16  total    3.5845 ± 0.0193  per-iter 0.2240  build 13.40  minflt 132  steal 0
uniform-16384.edges  pagerank   grustcat                  iters   16  total    6.9672 ± 0.0022  per-iter 0.4355  build 93.55  minflt 33  steal 0
uniform-16384.edges  pagerank   icebug                    iters   12  total    3.0142 ± 0.0145  per-iter 0.2512  build 9.86  minflt 201  steal 0
uniform-16384.edges  pagerank   icecat                    iters   16  total    8.3155 ± 0.0507  per-iter 0.5197  build 7.34  minflt 230  steal 0
uniform-16384.edges  pagerank   neo4j-graph               iters   28  total   10.6234 ± 0.0972  per-iter 0.3794  build 4.61  minflt 60  steal 0
uniform-16384.edges  triangles  grust              first  iters    -  total    8.6977 ± 0.0071  per-iter -  build 23.49  minflt 556  steal 0
uniform-16384.edges  triangles  grust              second iters    -  total    7.7696 ± 0.0323  per-iter -  build 23.49  minflt 456  steal 0
uniform-16384.edges  triangles  grust-next@counted first  iters    -  total    7.8813 ± 0.0208  per-iter -  build 11.40  minflt 455  steal 0
uniform-16384.edges  triangles  grust-next@counted second iters    -  total    7.5133 ± 0.0380  per-iter -  build 11.40  minflt 455  steal 0
uniform-16384.edges  triangles  neo4j-graph               iters    -  total    1.2889 ± 0.0094  per-iter -  build 4.65  minflt 55  steal 0
uniform-16384.edges  wcc        grust              first  iters    -  total    1.5334 ± 0.0103  per-iter -  build 19.11  minflt 177  steal 0
uniform-16384.edges  wcc        grust              second iters    -  total    0.8386 ± 0.0133  per-iter -  build 19.11  minflt 70  steal 0
uniform-16384.edges  wcc        grust-next@counted first  iters    -  total    0.9036 ± 0.0362  per-iter -  build 11.56  minflt 68  steal 0
uniform-16384.edges  wcc        grust-next@counted second iters    -  total    0.8454 ± 0.0252  per-iter -  build 11.56  minflt 67  steal 0
uniform-16384.edges  wcc        grustcat                  iters    -  total    0.7537 ± 0.0053  per-iter -  build 91.57  minflt 0  steal 0
uniform-16384.edges  wcc        icebug                    iters    -  total    2.8658 ± 0.0607  per-iter -  build 9.84  minflt 68  steal 0
uniform-16384.edges  wcc        icecat                    iters    -  total    1.0958 ± 0.0036  per-iter -  build 6.61  minflt 66  steal 0
uniform-16384.edges  wcc        neo4j-graph               iters    -  total    1.3110 ± 0.0055  per-iter -  build 4.73  minflt 111  steal 0
uniform-65536.edges  bfs        grust              first  iters    -  total    5.0074 ± 0.0362  per-iter -  build 106.85  minflt 560  steal 0
uniform-65536.edges  bfs        grust              second iters    -  total    4.1316 ± 0.0904  per-iter -  build 106.85  minflt 414  steal 0
uniform-65536.edges  bfs        grust-next@counted first  iters    -  total    4.2532 ± 0.1048  per-iter -  build 39.72  minflt 433  steal 0
uniform-65536.edges  bfs        grust-next@counted second iters    -  total    3.9599 ± 0.0763  per-iter -  build 39.72  minflt 391  steal 0
uniform-65536.edges  bfs        grustcat                  iters    -  total    6.2432 ± 0.1118  per-iter -  build 503.24  minflt 0  steal 0
uniform-65536.edges  bfs        icebug                    iters    -  total   15.7132 ± 0.0954  per-iter -  build 66.57  minflt 216  steal 0
uniform-65536.edges  bfs        icecat                    iters    -  total    5.2314 ± 0.1168  per-iter -  build 21.33  minflt 387  steal 0
uniform-65536.edges  pagerank   grust              first  iters   16  total   17.7897 ± 0.5293  per-iter 1.1119  build 99.91  minflt 773  steal 0
uniform-65536.edges  pagerank   grust              second iters   16  total    9.3810 ± 0.3919  per-iter 0.5863  build 99.91  minflt 389  steal 0
uniform-65536.edges  pagerank   grust-next@counted first  iters   16  total    7.9739 ± 0.1398  per-iter 0.4984  build 45.87  minflt 532  steal 0
uniform-65536.edges  pagerank   grust-next@counted second iters   16  total    7.8097 ± 0.0644  per-iter 0.4881  build 45.87  minflt 519  steal 0
uniform-65536.edges  pagerank   grustcat                  iters   16  total   30.1571 ± 0.4500  per-iter 1.8848  build 480.12  minflt 0  steal 0
uniform-65536.edges  pagerank   icebug                    iters   11  total    8.1341 ± 0.2709  per-iter 0.7395  build 59.08  minflt 489  steal 0
uniform-65536.edges  pagerank   icecat                    iters   16  total   33.4297 ± 0.1156  per-iter 2.0894  build 20.65  minflt 902  steal 0
uniform-65536.edges  pagerank   neo4j-graph               iters   34  total   16.5628 ± 0.2387  per-iter 0.4871  build 15.72  minflt 172  steal 0
uniform-65536.edges  triangles  grust              first  iters    -  total   33.3651 ± 1.1955  per-iter -  build 163.50  minflt 883  steal 0
uniform-65536.edges  triangles  grust              second iters    -  total   31.2778 ± 0.2213  per-iter -  build 163.50  minflt 781  steal 0
uniform-65536.edges  triangles  grust-next@counted first  iters    -  total   30.3545 ± 0.0162  per-iter -  build 45.52  minflt 780  steal 0
uniform-65536.edges  triangles  grust-next@counted second iters    -  total   30.1738 ± 0.0579  per-iter -  build 45.52  minflt 780  steal 0
uniform-65536.edges  triangles  neo4j-graph               iters    -  total    4.0752 ± 0.1324  per-iter -  build 15.92  minflt 54  steal 0
uniform-65536.edges  wcc        grust              first  iters    -  total    3.3133 ± 0.2027  per-iter -  build 106.01  minflt 371  steal 0
uniform-65536.edges  wcc        grust              second iters    -  total    2.4626 ± 0.1681  per-iter -  build 106.01  minflt 262  steal 0
uniform-65536.edges  wcc        grust-next@counted first  iters    -  total    2.4404 ± 0.0492  per-iter -  build 39.86  minflt 264  steal 0
uniform-65536.edges  wcc        grust-next@counted second iters    -  total    2.4758 ± 0.0959  per-iter -  build 39.86  minflt 260  steal 0
uniform-65536.edges  wcc        grustcat                  iters    -  total    3.1109 ± 0.0129  per-iter -  build 488.60  minflt 0  steal 0
uniform-65536.edges  wcc        icebug                    iters    -  total   25.9188 ± 0.3201  per-iter -  build 61.93  minflt 244  steal 0
uniform-65536.edges  wcc        icecat                    iters    -  total    4.4866 ± 0.0211  per-iter -  build 20.67  minflt 259  steal 0
uniform-65536.edges  wcc        neo4j-graph               iters    -  total    3.6550 ± 0.1903  per-iter -  build 15.69  minflt 417  steal 0
pinned-full-width: clean, 86.4s, steal 0 ticks, 0 sightings
steal over the run: 10 ticks
120 timed samples in 2331.5s -> /work/timed/large-one-thread.json
hub-2097152.edges    pagerank   grust#1                         first  iters   16  total 6581.1099 ± 71.4560  per-iter 411.3194  build 4089.66  minflt 3142  steal 5
hub-2097152.edges    pagerank   grust#1                         second iters   16  total 5802.0312 ± 38.3873  per-iter 362.6270  build 4089.66  minflt 0  steal 5
hub-2097152.edges    pagerank   grust#unset                     first  iters   16  total 17228.5953 ± 33.9011  per-iter 1076.7872  build 4104.10  minflt 2595  steal 5
hub-2097152.edges    pagerank   grust#unset                     second iters   16  total 17246.7169 ± 220.6263  per-iter 1077.9198  build 4104.10  minflt 519  steal 5
hub-2097152.edges    pagerank   grust-next@counted#1            first  iters   16  total 3859.9605 ± 2.7519  per-iter 241.2475  build 2290.40  minflt 1559  steal 5
hub-2097152.edges    pagerank   grust-next@counted#1            second iters   16  total 3812.7251 ± 101.1379  per-iter 238.2953  build 2290.40  minflt 517  steal 5
hub-2097152.edges    pagerank   grust-next@counted#unset        first  iters   16  total 7310.9013 ± 133.0182  per-iter 456.9313  build 1923.44  minflt 2595  steal 5
hub-2097152.edges    pagerank   grust-next@counted#unset        second iters   16  total 7378.8049 ± 66.9275  per-iter 461.1753  build 1923.44  minflt 519  steal 5
hub-2097152.edges    pagerank   grust-next@unchecked#1          first  iters   16  total 3522.5225 ± 66.7284  per-iter 220.1577  build 2030.08  minflt 1559  steal 5
hub-2097152.edges    pagerank   grust-next@unchecked#1          second iters   16  total 3547.8214 ± 51.4595  per-iter 221.7388  build 2030.08  minflt 517  steal 5
hub-2097152.edges    pagerank   grust-next@unchecked#unset      first  iters   16  total 5925.8110 ± 42.8468  per-iter 370.3632  build 1424.42  minflt 2595  steal 5
hub-2097152.edges    pagerank   grust-next@unchecked#unset      second iters   16  total 5894.2679 ± 109.6277  per-iter 368.3917  build 1424.42  minflt 519  steal 5
hub-2097152.edges    pagerank   grust-next@work-uncounted#1     first  iters   16  total 3658.7577 ± 72.1179  per-iter 228.6724  build 2060.04  minflt 1559  steal 5
hub-2097152.edges    pagerank   grust-next@work-uncounted#1     second iters   16  total 3657.4902 ± 87.7382  per-iter 228.5931  build 2060.04  minflt 517  steal 5
hub-2097152.edges    pagerank   grust-next@work-uncounted#unset first  iters   16  total 5932.3352 ± 97.0773  per-iter 370.7710  build 1457.88  minflt 2595  steal 5
hub-2097152.edges    pagerank   grust-next@work-uncounted#unset second iters   16  total 6014.2224 ± 58.2607  per-iter 375.8889  build 1457.88  minflt 519  steal 5
hub-2097152.edges    pagerank   grustcat                               iters   16  total 3310.9530 ± 24.3206  per-iter 206.9346  build 20336.71  minflt 6625  steal 5
hub-2097152.edges    pagerank   icebug                                 iters   10  total 5183.1610 ± 63.7812  per-iter 518.3161  build 3628.08  minflt 1569  steal 5
hub-2097152.edges    pagerank   icecat                                 iters   16  total 3050.7191 ± 95.9189  per-iter 190.6699  build 601.16  minflt 10704  steal 5
hub-2097152.edges    pagerank   neo4j-graph                            iters   26  total 2799.3084 ± 14.7812  per-iter 107.6657  build 3696.16  minflt 1040  steal 5
uniform-2097152.edges pagerank   grust#1                         first  iters   16  total 6999.1830 ± 112.7946  per-iter 437.4489  build 4088.92  minflt 2659  steal 5
uniform-2097152.edges pagerank   grust#1                         second iters   16  total 6164.1640 ± 55.8623  per-iter 385.2603  build 4088.92  minflt 0  steal 5
uniform-2097152.edges pagerank   grust#unset                     first  iters   16  total 17040.9046 ± 206.4253  per-iter 1065.0565  build 4061.65  minflt 2595  steal 5
uniform-2097152.edges pagerank   grust#unset                     second iters   16  total 17070.9303 ± 105.8440  per-iter 1066.9331  build 4061.65  minflt 519  steal 5
uniform-2097152.edges pagerank   grust-next@counted#1            first  iters   16  total 3821.9380 ± 99.4105  per-iter 238.8711  build 2231.97  minflt 1559  steal 5
uniform-2097152.edges pagerank   grust-next@counted#1            second iters   16  total 3797.8602 ± 144.2903  per-iter 237.3663  build 2231.97  minflt 517  steal 5
uniform-2097152.edges pagerank   grust-next@counted#unset        first  iters   16  total 6961.8783 ± 126.4189  per-iter 435.1174  build 1911.22  minflt 2595  steal 5
uniform-2097152.edges pagerank   grust-next@counted#unset        second iters   16  total 7023.5011 ± 278.9881  per-iter 438.9688  build 1911.22  minflt 519  steal 5
uniform-2097152.edges pagerank   grust-next@unchecked#1          first  iters   16  total 3610.5100 ± 272.0631  per-iter 225.6569  build 2006.67  minflt 1559  steal 5
uniform-2097152.edges pagerank   grust-next@unchecked#1          second iters   16  total 3615.8133 ± 71.8342  per-iter 225.9883  build 2006.67  minflt 517  steal 5
uniform-2097152.edges pagerank   grust-next@unchecked#unset      first  iters   16  total 5656.0989 ± 147.6439  per-iter 353.5062  build 1418.61  minflt 2595  steal 5
uniform-2097152.edges pagerank   grust-next@unchecked#unset      second iters   16  total 5693.0980 ± 108.5223  per-iter 355.8186  build 1418.61  minflt 519  steal 5
uniform-2097152.edges pagerank   grust-next@work-uncounted#1     first  iters   16  total 3781.6596 ± 156.4263  per-iter 236.3537  build 2005.28  minflt 1559  steal 5
uniform-2097152.edges pagerank   grust-next@work-uncounted#1     second iters   16  total 3630.6964 ± 335.7171  per-iter 226.9185  build 2005.28  minflt 517  steal 5
uniform-2097152.edges pagerank   grust-next@work-uncounted#unset first  iters   16  total 5649.1769 ± 291.5724  per-iter 353.0736  build 1433.02  minflt 2595  steal 5
uniform-2097152.edges pagerank   grust-next@work-uncounted#unset second iters   16  total 5756.6547 ± 230.3366  per-iter 359.7909  build 1433.02  minflt 519  steal 5
uniform-2097152.edges pagerank   grustcat                               iters   16  total 3836.2225 ± 12.1747  per-iter 239.7639  build 22929.62  minflt 1  steal 5
uniform-2097152.edges pagerank   icebug                                 iters   10  total 5312.4505 ± 138.1100  per-iter 531.2451  build 3288.96  minflt 1573  steal 5
uniform-2097152.edges pagerank   icecat                                 iters   16  total 3081.5796 ± 62.0863  per-iter 192.5987  build 600.56  minflt 10704  steal 5
uniform-2097152.edges pagerank   neo4j-graph                            iters   26  total 2743.3172 ± 60.2368  per-iter 105.5122  build 3690.72  minflt 1038  steal 5
large-one-thread: clean, 2334.2s, steal 10 ticks, 0 sightings
steal over the run: 3 ticks
80 timed samples in 812.4s -> /work/timed/large-full-width.json
hub-2097152.edges    pagerank   grust                     first  iters   16  total 1385.3396 ± 22.9316  per-iter 86.5837  build 4110.23  minflt 3308  steal 2
hub-2097152.edges    pagerank   grust                     second iters   16  total  584.9474 ± 5.3649  per-iter 36.5592  build 4110.23  minflt 14  steal 2
hub-2097152.edges    pagerank   grust-next@counted        first  iters   16  total  278.4560 ± 2.1196  per-iter 17.4035  build 1692.12  minflt 1625  steal 2
hub-2097152.edges    pagerank   grust-next@counted        second iters   16  total  263.1197 ± 22.0967  per-iter 16.4450  build 1692.12  minflt 2054  steal 2
hub-2097152.edges    pagerank   grust-next@unchecked      first  iters   16  total  240.6185 ± 1.8541  per-iter 15.0387  build 1439.30  minflt 1622  steal 2
hub-2097152.edges    pagerank   grust-next@unchecked      second iters   16  total  286.4282 ± 16.3896  per-iter 17.9018  build 1439.30  minflt 2054  steal 2
hub-2097152.edges    pagerank   grust-next@work-uncounted first  iters   16  total  256.3598 ± 16.4748  per-iter 16.0225  build 1458.02  minflt 1625  steal 2
hub-2097152.edges    pagerank   grust-next@work-uncounted second iters   16  total  273.4853 ± 14.6894  per-iter 17.0928  build 1458.02  minflt 2055  steal 2
hub-2097152.edges    pagerank   grustcat                         iters   16  total 3292.0343 ± 63.3137  per-iter 205.7521  build 20510.65  minflt 6625  steal 2
hub-2097152.edges    pagerank   icebug                           iters   10  total  518.7156 ± 7.0888  per-iter 51.8716  build 3624.16  minflt 1659  steal 2
hub-2097152.edges    pagerank   icecat                           iters   16  total 3147.4491 ± 26.3961  per-iter 196.7156  build 605.64  minflt 10704  steal 2
hub-2097152.edges    pagerank   neo4j-graph                      iters   28  total  277.2464 ± 1.9744  per-iter 9.9017  build 463.79  minflt 1112  steal 2
uniform-2097152.edges pagerank   grust                     first  iters   16  total 1375.9118 ± 31.9380  per-iter 85.9945  build 4136.32  minflt 2828  steal 1
uniform-2097152.edges pagerank   grust                     second iters   16  total  614.9152 ± 11.2308  per-iter 38.4322  build 4136.32  minflt 12  steal 1
uniform-2097152.edges pagerank   grust-next@counted        first  iters   16  total  275.1724 ± 3.4702  per-iter 17.1983  build 1699.25  minflt 1626  steal 1
uniform-2097152.edges pagerank   grust-next@counted        second iters   16  total  274.6599 ± 18.4129  per-iter 17.1662  build 1699.25  minflt 2053  steal 1
uniform-2097152.edges pagerank   grust-next@unchecked      first  iters   16  total  250.9191 ± 5.4310  per-iter 15.6824  build 1445.28  minflt 1626  steal 1
uniform-2097152.edges pagerank   grust-next@unchecked      second iters   16  total  251.2334 ± 8.1729  per-iter 15.7021  build 1445.28  minflt 2053  steal 1
uniform-2097152.edges pagerank   grust-next@work-uncounted first  iters   16  total  258.6299 ± 15.6056  per-iter 16.1644  build 1457.46  minflt 1625  steal 1
uniform-2097152.edges pagerank   grust-next@work-uncounted second iters   16  total  253.5653 ± 6.5001  per-iter 15.8478  build 1457.46  minflt 2055  steal 1
uniform-2097152.edges pagerank   grustcat                         iters   16  total 3850.6266 ± 43.4156  per-iter 240.6642  build 23195.37  minflt 0  steal 1
uniform-2097152.edges pagerank   icebug                           iters   10  total  555.1146 ± 28.8712  per-iter 55.5115  build 3306.78  minflt 1660  steal 1
uniform-2097152.edges pagerank   icecat                           iters   16  total 3121.8234 ± 32.9154  per-iter 195.1140  build 598.48  minflt 10705  steal 1
uniform-2097152.edges pagerank   neo4j-graph                      iters   28  total  283.9952 ± 3.7201  per-iter 10.1427  build 464.31  minflt 1110  steal 1
large-full-width: clean, 815.1s, steal 3 ticks, 0 sightings
steal over the run: 21 ticks
120 timed samples in 5128.8s -> /work/timed/xlarge-one-thread.json
hub-4194304.edges    pagerank   grust#1                         first  iters   16  total 14778.2341 ± 100.4984  per-iter 923.6396  build 8254.67  minflt 3227  steal 11
hub-4194304.edges    pagerank   grust#1                         second iters   16  total 13074.0107 ± 130.0053  per-iter 817.1257  build 8254.67  minflt 1584  steal 11
hub-4194304.edges    pagerank   grust#unset                     first  iters   16  total 35911.2912 ± 191.9303  per-iter 2244.4557  build 8232.86  minflt 2640  steal 11
hub-4194304.edges    pagerank   grust#unset                     second iters   16  total 35862.5045 ± 212.0749  per-iter 2241.4065  build 8232.86  minflt 2640  steal 11
hub-4194304.edges    pagerank   grust-next@counted#1            first  iters   16  total 8695.9332 ± 24.3879  per-iter 543.4958  build 4727.68  minflt 2112  steal 11
hub-4194304.edges    pagerank   grust-next@counted#1            second iters   16  total 8709.3811 ± 18.3849  per-iter 544.3363  build 4727.68  minflt 2112  steal 11
hub-4194304.edges    pagerank   grust-next@counted#unset        first  iters   16  total 15647.7134 ± 133.8770  per-iter 977.9821  build 3880.24  minflt 2640  steal 11
hub-4194304.edges    pagerank   grust-next@counted#unset        second iters   16  total 15597.0240 ± 106.2486  per-iter 974.8140  build 3880.24  minflt 2640  steal 11
hub-4194304.edges    pagerank   grust-next@unchecked#1          first  iters   16  total 8058.3753 ± 69.0924  per-iter 503.6485  build 4197.08  minflt 2112  steal 11
hub-4194304.edges    pagerank   grust-next@unchecked#1          second iters   16  total 8057.1043 ± 87.8472  per-iter 503.5690  build 4197.08  minflt 2112  steal 11
hub-4194304.edges    pagerank   grust-next@unchecked#unset      first  iters   16  total 12983.5810 ± 130.9809  per-iter 811.4738  build 2895.15  minflt 2640  steal 11
hub-4194304.edges    pagerank   grust-next@unchecked#unset      second iters   16  total 13001.5295 ± 160.0463  per-iter 812.5956  build 2895.15  minflt 2640  steal 11
hub-4194304.edges    pagerank   grust-next@work-uncounted#1     first  iters   16  total 8472.4288 ± 101.7140  per-iter 529.5268  build 4281.78  minflt 2112  steal 11
hub-4194304.edges    pagerank   grust-next@work-uncounted#1     second iters   16  total 8411.7303 ± 44.5562  per-iter 525.7331  build 4281.78  minflt 2112  steal 11
hub-4194304.edges    pagerank   grust-next@work-uncounted#unset first  iters   16  total 13012.9301 ± 35.0641  per-iter 813.3081  build 2940.24  minflt 2640  steal 11
hub-4194304.edges    pagerank   grust-next@work-uncounted#unset second iters   16  total 13045.4090 ± 28.7946  per-iter 815.3381  build 2940.24  minflt 2640  steal 11
hub-4194304.edges    pagerank   grustcat                               iters   16  total 7348.9997 ± 45.7566  per-iter 459.3125  build 46257.51  minflt 10832  steal 11
hub-4194304.edges    pagerank   icebug                                 iters   10  total 11825.6672 ± 206.4617  per-iter 1182.5667  build 7636.23  minflt 1597  steal 11
hub-4194304.edges    pagerank   icecat                                 iters   16  total 7064.3563 ± 28.8753  per-iter 441.5223  build 1191.87  minflt 19024  steal 11
hub-4194304.edges    pagerank   neo4j-graph                            iters   23  total 6991.5278 ± 176.5892  per-iter 303.9795  build 7715.62  minflt 1045  steal 11
uniform-4194304.edges pagerank   grust#1                         first  iters   16  total 15671.3792 ± 112.8793  per-iter 979.4612  build 8205.82  minflt 2261  steal 10
uniform-4194304.edges pagerank   grust#1                         second iters   16  total 14150.9946 ± 74.5804  per-iter 884.4372  build 8205.82  minflt 1073  steal 10
uniform-4194304.edges pagerank   grust#unset                     first  iters   16  total 35726.6868 ± 89.2120  per-iter 2232.9179  build 8344.81  minflt 2129  steal 10
uniform-4194304.edges pagerank   grust#unset                     second iters   16  total 35547.3399 ± 61.7507  per-iter 2221.7087  build 8344.81  minflt 2129  steal 10
uniform-4194304.edges pagerank   grust-next@counted#1            first  iters   16  total 9001.3800 ± 40.2324  per-iter 562.5862  build 4715.27  minflt 2112  steal 10
uniform-4194304.edges pagerank   grust-next@counted#1            second iters   16  total 8987.6937 ± 46.4352  per-iter 561.7309  build 4715.27  minflt 2112  steal 10
uniform-4194304.edges pagerank   grust-next@counted#unset        first  iters   16  total 15124.7117 ± 144.4746  per-iter 945.2945  build 3910.66  minflt 2129  steal 10
uniform-4194304.edges pagerank   grust-next@counted#unset        second iters   16  total 15050.2190 ± 172.9317  per-iter 940.6387  build 3910.66  minflt 2129  steal 10
uniform-4194304.edges pagerank   grust-next@unchecked#1          first  iters   16  total 8452.5803 ± 44.0646  per-iter 528.2863  build 4243.43  minflt 2112  steal 10
uniform-4194304.edges pagerank   grust-next@unchecked#1          second iters   16  total 8523.0788 ± 70.7906  per-iter 532.6924  build 4243.43  minflt 2112  steal 10
uniform-4194304.edges pagerank   grust-next@unchecked#unset      first  iters   16  total 12418.8044 ± 121.3871  per-iter 776.1753  build 2930.69  minflt 2129  steal 10
uniform-4194304.edges pagerank   grust-next@unchecked#unset      second iters   16  total 12369.0306 ± 54.0608  per-iter 773.0644  build 2930.69  minflt 2129  steal 10
uniform-4194304.edges pagerank   grust-next@work-uncounted#1     first  iters   16  total 8836.7840 ± 54.0509  per-iter 552.2990  build 4315.40  minflt 2112  steal 10
uniform-4194304.edges pagerank   grust-next@work-uncounted#1     second iters   16  total 8817.6523 ± 22.2412  per-iter 551.1033  build 4315.40  minflt 2112  steal 10
uniform-4194304.edges pagerank   grust-next@work-uncounted#unset first  iters   16  total 12422.1287 ± 13.6934  per-iter 776.3830  build 2947.30  minflt 2129  steal 10
uniform-4194304.edges pagerank   grust-next@work-uncounted#unset second iters   16  total 12466.8574 ± 64.7372  per-iter 779.1786  build 2947.30  minflt 2129  steal 10
uniform-4194304.edges pagerank   grustcat                               iters   16  total 8617.9300 ± 93.5365  per-iter 538.6206  build 48358.32  minflt 17  steal 10
uniform-4194304.edges pagerank   icebug                                 iters    9  total 11464.3292 ± 235.6763  per-iter 1273.8144  build 7094.76  minflt 1592  steal 10
uniform-4194304.edges pagerank   icecat                                 iters   16  total 7517.1853 ± 19.7920  per-iter 469.8241  build 1197.98  minflt 18513  steal 10
uniform-4194304.edges pagerank   neo4j-graph                            iters   29  total 9137.7080 ± 260.5385  per-iter 315.0934  build 7653.94  minflt 1046  steal 10
xlarge-one-thread: clean, 5131.5s, steal 21 ticks, 0 sightings
steal over the run: 7 ticks
80 timed samples in 1693.3s -> /work/timed/xlarge-full-width.json
hub-4194304.edges    pagerank   grust                     first  iters   16  total 3136.1477 ± 52.8448  per-iter 196.0092  build 8238.19  minflt 3448  steal 3
hub-4194304.edges    pagerank   grust                     second iters   16  total 1455.2534 ± 24.8596  per-iter 90.9533  build 8238.19  minflt 1602  steal 3
hub-4194304.edges    pagerank   grust-next@counted        first  iters   16  total  792.7263 ± 38.4595  per-iter 49.5454  build 3463.73  minflt 1707  steal 3
hub-4194304.edges    pagerank   grust-next@counted        second iters   16  total  815.8189 ± 16.5742  per-iter 50.9887  build 3463.73  minflt 1619  steal 3
hub-4194304.edges    pagerank   grust-next@unchecked      first  iters   16  total  749.1990 ± 27.7272  per-iter 46.8249  build 2971.26  minflt 1207  steal 3
hub-4194304.edges    pagerank   grust-next@unchecked      second iters   16  total  766.8234 ± 24.5260  per-iter 47.9265  build 2971.26  minflt 1117  steal 3
hub-4194304.edges    pagerank   grust-next@work-uncounted first  iters   16  total  772.1095 ± 41.0416  per-iter 48.2568  build 2961.44  minflt 1703  steal 3
hub-4194304.edges    pagerank   grust-next@work-uncounted second iters   16  total  784.2619 ± 16.7763  per-iter 49.0164  build 2961.44  minflt 1621  steal 3
hub-4194304.edges    pagerank   grustcat                         iters   16  total 7494.9941 ± 66.6905  per-iter 468.4371  build 46252.42  minflt 10832  steal 3
hub-4194304.edges    pagerank   icebug                           iters   10  total 1192.3369 ± 5.1362  per-iter 119.2337  build 7732.37  minflt 1686  steal 3
hub-4194304.edges    pagerank   icecat                           iters   16  total 6956.0189 ± 125.0649  per-iter 434.7512  build 1217.44  minflt 19025  steal 3
hub-4194304.edges    pagerank   neo4j-graph                      iters   19  total  416.4875 ± 0.5771  per-iter 21.9204  build 985.01  minflt 1123  steal 3
uniform-4194304.edges pagerank   grust                     first  iters   16  total 3272.9184 ± 23.7839  per-iter 204.5574  build 8340.10  minflt 2482  steal 4
uniform-4194304.edges pagerank   grust                     second iters   16  total 1630.5472 ± 1.2276  per-iter 101.9092  build 8340.10  minflt 1094  steal 4
uniform-4194304.edges pagerank   grust-next@counted        first  iters   16  total  871.0954 ± 9.4468  per-iter 54.4435  build 3533.60  minflt 1196  steal 4
uniform-4194304.edges pagerank   grust-next@counted        second iters   16  total  880.3297 ± 12.0452  per-iter 55.0206  build 3533.60  minflt 1110  steal 4
uniform-4194304.edges pagerank   grust-next@unchecked      first  iters   16  total  857.5889 ± 15.7639  per-iter 53.5993  build 3031.82  minflt 1200  steal 4
uniform-4194304.edges pagerank   grust-next@unchecked      second iters   16  total  853.9727 ± 4.3745  per-iter 53.3733  build 3031.82  minflt 1110  steal 4
uniform-4194304.edges pagerank   grust-next@work-uncounted first  iters   16  total  877.3997 ± 3.1184  per-iter 54.8375  build 3012.88  minflt 1199  steal 4
uniform-4194304.edges pagerank   grust-next@work-uncounted second iters   16  total  874.0110 ± 7.1246  per-iter 54.6257  build 3012.88  minflt 1111  steal 4
uniform-4194304.edges pagerank   grustcat                         iters   16  total 8827.1231 ± 59.5742  per-iter 551.6952  build 48526.24  minflt 17  steal 4
uniform-4194304.edges pagerank   icebug                           iters    9  total 1186.8722 ± 12.1661  per-iter 131.8747  build 7147.06  minflt 1690  steal 4
uniform-4194304.edges pagerank   icecat                           iters   16  total 7546.9674 ± 59.7776  per-iter 471.6855  build 1225.62  minflt 18513  steal 4
uniform-4194304.edges pagerank   neo4j-graph                      iters   29  total  651.0951 ± 26.6955  per-iter 22.4516  build 994.75  minflt 1129  steal 4
xlarge-full-width: clean, 1696.0s, steal 7 ticks, 0 sightings
CAMPAIGN-END 2026-09-22T18:07:22Z
